game_id,team,passer_id,dropbacks,qb_epa,interceptions,passer
2010_01_ARI_STL,ARI,00-0023645,44,6.440229185365919,0.0,D.Anderson
2010_01_ARI_STL,LA,00-0027854,56,-13.97284927125952,3.0,S.Bradford
2010_01_ATL_PIT,ATL,00-0026143,1,0.04296990903094411,0.0,M.Ryan
2010_01_ATL_PIT,PIT,00-0026296,31,-2.50207806901215,1.0,D.Dixon
2010_01_BAL_NYJ,BAL,00-0026158,40,-4.803872444259058,1.0,J.Flacco
2010_01_BAL_NYJ,NYJ,00-0026898,24,-13.483732374427461,0.0,M.Sanchez
2010_01_CAR_NYG,CAR,00-0025708,39,-13.14906381104764,3.0,M.Moore
2010_01_CAR_NYG,CAR,00-0027659,2,-0.8051010967465118,0.0,J.Clausen
2010_01_CAR_NYG,NYG,00-0022803,31,4.480918600344129,3.0,E.Manning
2010_01_CIN_NE,CIN,00-0021429,52,5.987336837689552,1.0,C.Palmer
2010_01_CIN_NE,NE,00-0019596,35,14.195225434351425,0.0,T.Brady
2010_01_CLE_TB,CLE,00-0004161,36,-8.734500900940429,2.0,J.Delhomme
2010_01_CLE_TB,CLE,00-0023176,1,1.1014882414601743,0.0,J.Cribbs
2010_01_CLE_TB,TB,00-0026993,33,-3.2654324512396133,1.0,J.Freeman
2010_01_DAL_WAS,DAL,00-0021678,48,4.500299421133963,0.0,T.Romo
2010_01_DAL_WAS,DAL,00-0023544,1,-0.4234890757361427,0.0,M.Barber
2010_01_DAL_WAS,WAS,00-0011022,34,-2.8380375927043433,0.0,D.McNabb
2010_01_DEN_JAX,DEN,00-0023541,38,8.92232142227162,1.0,K.Orton
2010_01_DEN_JAX,JAX,00-0021231,24,7.494188936915796,0.0,D.Garrard
2010_01_DET_CHI,CHI,00-0024226,44,7.228121070550858,1.0,J.Cutler
2010_01_DET_CHI,DET,00-0020679,19,-7.689197319967207,1.0,S.Hill
2010_01_DET_CHI,DET,00-0026498,16,2.012692289077677,0.0,M.Stafford
2010_01_GB_PHI,GB,00-0023459,35,1.8645129057695158,2.0,A.Rodgers
2010_01_GB_PHI,PHI,00-0020245,31,10.986533306661112,0.0,M.Vick
2010_01_GB_PHI,PHI,00-0025423,13,-8.28574268182274,0.0,K.Kolb
2010_01_IND_HOU,HOU,00-0022787,19,-3.911857888081336,1.0,M.Schaub
2010_01_IND_HOU,IND,00-0010346,59,18.79652908023487,0.0,P.Manning
2010_01_MIA_BUF,BUF,00-0025479,39,-8.206428153627929,0.0,T.Edwards
2010_01_MIA_BUF,MIA,00-0026197,38,0.14562311999078048,0.0,C.Henne
2010_01_MIN_NO,MIN,00-0005106,28,-4.680712351637901,1.0,B.Favre
2010_01_MIN_NO,NO,00-0020531,37,1.133938805445918,0.0,D.Brees
2010_01_OAK_TEN,LV,00-0023460,44,-6.199006229760073,1.0,J.Campbell
2010_01_OAK_TEN,LV,00-0025486,1,-0.39391914708539844,0.0,J.Higgins
2010_01_OAK_TEN,TEN,00-0024218,20,3.820852460084197,0.0,V.Young
2010_01_SD_KC,KC,00-0023662,22,-8.492300206184154,0.0,M.Cassel
2010_01_SD_KC,LAC,00-0022942,42,8.00237664458109,0.0,P.Rivers
2010_01_SF_SEA,SEA,00-0007091,26,6.659550565353129,1.0,M.Hasselbeck
2010_01_SF_SEA,SF,00-0023436,47,-13.740914990846615,2.0,A.Smith
2010_02_ARI_ATL,ARI,00-0023645,33,-11.805888406855576,2.0,D.Anderson
2010_02_ARI_ATL,ARI,00-0027347,2,-6.29804934526328,1.0,M.Hall
2010_02_ARI_ATL,ATL,00-0026143,35,10.737361935909217,0.0,M.Ryan
2010_02_BAL_CIN,BAL,00-0026158,42,-19.28399407793554,4.0,J.Flacco
2010_02_BAL_CIN,CIN,00-0021429,37,-3.316940092909173,0.0,C.Palmer
2010_02_BUF_GB,BUF,00-0025479,22,-16.44632700260263,2.0,T.Edwards
2010_02_BUF_GB,GB,00-0023459,29,12.223756040807906,0.0,A.Rodgers
2010_02_CHI_DAL,CHI,00-0024226,30,11.225165479735535,0.0,J.Cutler
2010_02_CHI_DAL,DAL,00-0021678,51,4.126489880716863,2.0,T.Romo
2010_02_HOU_WAS,HOU,00-0022787,57,19.7053575211879,1.0,M.Schaub
2010_02_HOU_WAS,WAS,00-0011022,41,17.703845275838148,0.0,D.McNabb
2010_02_JAX_SD,JAX,00-0021231,25,-0.0033661308391117473,4.0,D.Garrard
2010_02_JAX_SD,JAX,00-0022864,20,-3.7764277022797614,0.0,L.McCown
2010_02_JAX_SD,LAC,00-0022942,30,17.35620233062788,2.0,P.Rivers
2010_02_KC_CLE,CLE,00-0022055,33,-4.4471616053427,1.0,S.Wallace
2010_02_KC_CLE,KC,00-0023662,31,1.3074813978413036,2.0,M.Cassel
2010_02_MIA_MIN,MIA,00-0026197,18,-0.7407891284674406,0.0,C.Henne
2010_02_MIA_MIN,MIN,00-0005106,39,-14.454709649848144,3.0,B.Favre
2010_02_NE_NYJ,NE,00-0019596,37,2.107158744125627,2.0,T.Brady
2010_02_NE_NYJ,NYJ,00-0026898,35,9.907331433228842,0.0,M.Sanchez
2010_02_NO_SF,NO,00-0020531,39,9.871651029394549,0.0,D.Brees
2010_02_NO_SF,SF,00-0023436,35,4.493558192698518,2.0,A.Smith
2010_02_NYG_IND,IND,00-0010346,27,16.582215484580956,0.0,P.Manning
2010_02_NYG_IND,NYG,00-0022803,29,-11.255692748527508,1.0,E.Manning
2010_02_PHI_DET,DET,00-0020679,49,6.36456970095062,2.0,S.Hill
2010_02_PHI_DET,PHI,00-0020245,42,7.620595688757021,0.0,M.Vick
2010_02_PIT_TEN,PIT,00-0000865,13,-10.005162295436538,0.0,C.Batch
2010_02_PIT_TEN,PIT,00-0026296,9,-5.3920678364811465,0.0,D.Dixon
2010_02_PIT_TEN,TEN,00-0003292,27,1.6028945351573638,1.0,K.Collins
2010_02_PIT_TEN,TEN,00-0024218,14,-16.692667930048945,2.0,V.Young
2010_02_SEA_DEN,DEN,00-0023541,36,23.204930367140594,0.0,K.Orton
2010_02_SEA_DEN,SEA,00-0007091,37,4.650270351674408,3.0,M.Hasselbeck
2010_02_STL_OAK,LA,00-0027854,28,0.007592611914230218,1.0,S.Bradford
2010_02_STL_OAK,LV,00-0023460,19,1.516071222509944,1.0,J.Campbell
2010_02_STL_OAK,LV,00-0024408,22,3.980252979427781,1.0,B.Gradkowski
2010_02_TB_CAR,CAR,00-0025708,20,-6.424322277249303,1.0,M.Moore
2010_02_TB_CAR,CAR,00-0027659,13,0.531323415460065,1.0,J.Clausen
2010_02_TB_CAR,TB,00-0023968,1,-0.4862305470742285,0.0,M.Spurlock
2010_02_TB_CAR,TB,00-0026993,27,9.432517939835261,0.0,J.Freeman
2010_03_ATL_NO,ATL,00-0026143,36,13.692360294575337,0.0,M.Ryan
2010_03_ATL_NO,NO,00-0020531,39,8.682920073618074,2.0,D.Brees
2010_03_BUF_NE,BUF,00-0023682,32,7.913500219244613,2.0,R.Fitzpatrick
2010_03_BUF_NE,NE,00-0019596,29,14.840221479412467,0.0,T.Brady
2010_03_CIN_CAR,CAR,00-0027659,37,-4.657415713882074,1.0,J.Clausen
2010_03_CIN_CAR,CIN,00-0021429,39,-10.230393505037199,2.0,C.Palmer
2010_03_CLE_BAL,BAL,00-0022084,1,-1.0459226823877543,0.0,A.Boldin
2010_03_CLE_BAL,BAL,00-0026158,31,15.369742219701399,0.0,J.Flacco
2010_03_CLE_BAL,CLE,00-0022055,26,3.0737579371370325,0.0,S.Wallace
2010_03_DAL_HOU,DAL,00-0021678,30,16.087282073752633,0.0,T.Romo
2010_03_DAL_HOU,HOU,00-0022787,36,2.1441189429616956,2.0,M.Schaub
2010_03_DET_MIN,DET,00-0020679,45,-5.594090747474732,2.0,S.Hill
2010_03_DET_MIN,MIN,00-0005106,36,-9.561745082609704,2.0,B.Favre
2010_03_GB_CHI,CHI,00-0024226,32,3.512342966636177,1.0,J.Cutler
2010_03_GB_CHI,GB,00-0023459,47,19.838702528698825,1.0,A.Rodgers
2010_03_IND_DEN,DEN,00-0023541,59,7.779387758347115,1.0,K.Orton
2010_03_IND_DEN,IND,00-0010346,43,18.555707565450973,0.0,P.Manning
2010_03_NYJ_MIA,MIA,00-0023437,1,-0.48180763982236385,0.0,R.Brown
2010_03_NYJ_MIA,MIA,00-0026197,47,8.516351111509387,1.0,C.Henne
2010_03_NYJ_MIA,NYJ,00-0026898,27,14.23309206002159,0.0,M.Sanchez
2010_03_OAK_ARI,ARI,00-0023645,28,-6.2204012266369055,1.0,D.Anderson
2010_03_OAK_ARI,LV,00-0024408,40,-1.4822661553450514,1.0,B.Gradkowski
2010_03_PHI_JAX,JAX,00-0021231,41,-20.562912232515032,1.0,D.Garrard
2010_03_PHI_JAX,PHI,00-0020245,35,12.688764683902264,0.0,M.Vick
2010_03_PIT_TB,PIT,00-0000865,17,11.022868455913699,2.0,C.Batch
2010_03_PIT_TB,TB,00-0026300,8,3.1387237478629686,0.0,J.Johnson
2010_03_PIT_TB,TB,00-0026993,37,-12.750565946279607,1.0,J.Freeman
2010_03_SD_SEA,LAC,00-0022942,58,15.710274581653856,2.0,P.Rivers
2010_03_SD_SEA,SEA,00-0007091,35,4.073917225472561,1.0,M.Hasselbeck
2010_03_SF_KC,KC,00-0023662,28,7.635430094124741,1.0,M.Cassel
2010_03_SF_KC,SF,00-0023436,47,-6.760152421405628,1.0,A.Smith
2010_03_TEN_NYG,NYG,00-0022803,50,-5.547078982421252,2.0,E.Manning
2010_03_TEN_NYG,TEN,00-0024218,18,6.515282433613234,0.0,V.Young
2010_03_WAS_STL,LA,00-0027854,38,2.9827017490940255,1.0,S.Bradford
2010_03_WAS_STL,WAS,00-0011022,33,-0.9382638890115311,1.0,D.McNabb
2010_04_ARI_SD,ARI,00-0023645,17,-11.218742069671862,2.0,D.Anderson
2010_04_ARI_SD,ARI,00-0027347,20,-13.135202121524369,0.0,M.Hall
2010_04_ARI_SD,LAC,00-0019041,1,1.0138069773092866,0.0,B.Volek
2010_04_ARI_SD,LAC,00-0022942,21,15.197034363673602,0.0,P.Rivers
2010_04_BAL_PIT,BAL,00-0026158,38,5.980948162262878,1.0,J.Flacco
2010_04_BAL_PIT,PIT,00-0000865,24,-0.8674402115101989,1.0,C.Batch
2010_04_CAR_NO,CAR,00-0027659,26,1.0661601964384317,0.0,J.Clausen
2010_04_CAR_NO,NO,00-0020531,50,7.201533362200622,0.0,D.Brees
2010_04_CHI_NYG,CHI,00-0003315,11,-5.359248243748335,1.0,T.Collins
2010_04_CHI_NYG,CHI,00-0024226,20,-19.054885485908017,1.0,J.Cutler
2010_04_CHI_NYG,CHI,00-0025970,1,-1.5752176866517402,0.0,C.Hanie
2010_04_CHI_NYG,NYG,00-0022803,32,-5.915395674100438,0.0,E.Manning
2010_04_CIN_CLE,CIN,00-0021429,40,12.795343515109678,0.0,C.Palmer
2010_04_CIN_CLE,CLE,00-0022055,33,0.4154638891761171,1.0,S.Wallace
2010_04_DEN_TEN,DEN,00-0023541,57,-0.2568875323245332,1.0,K.Orton
2010_04_DEN_TEN,TEN,00-0024218,31,2.9790774973095933,0.0,V.Young
2010_04_DET_GB,DET,00-0020679,59,7.189809758323093,2.0,S.Hill
2010_04_DET_GB,GB,00-0023459,19,5.895360644557513,2.0,A.Rodgers
2010_04_HOU_OAK,HOU,00-0022787,28,8.857868163548234,0.0,M.Schaub
2010_04_HOU_OAK,LV,00-0024408,44,-3.8926444234355833,2.0,B.Gradkowski
2010_04_IND_JAX,IND,00-0010346,47,17.022868439555168,1.0,P.Manning
2010_04_IND_JAX,JAX,00-0021231,23,9.956886773914121,0.0,D.Garrard
2010_04_NE_MIA,MIA,00-0025604,6,-3.7417815271764994,1.0,T.Thigpen
2010_04_NE_MIA,MIA,00-0026197,41,-2.566006170772763,3.0,C.Henne
2010_04_NE_MIA,NE,00-0019596,27,2.7142994310566984,0.0,T.Brady
2010_04_NYJ_BUF,BUF,00-0023682,33,-11.429551052453462,0.0,R.Fitzpatrick
2010_04_NYJ_BUF,NYJ,00-0002110,1,1.0913846902549267,0.0,M.Brunell
2010_04_NYJ_BUF,NYJ,00-0024318,1,2.5236153271980584,0.0,B.Smith
2010_04_NYJ_BUF,NYJ,00-0026898,24,6.440102880605904,0.0,M.Sanchez
2010_04_SEA_STL,LA,00-0027854,45,-4.8172987130911675,1.0,S.Bradford
2010_04_SEA_STL,SEA,00-0007091,41,-19.395069447105126,1.0,M.Hasselbeck
2010_04_SEA_STL,SEA,00-0024315,1,2.117123174946755,0.0,M.Robinson
2010_04_SF_ATL,ATL,00-0026143,49,-1.8500126327916657,2.0,M.Ryan
2010_04_SF_ATL,SF,00-0023436,32,-7.2483231195947155,2.0,A.Smith
2010_04_WAS_PHI,PHI,00-0020245,8,0.09246759524103254,0.0,M.Vick
2010_04_WAS_PHI,PHI,00-0025423,38,4.697608560434475,1.0,K.Kolb
2010_04_WAS_PHI,WAS,00-0011022,23,2.083411503011736,1.0,D.McNabb
2010_05_ATL_CLE,ATL,00-0026143,31,2.6018104916731524,0.0,M.Ryan
2010_05_ATL_CLE,CLE,00-0004161,24,-12.608026164816692,2.0,J.Delhomme
2010_05_ATL_CLE,CLE,00-0022055,17,5.422625780920498,0.0,S.Wallace
2010_05_ATL_CLE,CLE,00-0023176,1,0.6611996544525027,0.0,J.Cribbs
2010_05_CHI_CAR,CAR,00-0025708,9,-4.818482007191051,2.0,M.Moore
2010_05_CHI_CAR,CAR,00-0027659,27,-20.80831132974224,1.0,J.Clausen
2010_05_CHI_CAR,CHI,00-0003315,18,-20.088496210977098,4.0,T.Collins
2010_05_CHI_CAR,CHI,00-0025970,4,-0.9891180900740437,0.0,C.Hanie
2010_05_DEN_BAL,BAL,00-0026158,27,5.241367855819879,0.0,J.Flacco
2010_05_DEN_BAL,DEN,00-0023541,39,13.014960473950953,0.0,K.Orton
2010_05_GB_WAS,GB,00-0023459,52,-2.76843492978231,1.0,A.Rodgers
2010_05_GB_WAS,WAS,00-0011022,54,-2.807785234184516,1.0,D.McNabb
2010_05_JAX_BUF,BUF,00-0023682,35,0.18910732655693752,0.0,R.Fitzpatrick
2010_05_JAX_BUF,JAX,00-0021231,24,10.5778023088514,1.0,D.Garrard
2010_05_KC_IND,IND,00-0010346,45,0.4526536182695824,1.0,P.Manning
2010_05_KC_IND,KC,00-0023662,31,-2.390562548100298,0.0,M.Cassel
2010_05_MIN_NYJ,MIN,00-0005106,40,4.954769799878821,1.0,B.Favre
2010_05_MIN_NYJ,NYJ,00-0026898,45,-10.809183339867603,0.0,M.Sanchez
2010_05_NO_ARI,ARI,00-0023645,2,-0.39125690318178385,0.0,D.Anderson
2010_05_NO_ARI,ARI,00-0027347,31,-0.532811302386687,1.0,M.Hall
2010_05_NO_ARI,NO,00-0020531,41,-4.20908484457618,3.0,D.Brees
2010_05_NYG_HOU,HOU,00-0022787,37,-16.118759064222925,1.0,M.Schaub
2010_05_NYG_HOU,NYG,00-0022803,44,8.689827752820289,2.0,E.Manning
2010_05_PHI_SF,PHI,00-0025423,36,4.048778860584871,0.0,K.Kolb
2010_05_PHI_SF,SF,00-0023436,43,7.463023236184313,2.0,A.Smith
2010_05_SD_OAK,LAC,00-0022942,46,9.375761166231637,0.0,P.Rivers
2010_05_SD_OAK,LV,00-0023460,23,8.113139861936578,0.0,J.Campbell
2010_05_SD_OAK,LV,00-0024408,7,-6.794027438588498,0.0,B.Gradkowski
2010_05_STL_DET,DET,00-0020679,35,9.843744006460915,0.0,S.Hill
2010_05_STL_DET,DET,00-0025430,1,-0.7612661158200353,0.0,D.Stanton
2010_05_STL_DET,DET,00-0027880,1,-0.39375825342722237,0.0,J.Best
2010_05_STL_DET,LA,00-0027854,46,-19.561035509438906,2.0,S.Bradford
2010_05_TB_CIN,CIN,00-0021429,36,-8.922922001607967,3.0,C.Palmer
2010_05_TB_CIN,TB,00-0026300,2,-2.165176843991503,0.0,J.Johnson
2010_05_TB_CIN,TB,00-0026993,38,10.505806371274275,1.0,J.Freeman
2010_05_TEN_DAL,DAL,00-0021678,53,2.0582774341364,3.0,T.Romo
2010_05_TEN_DAL,TEN,00-0024218,30,3.9045053280362496,0.0,V.Young
2010_06_ATL_PHI,ATL,00-0026143,46,-1.9371145186771894,1.0,M.Ryan
2010_06_ATL_PHI,PHI,00-0025423,30,14.103201724249415,1.0,K.Kolb
2010_06_BAL_NE,BAL,00-0026158,38,7.911292241397697,0.0,J.Flacco
2010_06_BAL_NE,NE,00-0019596,47,-1.3868182093091912,2.0,T.Brady
2010_06_CLE_PIT,CLE,00-0027688,42,-2.415102817207238,2.0,C.McCoy
2010_06_CLE_PIT,PIT,00-0022924,28,10.965091151592787,1.0,B.Roethlisberger
2010_06_DAL_MIN,DAL,00-0021678,34,2.322730451269308,2.0,T.Romo
2010_06_DAL_MIN,MIN,00-0005106,22,-2.336737977534739,0.0,B.Favre
2010_06_DET_NYG,DET,00-0020679,15,3.484174594108481,0.0,S.Hill
2010_06_DET_NYG,DET,00-0025430,37,0.8222924262075468,1.0,D.Stanton
2010_06_DET_NYG,NYG,00-0022803,32,1.8539220825769007,0.0,E.Manning
2010_06_IND_WAS,IND,00-0010346,39,11.930347273739638,0.0,P.Manning
2010_06_IND_WAS,WAS,00-0011022,48,-1.5972764063386524,2.0,D.McNabb
2010_06_KC_HOU,HOU,00-0022787,36,14.867692919564433,0.0,M.Schaub
2010_06_KC_HOU,KC,00-0023662,30,16.627269062835623,0.0,M.Cassel
2010_06_MIA_GB,GB,00-0023459,40,3.3529025862107424,1.0,A.Rodgers
2010_06_MIA_GB,MIA,00-0026197,39,7.44532785564661,1.0,C.Henne
2010_06_NO_TB,NO,00-0020531,32,16.780640637398676,1.0,D.Brees
2010_06_NO_TB,TB,00-0026300,6,-1.3980946355150081,0.0,J.Johnson
2010_06_NO_TB,TB,00-0026993,45,9.121651531447675,0.0,J.Freeman
2010_06_NYJ_DEN,DEN,00-0023541,37,5.053467468939305,0.0,K.Orton
2010_06_NYJ_DEN,NYJ,00-0026898,32,-1.9162363029426999,2.0,M.Sanchez
2010_06_OAK_SF,LV,00-0023460,28,-11.568827238411588,2.0,J.Campbell
2010_06_OAK_SF,SF,00-0023436,34,-0.01876627476369741,0.0,A.Smith
2010_06_SD_STL,LA,00-0027854,36,1.6152938755814028,0.0,S.Bradford
2010_06_SD_STL,LAC,00-0022942,44,-4.971200060011961,1.0,P.Rivers
2010_06_SEA_CHI,CHI,00-0024226,47,-8.43184875952963,0.0,J.Cutler
2010_06_SEA_CHI,SEA,00-0007091,40,2.9470177934272215,0.0,M.Hasselbeck
2010_06_TEN_JAX,JAX,00-0021231,12,-5.452586949104443,1.0,D.Garrard
2010_06_TEN_JAX,JAX,00-0025479,29,-6.613742020613798,2.0,T.Edwards
2010_06_TEN_JAX,TEN,00-0003292,16,9.27027941057478,0.0,K.Collins
2010_06_TEN_JAX,TEN,00-0024218,5,5.908363898633979,0.0,V.Young
2010_07_ARI_SEA,ARI,00-0023645,17,-0.34904138006742036,0.0,D.Anderson
2010_07_ARI_SEA,ARI,00-0027347,18,-15.217463375942316,1.0,M.Hall
2010_07_ARI_SEA,SEA,00-0007091,43,-4.357172110326507,0.0,M.Hasselbeck
2010_07_BUF_BAL,BAL,00-0026158,33,8.195196446217894,0.0,J.Flacco
2010_07_BUF_BAL,BUF,00-0023682,46,17.443123647081254,2.0,R.Fitzpatrick
2010_07_CIN_ATL,ATL,00-0026143,35,14.789005282136584,1.0,M.Ryan
2010_07_CIN_ATL,CIN,00-0021429,54,20.416681203747004,0.0,C.Palmer
2010_07_CLE_NO,CLE,00-0026367,1,2.0051880184328184,0.0,P.Hillis
2010_07_CLE_NO,CLE,00-0027688,17,-7.707924360589816,0.0,C.McCoy
2010_07_CLE_NO,NO,00-0020531,59,-9.099507605363604,4.0,D.Brees
2010_07_JAX_KC,JAX,00-0001545,36,-5.150072832227618,2.0,T.Bouman
2010_07_JAX_KC,KC,00-0023662,19,13.810981271788478,0.0,M.Cassel
2010_07_MIN_GB,GB,00-0023459,36,7.544021398411132,2.0,A.Rodgers
2010_07_MIN_GB,GB,00-0026349,1,-2.16575244278647,0.0,M.Flynn
2010_07_MIN_GB,MIN,00-0005106,30,-7.622276045735834,3.0,B.Favre
2010_07_NE_SD,LAC,00-0022942,53,13.502865566966747,1.0,P.Rivers
2010_07_NE_SD,NE,00-0019596,36,-4.018142590497405,0.0,T.Brady
2010_07_NYG_DAL,DAL,00-0009311,37,-6.77992246027877,0.0,J.Kitna
2010_07_NYG_DAL,DAL,00-0021678,7,0.16411790004249704,0.0,T.Romo
2010_07_NYG_DAL,NYG,00-0022803,36,8.302713215642143,3.0,E.Manning
2010_07_OAK_DEN,DEN,00-0023541,35,-20.852593945979606,1.0,K.Orton
2010_07_OAK_DEN,LV,00-0022164,1,-1.6190805553924292,0.0,K.Boller
2010_07_OAK_DEN,LV,00-0023460,23,15.423854946534536,0.0,J.Campbell
2010_07_PHI_TEN,PHI,00-0025423,48,-6.551233233676829,2.0,K.Kolb
2010_07_PHI_TEN,TEN,00-0003292,34,2.1563387516168278,2.0,K.Collins
2010_07_PIT_MIA,MIA,00-0026197,37,3.7861446054540986,0.0,C.Henne
2010_07_PIT_MIA,PIT,00-0022924,31,13.34315584523829,0.0,B.Roethlisberger
2010_07_SF_CAR,CAR,00-0025708,43,4.091142832210373,1.0,M.Moore
2010_07_SF_CAR,SF,00-0020608,13,-5.544498358345749,1.0,D.Carr
2010_07_SF_CAR,SF,00-0023436,20,1.2638374840756965,0.0,A.Smith
2010_07_STL_TB,LA,00-0027854,28,-1.3858786129961755,0.0,S.Bradford
2010_07_STL_TB,TB,00-0026993,47,4.362963746967477,0.0,J.Freeman
2010_07_WAS_CHI,CHI,00-0024226,44,-15.859090897865826,4.0,J.Cutler
2010_07_WAS_CHI,WAS,00-0011022,35,-12.452889817711537,2.0,D.McNabb
2010_08_BUF_KC,BUF,00-0023682,57,0.08577869423537399,1.0,R.Fitzpatrick
2010_08_BUF_KC,KC,00-0023662,29,-2.9397176205702453,0.0,M.Cassel
2010_08_CAR_STL,CAR,00-0025708,41,-9.981623302154135,3.0,M.Moore
2010_08_CAR_STL,LA,00-0027854,36,5.520194257441736,0.0,S.Bradford
2010_08_DEN_SF,DEN,00-0023541,46,9.925608118107178,1.0,K.Orton
2010_08_DEN_SF,SF,00-0025561,20,12.659370978395925,0.0,T.Smith
2010_08_GB_NYJ,GB,00-0023459,37,-4.131962777843823,0.0,A.Rodgers
2010_08_GB_NYJ,NYJ,00-0026898,41,-7.831218191243145,2.0,M.Sanchez
2010_08_HOU_IND,HOU,00-0022787,39,-15.552602116814253,1.0,M.Schaub
2010_08_HOU_IND,IND,00-0010346,47,11.03643806328376,0.0,P.Manning
2010_08_JAX_DAL,DAL,00-0009311,53,1.4158480876824253,4.0,J.Kitna
2010_08_JAX_DAL,JAX,00-0021231,24,18.888034342729952,0.0,D.Garrard
2010_08_MIA_CIN,CIN,00-0021429,40,-5.216414908063598,1.0,C.Palmer
2010_08_MIA_CIN,MIA,00-0026197,37,1.8215736471100898,1.0,C.Henne
2010_08_MIN_NE,MIN,00-0005106,32,2.8142106402796854,1.0,B.Favre
2010_08_MIN_NE,MIN,00-0024279,9,2.2267178445328026,0.0,T.Jackson
2010_08_MIN_NE,NE,00-0019596,27,10.505955315718893,0.0,T.Brady
2010_08_PIT_NO,NO,00-0020531,46,6.647538132907357,1.0,D.Brees
2010_08_PIT_NO,PIT,00-0022924,29,-2.3220266288773765,1.0,B.Roethlisberger
2010_08_SEA_OAK,LV,00-0023460,31,14.338284595218564,0.0,J.Campbell
2010_08_SEA_OAK,SEA,00-0007091,40,-11.548077652077577,1.0,M.Hasselbeck
2010_08_TB_ARI,ARI,00-0023645,25,-2.5707742154190782,2.0,D.Anderson
2010_08_TB_ARI,ARI,00-0027347,16,-14.593176095222589,2.0,M.Hall
2010_08_TB_ARI,TB,00-0026993,28,8.80062811979229,0.0,J.Freeman
2010_08_TEN_SD,LAC,00-0022942,38,17.833553630624614,1.0,P.Rivers
2010_08_TEN_SD,TEN,00-0003292,15,-3.724863490089774,0.0,K.Collins
2010_08_TEN_SD,TEN,00-0024218,23,11.850238276691616,0.0,V.Young
2010_08_WAS_DET,DET,00-0026498,47,-3.188591241123155,1.0,M.Stafford
2010_08_WAS_DET,WAS,00-0011022,41,-11.128382067433217,1.0,D.McNabb
2010_08_WAS_DET,WAS,00-0022121,8,-8.845899290870875,0.0,R.Grossman
2010_09_ARI_MIN,ARI,00-0023645,34,0.29166752914416794,0.0,D.Anderson
2010_09_ARI_MIN,ARI,00-0025529,1,1.1283554701367393,0.0,S.Breaston
2010_09_ARI_MIN,MIN,00-0005106,50,12.746937572315801,2.0,B.Favre
2010_09_CHI_BUF,BUF,00-0023682,53,3.7772256260504946,2.0,R.Fitzpatrick
2010_09_CHI_BUF,CHI,00-0024226,35,13.709630945704983,0.0,J.Cutler
2010_09_DAL_GB,DAL,00-0009311,34,-10.13070618925849,2.0,J.Kitna
2010_09_DAL_GB,GB,00-0023459,38,21.85356161819775,0.0,A.Rodgers
2010_09_DAL_GB,GB,00-0026349,1,-1.2622808017767966,0.0,M.Flynn
2010_09_IND_PHI,IND,00-0010346,54,4.649581308739094,2.0,P.Manning
2010_09_IND_PHI,PHI,00-0020245,38,11.507893547982373,0.0,M.Vick
2010_09_KC_OAK,KC,00-0023662,41,3.0042746906527853,1.0,M.Cassel
2010_09_KC_OAK,LV,00-0023460,36,-5.046994696072176,1.0,J.Campbell
2010_09_KC_OAK,LV,00-0026144,1,-0.4388239805120975,0.0,D.McFadden
2010_09_MIA_BAL,BAL,00-0024417,1,3.838324762880802,0.0,S.Koch
2010_09_MIA_BAL,BAL,00-0026158,33,14.206863305658505,0.0,J.Flacco
2010_09_MIA_BAL,MIA,00-0026197,40,-10.034092827292996,3.0,C.Henne
2010_09_NE_CLE,CLE,00-0027688,20,10.420258341336185,0.0,C.McCoy
2010_09_NE_CLE,NE,00-0019596,38,7.472231835999992,0.0,T.Brady
2010_09_NE_CLE,NE,00-0026625,2,-2.9406904433853924,1.0,B.Hoyer
2010_09_NO_CAR,CAR,00-0025708,7,-5.7468024518477785,0.0,M.Moore
2010_09_NO_CAR,CAR,00-0027659,21,-17.44626142596826,1.0,J.Clausen
2010_09_NO_CAR,CAR,00-0027801,5,-0.6417809908161871,0.0,T.Pike
2010_09_NO_CAR,NO,00-0020531,43,-0.0668012170439174,1.0,D.Brees
2010_09_NYG_SEA,NYG,00-0022803,32,23.481531685649152,0.0,E.Manning
2010_09_NYG_SEA,SEA,00-0024296,23,-10.802049631543923,2.0,C.Whitehurst
2010_09_NYJ_DET,DET,00-0025430,2,-1.1400156966410577,0.0,D.Stanton
2010_09_NYJ_DET,DET,00-0026498,40,2.5587809927528724,0.0,M.Stafford
2010_09_NYJ_DET,NYJ,00-0026898,39,6.686724382452667,1.0,M.Sanchez
2010_09_PIT_CIN,CIN,00-0021429,40,-1.7631482088351618,1.0,C.Palmer
2010_09_PIT_CIN,PIT,00-0021190,1,4.212947737891227,0.0,A.Randle El
2010_09_PIT_CIN,PIT,00-0022924,29,1.3204841895996475,1.0,B.Roethlisberger
2010_09_SD_HOU,HOU,00-0022787,34,2.70919668158544,1.0,M.Schaub
2010_09_SD_HOU,LAC,00-0022942,24,20.01763736840803,1.0,P.Rivers
2010_09_TB_ATL,ATL,00-0026143,37,12.841765955230638,0.0,M.Ryan
2010_09_TB_ATL,TB,00-0026993,25,9.853269486106,1.0,J.Freeman
2010_10_BAL_ATL,ATL,00-0026143,53,11.147777769045664,0.0,M.Ryan
2010_10_BAL_ATL,BAL,00-0026158,38,8.069964012131095,1.0,J.Flacco
2010_10_CAR_TB,CAR,00-0027659,34,2.8184520288068544,0.0,J.Clausen
2010_10_CAR_TB,TB,00-0026993,28,15.924401813954645,0.0,J.Freeman
2010_10_CIN_IND,CIN,00-0021429,42,-4.690964755103657,3.0,C.Palmer
2010_10_CIN_IND,IND,00-0010346,38,-1.2458270986155808,0.0,P.Manning
2010_10_DAL_NYG,DAL,00-0009311,24,18.204551177393327,1.0,J.Kitna
2010_10_DAL_NYG,NYG,00-0022803,50,-0.697168531244917,2.0,E.Manning
2010_10_DET_BUF,BUF,00-0023682,25,1.8978363010683097,0.0,R.Fitzpatrick
2010_10_DET_BUF,DET,00-0020679,53,2.952094566087419,1.0,S.Hill
2010_10_HOU_JAX,HOU,00-0022787,33,18.476553512476734,0.0,M.Schaub
2010_10_HOU_JAX,JAX,00-0021231,36,19.174588817379316,0.0,D.Garrard
2010_10_KC_DEN,DEN,00-0023541,33,20.63660218440291,0.0,K.Orton
2010_10_KC_DEN,DEN,00-0027876,1,1.353942037851084,0.0,T.Tebow
2010_10_KC_DEN,KC,00-0023662,60,10.605844938024097,0.0,M.Cassel
2010_10_MIN_CHI,CHI,00-0024226,39,6.820873210755069,2.0,J.Cutler
2010_10_MIN_CHI,MIN,00-0005106,32,-11.287166216001392,3.0,B.Favre
2010_10_NE_PIT,NE,00-0019596,44,19.941724676386627,0.0,T.Brady
2010_10_NE_PIT,PIT,00-0022924,54,-1.4416277108505504,1.0,B.Roethlisberger
2010_10_NYJ_CLE,CLE,00-0027688,36,7.024533547136426,0.0,C.McCoy
2010_10_NYJ_CLE,NYJ,00-0026898,48,10.5095732978396,1.0,M.Sanchez
2010_10_PHI_WAS,PHI,00-0020245,36,32.29993862199766,0.0,M.Vick
2010_10_PHI_WAS,WAS,00-0011022,33,-4.185250733193243,3.0,D.McNabb
2010_10_SEA_ARI,ARI,00-0023645,51,-11.804995553640648,1.0,D.Anderson
2010_10_SEA_ARI,SEA,00-0007091,35,19.145693162441166,0.0,M.Hasselbeck
2010_10_SEA_ARI,SEA,00-0024296,7,-3.848704863921739,1.0,C.Whitehurst
2010_10_STL_SF,LA,00-0027854,47,3.001823254029005,0.0,S.Bradford
2010_10_STL_SF,SF,00-0025561,36,6.44368130806652,0.0,T.Smith
2010_10_TEN_MIA,MIA,00-0019559,2,0.921495056245476,0.0,C.Pennington
2010_10_TEN_MIA,MIA,00-0024334,1,-0.9412520765326917,0.0,B.Marshall
2010_10_TEN_MIA,MIA,00-0025604,6,6.323057296568651,0.0,T.Thigpen
2010_10_TEN_MIA,MIA,00-0026197,31,3.538122898663689,1.0,C.Henne
2010_10_TEN_MIA,TEN,00-0003292,20,-6.403384730560523,0.0,K.Collins
2010_10_TEN_MIA,TEN,00-0024218,22,-0.8277114207157865,1.0,V.Young
2010_11_ARI_KC,ARI,00-0023645,48,4.316104159414995,0.0,D.Anderson
2010_11_ARI_KC,KC,00-0023662,24,9.580106351749706,0.0,M.Cassel
2010_11_ATL_STL,ATL,00-0026143,41,11.114269687788278,0.0,M.Ryan
2010_11_ATL_STL,LA,00-0027854,43,-4.082766754926253,1.0,S.Bradford
2010_11_BAL_CAR,BAL,00-0026158,36,9.022931064452312,0.0,J.Flacco
2010_11_BAL_CAR,CAR,00-0022101,31,-18.552411864932843,2.0,St. Pierre
2010_11_BUF_CIN,BUF,00-0023682,36,14.794737868476439,2.0,R.Fitzpatrick
2010_11_BUF_CIN,CIN,00-0021429,36,8.683402771134057,2.0,C.Palmer
2010_11_BUF_CIN,CIN,00-0025592,5,-0.8120608516037464,0.0,J.Palmer
2010_11_CHI_MIA,CHI,00-0024226,31,7.094074125622048,1.0,J.Cutler
2010_11_CHI_MIA,MIA,00-0025604,39,-15.843394341645762,1.0,T.Thigpen
2010_11_CLE_JAX,CLE,00-0027688,36,4.376960220627577,1.0,C.McCoy
2010_11_CLE_JAX,JAX,00-0021231,39,-6.184681165706074,3.0,D.Garrard
2010_11_CLE_JAX,JAX,00-0024275,1,-3.590977357234806,1.0,M.Jones-Drew
2010_11_DEN_SD,DEN,00-0023541,44,-7.052172175608575,1.0,K.Orton
2010_11_DEN_SD,LAC,00-0022017,1,4.481698259129189,0.0,M.Scifres
2010_11_DEN_SD,LAC,00-0022766,1,-0.6851646694121882,0.0,P.Crayton
2010_11_DEN_SD,LAC,00-0022942,26,15.799773418580985,1.0,P.Rivers
2010_11_DET_DAL,DAL,00-0009311,28,8.467807861015899,0.0,J.Kitna
2010_11_DET_DAL,DET,00-0020679,48,6.022894970010542,1.0,S.Hill
2010_11_GB_MIN,GB,00-0023459,37,16.95309561012511,0.0,A.Rodgers
2010_11_GB_MIN,GB,00-0026349,2,1.5090338194859214,0.0,M.Flynn
2010_11_GB_MIN,MIN,00-0005106,39,-12.803114078763727,1.0,B.Favre
2010_11_HOU_NYJ,HOU,00-0022787,35,6.385061394108368,0.0,M.Schaub
2010_11_HOU_NYJ,NYJ,00-0026898,42,8.760096583599303,1.0,M.Sanchez
2010_11_IND_NE,IND,00-0010346,52,18.461233621870633,3.0,P.Manning
2010_11_IND_NE,NE,00-0019596,26,11.551415158738367,0.0,T.Brady
2010_11_NYG_PHI,NYG,00-0022803,35,-2.4820253659595544,3.0,E.Manning
2010_11_NYG_PHI,PHI,00-0020245,48,-1.3360965489406333,0.0,M.Vick
2010_11_OAK_PIT,LV,00-0023460,23,-10.784490775011303,1.0,J.Campbell
2010_11_OAK_PIT,LV,00-0024408,27,-9.376934956177138,1.0,B.Gradkowski
2010_11_OAK_PIT,PIT,00-0022924,34,19.91753968509147,0.0,B.Roethlisberger
2010_11_SEA_NO,NO,00-0020531,43,21.855470558474227,2.0,D.Brees
2010_11_SEA_NO,SEA,00-0007091,44,19.24856562239737,0.0,M.Hasselbeck
2010_11_TB_SF,SF,00-0025561,42,-18.749217535660136,1.0,T.Smith
2010_11_TB_SF,TB,00-0023968,1,-2.7753618876449764,0.0,M.Spurlock
2010_11_TB_SF,TB,00-0026300,1,0.5149610005319118,0.0,J.Johnson
2010_11_TB_SF,TB,00-0026993,24,5.300609603752312,0.0,J.Freeman
2010_11_WAS_TEN,TEN,00-0024218,19,2.877288692915895,0.0,V.Young
2010_11_WAS_TEN,TEN,00-0027775,9,-6.444976307354665,1.0,R.Smith
2010_11_WAS_TEN,WAS,00-0011022,53,14.962631901932259,1.0,D.McNabb
2010_12_CAR_CLE,CAR,00-0027659,30,-2.382949078824934,1.0,J.Clausen
2010_12_CAR_CLE,CLE,00-0004161,37,-7.719842364487704,2.0,J.Delhomme
2010_12_CAR_CLE,CLE,00-0026367,1,-0.5406437015044503,0.0,P.Hillis
2010_12_CIN_NYJ,CIN,00-0020397,1,-0.5161897784564644,0.0,C.Ochocinco
2010_12_CIN_NYJ,CIN,00-0021429,42,-9.360197172965567,2.0,C.Palmer
2010_12_CIN_NYJ,NYJ,00-0026898,30,-6.613128204058583,1.0,M.Sanchez
2010_12_GB_ATL,ATL,00-0026143,30,7.405474551068494,0.0,M.Ryan
2010_12_GB_ATL,GB,00-0023459,43,20.92390873230761,0.0,A.Rodgers
2010_12_JAX_NYG,JAX,00-0021231,44,-3.0773997970300258,1.0,D.Garrard
2010_12_JAX_NYG,NYG,00-0022803,25,9.404652406670563,0.0,E.Manning
2010_12_KC_SEA,KC,00-0023662,35,18.966264460955113,0.0,M.Cassel
2010_12_KC_SEA,SEA,00-0007091,38,-10.71283962453057,2.0,M.Hasselbeck
2010_12_MIA_OAK,LV,00-0024408,33,-4.431761585622905,2.0,B.Gradkowski
2010_12_MIA_OAK,MIA,00-0026197,33,11.46527489150749,1.0,C.Henne
2010_12_MIN_WAS,MIN,00-0005106,27,4.0007365704550235,0.0,B.Favre
2010_12_MIN_WAS,WAS,00-0011022,41,-6.320499365100346,1.0,D.McNabb
2010_12_NE_DET,DET,00-0020679,50,-7.843076748169924,2.0,S.Hill
2010_12_NE_DET,NE,00-0019596,28,20.97070836824741,0.0,T.Brady
2010_12_NO_DAL,DAL,00-0009311,46,9.73883986100129,1.0,J.Kitna
2010_12_NO_DAL,NO,00-0020531,41,7.841876537191797,1.0,D.Brees
2010_12_PHI_CHI,CHI,00-0024226,28,17.99398884564502,0.0,J.Cutler
2010_12_PHI_CHI,PHI,00-0020245,53,5.315604850352459,1.0,M.Vick
2010_12_PIT_BUF,BUF,00-0023682,47,-0.41030062324708805,1.0,R.Fitzpatrick
2010_12_PIT_BUF,PIT,00-0022924,38,8.55247396748172,0.0,B.Roethlisberger
2010_12_SD_IND,IND,00-0010346,49,-15.176154863584088,4.0,P.Manning
2010_12_SD_IND,LAC,00-0022942,26,6.201754158725397,0.0,P.Rivers
2010_12_SF_ARI,ARI,00-0023645,36,-10.854041095414463,1.0,D.Anderson
2010_12_SF_ARI,SF,00-0025561,25,0.11808429812096399,1.0,T.Smith
2010_12_STL_DEN,DEN,00-0023541,45,12.38000586108663,0.0,K.Orton
2010_12_STL_DEN,LA,00-0027854,39,21.44954479401578,0.0,S.Bradford
2010_12_TB_BAL,BAL,00-0026158,39,0.5702239002405829,1.0,J.Flacco
2010_12_TB_BAL,TB,00-0026993,40,-4.07246689180041,0.0,J.Freeman
2010_12_TEN_HOU,HOU,00-0022787,37,-0.5481216914665641,0.0,M.Schaub
2010_12_TEN_HOU,TEN,00-0027775,32,-13.476676335034426,3.0,R.Smith
2010_13_ATL_TB,ATL,00-0026143,36,2.627743923221715,2.0,M.Ryan
2010_13_ATL_TB,TB,00-0021755,1,1.3158027259050868,0.0,E.Graham
2010_13_ATL_TB,TB,00-0026993,43,-1.6247883563867775,1.0,J.Freeman
2010_13_BUF_MIN,BUF,00-0023682,27,-6.006903452100232,1.0,R.Fitzpatrick
2010_13_BUF_MIN,MIN,00-0005106,1,-4.024246467743069,1.0,B.Favre
2010_13_BUF_MIN,MIN,00-0024279,25,-3.080652518501875,3.0,T.Jackson
2010_13_CAR_SEA,CAR,00-0027659,37,-11.825414332997752,1.0,J.Clausen
2010_13_CAR_SEA,SEA,00-0007091,32,-0.19364529677265807,2.0,M.Hasselbeck
2010_13_CAR_SEA,SEA,00-0024332,1,-1.3217918165028095,0.0,L.Washington
2010_13_CHI_DET,CHI,00-0024226,32,5.380599893038243,0.0,J.Cutler
2010_13_CHI_DET,DET,00-0025430,28,1.2225243512610304,0.0,D.Stanton
2010_13_CLE_MIA,CLE,00-0004161,36,-1.7204115583274215,0.0,J.Delhomme
2010_13_CLE_MIA,MIA,00-0026197,37,-9.03629477003708,3.0,C.Henne
2010_13_DAL_IND,DAL,00-0009311,30,8.71292104659804,0.0,J.Kitna
2010_13_DAL_IND,IND,00-0010346,48,0.7462670516688377,4.0,P.Manning
2010_13_DEN_KC,DEN,00-0023541,32,-15.281381196356811,0.0,K.Orton
2010_13_DEN_KC,KC,00-0023662,33,0.6132636215770617,0.0,M.Cassel
2010_13_HOU_PHI,HOU,00-0022787,38,7.991320839450435,1.0,M.Schaub
2010_13_HOU_PHI,PHI,00-0020245,40,20.890753505832894,1.0,M.Vick
2010_13_JAX_TEN,JAX,00-0021231,22,2.404374314020173,0.0,D.Garrard
2010_13_JAX_TEN,TEN,00-0003292,34,-7.919833175860987,2.0,K.Collins
2010_13_NO_CIN,CIN,00-0021429,37,8.293569363379206,0.0,C.Palmer
2010_13_NO_CIN,NO,00-0020531,31,12.52632680989947,1.0,D.Brees
2010_13_NYJ_NE,NE,00-0019596,32,20.76639306390546,0.0,T.Brady
2010_13_NYJ_NE,NYJ,00-0026898,36,-12.591001188978248,3.0,M.Sanchez
2010_13_OAK_SD,LAC,00-0022942,44,-1.2189098927635253,1.0,P.Rivers
2010_13_OAK_SD,LV,00-0023460,20,3.86597620107932,0.0,J.Campbell
2010_13_PIT_BAL,BAL,00-0026158,38,-1.6890335839562383,0.0,J.Flacco
2010_13_PIT_BAL,PIT,00-0022924,41,7.830090810605965,1.0,B.Roethlisberger
2010_13_SF_GB,GB,00-0023459,38,14.531892060274474,0.0,A.Rodgers
2010_13_SF_GB,SF,00-0025561,32,1.3128320170722163,1.0,T.Smith
2010_13_STL_ARI,ARI,00-0023645,21,-10.13024376319014,1.0,D.Anderson
2010_13_STL_ARI,ARI,00-0027347,5,-4.994227054528892,1.0,M.Hall
2010_13_STL_ARI,ARI,00-0027754,7,-1.8903705556876957,0.0,J.Skelton
2010_13_STL_ARI,LA,00-0027854,33,-0.46708274229179025,1.0,S.Bradford
2010_13_WAS_NYG,NYG,00-0022803,25,-4.897325403082339,1.0,E.Manning
2010_13_WAS_NYG,WAS,00-0011022,49,-5.275169190916971,2.0,D.McNabb
2010_14_ATL_CAR,ATL,00-0026143,38,3.122962803793788,1.0,M.Ryan
2010_14_ATL_CAR,CAR,00-0027659,29,-16.273378500811905,1.0,J.Clausen
2010_14_ATL_CAR,CAR,00-0027692,1,-1.4413492348976433,0.0,A.Edwards
2010_14_BAL_HOU,BAL,00-0026158,38,4.13997303659562,0.0,J.Flacco
2010_14_BAL_HOU,HOU,00-0022787,65,4.9542557835177545,2.0,M.Schaub
2010_14_CIN_PIT,CIN,00-0021429,35,-15.788045261404477,3.0,C.Palmer
2010_14_CIN_PIT,PIT,00-0022924,37,5.056958834618015,0.0,B.Roethlisberger
2010_14_CLE_BUF,BUF,00-0023682,27,-3.6141329770828916,0.0,R.Fitzpatrick
2010_14_CLE_BUF,CLE,00-0004161,21,-11.996224998821745,1.0,J.Delhomme
2010_14_DEN_ARI,ARI,00-0025529,1,-0.4929795986972749,0.0,S.Breaston
2010_14_DEN_ARI,ARI,00-0027754,38,-11.823129422349808,0.0,J.Skelton
2010_14_DEN_ARI,DEN,00-0023541,42,-25.987380784116176,3.0,K.Orton
2010_14_GB_DET,DET,00-0025430,24,-10.33998104871456,2.0,D.Stanton
2010_14_GB_DET,GB,00-0023459,15,-7.989465249702334,1.0,A.Rodgers
2010_14_GB_DET,GB,00-0026349,30,-2.3051596029112993,1.0,M.Flynn
2010_14_IND_TEN,IND,00-0010346,36,17.428253427534173,0.0,P.Manning
2010_14_IND_TEN,TEN,00-0003292,38,14.967735291604185,0.0,K.Collins
2010_14_KC_SD,KC,00-0024300,21,-14.31929085572483,0.0,B.Croyle
2010_14_KC_SD,KC,00-0024812,3,0.984822373080533,0.0,T.Palko
2010_14_KC_SD,LAC,00-0022942,28,12.31088634204132,1.0,P.Rivers
2010_14_MIA_NYJ,MIA,00-0023437,1,-0.7173167397268116,0.0,R.Brown
2010_14_MIA_NYJ,MIA,00-0026197,24,-14.552637873824253,0.0,C.Henne
2010_14_MIA_NYJ,NYJ,00-0026898,51,-16.16754058027864,1.0,M.Sanchez
2010_14_NE_CHI,CHI,00-0024226,30,-10.862303436966613,2.0,J.Cutler
2010_14_NE_CHI,NE,00-0019596,43,17.011755064574526,0.0,T.Brady
2010_14_NYG_MIN,MIN,00-0024279,35,-11.220161863987297,1.0,T.Jackson
2010_14_NYG_MIN,MIN,00-0027796,6,-3.2123109551612288,0.0,J.Webb
2010_14_NYG_MIN,NYG,00-0022803,37,-4.024186804832425,2.0,E.Manning
2010_14_OAK_JAX,JAX,00-0021231,25,1.643856889277231,1.0,D.Garrard
2010_14_OAK_JAX,LV,00-0022164,4,-2.9112180511001498,1.0,K.Boller
2010_14_OAK_JAX,LV,00-0023460,33,12.643150310090277,0.0,J.Campbell
2010_14_PHI_DAL,DAL,00-0009311,39,2.6494121396951757,2.0,J.Kitna
2010_14_PHI_DAL,PHI,00-0020245,29,2.5486330327160367,2.0,M.Vick
2010_14_SEA_SF,SEA,00-0007091,42,-13.857101661209754,4.0,M.Hasselbeck
2010_14_SEA_SF,SF,00-0023436,30,8.474582706316744,0.0,A.Smith
2010_14_STL_NO,LA,00-0027854,36,-15.180884915653616,2.0,S.Bradford
2010_14_STL_NO,NO,00-0020531,42,5.8550721561515715,2.0,D.Brees
2010_14_TB_WAS,TB,00-0026993,28,13.027000726727493,0.0,J.Freeman
2010_14_TB_WAS,WAS,00-0011022,37,8.02876636555211,0.0,D.McNabb
2010_15_ARI_CAR,ARI,00-0027754,38,-9.6554299560877,1.0,J.Skelton
2010_15_ARI_CAR,CAR,00-0027659,24,-1.4028640746650791,0.0,J.Clausen
2010_15_ATL_SEA,ATL,00-0026143,38,10.001039779506325,1.0,M.Ryan
2010_15_ATL_SEA,SEA,00-0007091,19,-14.912243138483,2.0,M.Hasselbeck
2010_15_ATL_SEA,SEA,00-0024296,21,-0.2775728154373356,0.0,C.Whitehurst
2010_15_BUF_MIA,BUF,00-0023682,31,8.820810398893498,1.0,R.Fitzpatrick
2010_15_BUF_MIA,MIA,00-0026197,47,3.5292292833003485,1.0,C.Henne
2010_15_CHI_MIN,CHI,00-0024226,25,6.2005235718487635,1.0,J.Cutler
2010_15_CHI_MIN,MIN,00-0005106,8,-2.45985637861304,1.0,B.Favre
2010_15_CHI_MIN,MIN,00-0027796,34,-11.075490200077184,2.0,J.Webb
2010_15_CLE_CIN,CIN,00-0021429,23,4.910083482542284,0.0,C.Palmer
2010_15_CLE_CIN,CLE,00-0027688,29,9.050382208428346,0.0,C.McCoy
2010_15_DEN_OAK,DEN,00-0027876,19,2.175639561493881,0.0,T.Tebow
2010_15_DEN_OAK,LV,00-0023460,28,4.628298312784553,2.0,J.Campbell
2010_15_DET_TB,DET,00-0025430,38,12.848222263063242,0.0,D.Stanton
2010_15_DET_TB,DET,00-0026491,1,-0.4139237580820918,0.0,S.Logan
2010_15_DET_TB,TB,00-0026300,1,-0.734159427229315,0.0,J.Johnson
2010_15_DET_TB,TB,00-0026993,37,11.992120057547748,0.0,J.Freeman
2010_15_GB_NE,GB,00-0026349,44,0.6607262266241172,1.0,M.Flynn
2010_15_GB_NE,NE,00-0019596,27,1.4164694495072752,0.0,T.Brady
2010_15_HOU_TEN,HOU,00-0022787,58,4.2955071297806136,1.0,M.Schaub
2010_15_HOU_TEN,TEN,00-0003292,27,11.256248534486994,1.0,K.Collins
2010_15_JAX_IND,IND,00-0010346,40,5.965226536239184,0.0,P.Manning
2010_15_JAX_IND,JAX,00-0021231,38,3.4523924684814347,1.0,D.Garrard
2010_15_KC_STL,KC,00-0023662,34,-1.2000389358863313,1.0,M.Cassel
2010_15_KC_STL,LA,00-0027854,47,-12.432439476989654,2.0,S.Bradford
2010_15_NO_BAL,BAL,00-0026158,23,4.38253184748804,0.0,J.Flacco
2010_15_NO_BAL,NO,00-0020531,49,1.3224316931331193,1.0,D.Brees
2010_15_NYJ_PIT,NYJ,00-0026898,31,2.950952798177987,0.0,M.Sanchez
2010_15_NYJ_PIT,PIT,00-0022924,46,4.067234865858357,0.0,B.Roethlisberger
2010_15_PHI_NYG,NYG,00-0022803,41,14.483009900433801,1.0,E.Manning
2010_15_PHI_NYG,PHI,00-0020245,45,6.288814019112426,1.0,M.Vick
2010_15_SF_SD,LAC,00-0022942,26,20.294135813011266,0.0,P.Rivers
2010_15_SF_SD,SF,00-0023436,36,-12.23227571893949,1.0,A.Smith
2010_15_WAS_DAL,DAL,00-0009311,40,12.322146102420726,0.0,J.Kitna
2010_15_WAS_DAL,WAS,00-0022121,49,6.684552063991083,2.0,R.Grossman
2010_16_BAL_CLE,BAL,00-0026158,22,4.682345469327218,1.0,J.Flacco
2010_16_BAL_CLE,CLE,00-0027026,1,2.909509580116719,0.0,M.Massaquoi
2010_16_BAL_CLE,CLE,00-0027688,33,-6.771082588122207,3.0,C.McCoy
2010_16_CAR_PIT,CAR,00-0027659,27,-14.484211837407202,1.0,J.Clausen
2010_16_CAR_PIT,PIT,00-0022924,34,8.976127257831262,0.0,B.Roethlisberger
2010_16_DAL_ARI,ARI,00-0027754,27,-0.38013352420638213,0.0,J.Skelton
2010_16_DAL_ARI,DAL,00-0009311,25,-12.328308400628709,2.0,J.Kitna
2010_16_DAL_ARI,DAL,00-0027071,21,1.0963228006266,0.0,S.McGee
2010_16_DET_MIA,DET,00-0020679,29,9.387919825358743,0.0,S.Hill
2010_16_DET_MIA,MIA,00-0026197,50,0.3436377563702848,2.0,C.Henne
2010_16_HOU_DEN,DEN,00-0027876,33,10.031599618246814,1.0,T.Tebow
2010_16_HOU_DEN,HOU,00-0022787,33,10.468524820425722,1.0,M.Schaub
2010_16_IND_OAK,IND,00-0010346,30,1.7859660017130334,2.0,P.Manning
2010_16_IND_OAK,LV,00-0023460,47,-10.19678209717923,0.0,J.Campbell
2010_16_MIN_PHI,MIN,00-0027796,31,5.145603398289252,0.0,J.Webb
2010_16_MIN_PHI,PHI,00-0020245,54,-12.656022648013336,1.0,M.Vick
2010_16_NE_BUF,BUF,00-0023682,41,-24.17138845674385,3.0,R.Fitzpatrick
2010_16_NE_BUF,NE,00-0019596,30,-0.3882695871310067,0.0,T.Brady
2010_16_NE_BUF,NE,00-0026625,1,-0.7426999032031745,0.0,B.Hoyer
2010_16_NO_ATL,ATL,00-0026143,32,-1.90977038431447,0.0,M.Ryan
2010_16_NO_ATL,NO,00-0020531,50,-3.4245075074494764,2.0,D.Brees
2010_16_NYG_GB,GB,00-0023459,41,27.82183324751736,0.0,A.Rodgers
2010_16_NYG_GB,NYG,00-0022803,35,1.4330798904102284,4.0,E.Manning
2010_16_NYJ_CHI,CHI,00-0024226,29,3.427864144296671,1.0,J.Cutler
2010_16_NYJ_CHI,NYJ,00-0024318,1,-0.47062100330367684,0.0,B.Smith
2010_16_NYJ_CHI,NYJ,00-0026898,37,9.650216873849182,1.0,M.Sanchez
2010_16_SD_CIN,CIN,00-0021429,21,24.708391269901767,0.0,C.Palmer
2010_16_SD_CIN,LAC,00-0022942,41,1.2020523987374392,1.0,P.Rivers
2010_16_SEA_TB,SEA,00-0007091,5,2.985092533461284,0.0,M.Hasselbeck
2010_16_SEA_TB,SEA,00-0024296,24,-3.927966245115269,0.0,C.Whitehurst
2010_16_SEA_TB,TB,00-0026300,2,0.2818975829286501,0.0,J.Johnson
2010_16_SEA_TB,TB,00-0026993,30,16.602339503791402,0.0,J.Freeman
2010_16_SF_STL,LA,00-0027854,38,0.9585545647147242,0.0,S.Bradford
2010_16_SF_STL,SF,00-0023436,15,-1.6066135700320237,0.0,A.Smith
2010_16_SF_STL,SF,00-0025561,23,-4.4374862301816,1.0,T.Smith
2010_16_TEN_KC,KC,00-0023662,37,18.63237517883258,0.0,M.Cassel
2010_16_TEN_KC,KC,00-0024300,2,-4.6064911945723,1.0,B.Croyle
2010_16_TEN_KC,TEN,00-0003292,40,-10.934071934665553,2.0,K.Collins
2010_16_WAS_JAX,JAX,00-0021231,43,-6.032204277876854,2.0,D.Garrard
2010_16_WAS_JAX,WAS,00-0022121,40,-8.862018228600267,1.0,R.Grossman
2010_17_ARI_SF,ARI,00-0025749,30,-15.771758897433756,1.0,R.Bartel
2010_17_ARI_SF,ARI,00-0027754,31,-14.251084664894734,1.0,J.Skelton
2010_17_ARI_SF,SF,00-0023436,31,6.399024827140054,0.0,A.Smith
2010_17_BUF_NYJ,BUF,00-0026196,26,-21.01931273774244,3.0,B.Brohm
2010_17_BUF_NYJ,BUF,00-0027804,3,-1.9870630371151492,1.0,L.Brown
2010_17_BUF_NYJ,NYJ,00-0002110,13,-1.8502120870980434,1.0,M.Brunell
2010_17_BUF_NYJ,NYJ,00-0024264,3,2.7374129313975573,0.0,K.Clemens
2010_17_BUF_NYJ,NYJ,00-0024318,1,-0.2741985447355546,0.0,B.Smith
2010_17_CAR_ATL,ATL,00-0019709,6,-3.054808806977235,0.0,C.Redman
2010_17_CAR_ATL,ATL,00-0026143,34,10.711383998826438,0.0,M.Ryan
2010_17_CAR_ATL,CAR,00-0027659,36,-8.96424372978101,1.0,J.Clausen
2010_17_CAR_ATL,CAR,00-0027681,1,-2.1532553212018684,0.0,B.LaFell
2010_17_CHI_GB,CHI,00-0024226,47,-19.889644692082136,2.0,J.Cutler
2010_17_CHI_GB,GB,00-0023459,34,-2.88758838143517,1.0,A.Rodgers
2010_17_CIN_BAL,BAL,00-0026158,24,-12.506834891315972,1.0,J.Flacco
2010_17_CIN_BAL,CIN,00-0021429,44,4.121154575323022,2.0,C.Palmer
2010_17_DAL_PHI,DAL,00-0027071,36,-3.774353409929116,0.0,S.McGee
2010_17_DAL_PHI,PHI,00-0025423,43,-16.029981534665296,3.0,K.Kolb
2010_17_JAX_HOU,HOU,00-0022787,22,15.554794419908788,0.0,M.Schaub
2010_17_JAX_HOU,JAX,00-0025479,29,-6.701950885308134,1.0,T.Edwards
2010_17_MIA_NE,MIA,00-0025604,24,1.2614896579179913,0.0,T.Thigpen
2010_17_MIA_NE,MIA,00-0026197,19,-6.171972620848851,1.0,C.Henne
2010_17_MIA_NE,NE,00-0019596,16,13.646749339432859,0.0,T.Brady
2010_17_MIA_NE,NE,00-0026625,13,7.99892849184107,0.0,B.Hoyer
2010_17_MIN_DET,DET,00-0020679,42,3.088697148777543,1.0,S.Hill
2010_17_MIN_DET,MIN,00-0027796,40,-3.1188198753802636,1.0,J.Webb
2010_17_NYG_WAS,NYG,00-0022803,30,8.138339461761895,1.0,E.Manning
2010_17_NYG_WAS,WAS,00-0022121,47,-2.3344375242013484,1.0,R.Grossman
2010_17_OAK_KC,KC,00-0023662,38,-22.821477033077826,2.0,M.Cassel
2010_17_OAK_KC,KC,00-0024812,6,0.41541793377837166,0.0,T.Palko
2010_17_OAK_KC,LV,00-0022164,2,-1.438192442059517,0.0,K.Boller
2010_17_OAK_KC,LV,00-0023460,30,7.212947282649111,0.0,J.Campbell
2010_17_PIT_CLE,CLE,00-0022055,2,-1.3393618660774083,0.0,S.Wallace
2010_17_PIT_CLE,CLE,00-0023176,1,-0.3864364307373762,0.0,J.Cribbs
2010_17_PIT_CLE,CLE,00-0027688,47,-5.719434260343463,3.0,C.McCoy
2010_17_PIT_CLE,PIT,00-0021190,1,2.5239026927156374,0.0,A.Randle El
2010_17_PIT_CLE,PIT,00-0022177,9,1.3749821236496191,0.0,B.Leftwich
2010_17_PIT_CLE,PIT,00-0022924,24,22.275180327694127,0.0,B.Roethlisberger
2010_17_SD_DEN,DEN,00-0027876,45,3.897196195961442,2.0,T.Tebow
2010_17_SD_DEN,LAC,00-0022942,43,3.226946909159275,1.0,P.Rivers
2010_17_STL_SEA,LA,00-0027854,39,-11.70964689050872,1.0,S.Bradford
2010_17_STL_SEA,SEA,00-0024296,40,0.05840619758243415,0.0,C.Whitehurst
2010_17_TB_NO,NO,00-0020531,41,2.3008258940490918,1.0,D.Brees
2010_17_TB_NO,NO,00-0026544,3,-0.46209596539847553,0.0,C.Daniel
2010_17_TB_NO,TB,00-0023968,1,-0.5398355391807854,0.0,M.Spurlock
2010_17_TB_NO,TB,00-0026993,31,12.319000456501087,0.0,J.Freeman
2010_17_TEN_IND,IND,00-0010346,42,4.984389692984602,0.0,P.Manning
2010_17_TEN_IND,TEN,00-0003292,40,15.560278086782464,0.0,K.Collins
2011_01_ATL_CHI,ATL,00-0026143,51,-14.834554268335085,1.0,M.Ryan
2011_01_ATL_CHI,CHI,00-0024226,37,0.5381637723547605,1.0,J.Cutler
2011_01_BUF_KC,BUF,00-0023682,27,12.765332180586988,0.0,R.Fitzpatrick
2011_01_BUF_KC,BUF,00-0024318,1,-1.1680183284915984,1.0,B.Smith
2011_01_BUF_KC,KC,00-0023662,38,-16.899262910367824,1.0,M.Cassel
2011_01_CAR_ARI,ARI,00-0025423,29,11.467538413333926,0.0,K.Kolb
2011_01_CAR_ARI,CAR,00-0027939,46,12.425027391407639,1.0,C.Newton
2011_01_CIN_CLE,CIN,00-0024408,13,0.18243992561474442,0.0,B.Gradkowski
2011_01_CIN_CLE,CIN,00-0027973,18,-0.7500678946702095,0.0,A.Dalton
2011_01_CIN_CLE,CLE,00-0027688,43,-7.579496025402635,1.0,C.McCoy
2011_01_DAL_NYJ,DAL,00-0021678,41,8.338408076006704,1.0,T.Romo
2011_01_DAL_NYJ,NYJ,00-0026898,49,-0.15969327980552483,1.0,M.Sanchez
2011_01_DET_TB,DET,00-0026498,33,13.718999510257849,1.0,M.Stafford
2011_01_DET_TB,TB,00-0026300,4,-2.8051870628260076,0.0,J.Johnson
2011_01_DET_TB,TB,00-0026993,47,5.2203886441288745,1.0,J.Freeman
2011_01_IND_HOU,HOU,00-0022787,26,3.4368063993990106,2.0,M.Schaub
2011_01_IND_HOU,IND,00-0003292,34,-11.087886288659684,0.0,K.Collins
2011_01_MIN_SD,LAC,00-0022942,50,6.353303316982791,2.0,P.Rivers
2011_01_MIN_SD,MIN,00-0011022,19,-8.260865650501746,1.0,D.McNabb
2011_01_NE_MIA,MIA,00-0026197,57,11.03848426421114,1.0,C.Henne
2011_01_NE_MIA,NE,00-0019596,49,24.310707790237117,1.0,T.Brady
2011_01_NO_GB,GB,00-0023459,39,19.562585283711087,0.0,A.Rodgers
2011_01_NO_GB,NO,00-0020531,52,18.58569634332136,0.0,D.Brees
2011_01_NYG_WAS,NYG,00-0022803,37,-2.1548376968712546,1.0,E.Manning
2011_01_NYG_WAS,WAS,00-0022121,38,11.006344107229479,0.0,R.Grossman
2011_01_OAK_DEN,DEN,00-0023541,51,-0.10580612461791983,1.0,K.Orton
2011_01_OAK_DEN,LV,00-0023460,24,-0.6740138399705011,0.0,J.Campbell
2011_01_PHI_STL,LA,00-0020305,6,-5.432211099716369,0.0,A.Feeley
2011_01_PHI_STL,LA,00-0027854,34,-4.326603920078872,0.0,S.Bradford
2011_01_PHI_STL,PHI,00-0020245,42,7.517121125915496,0.0,M.Vick
2011_01_PIT_BAL,BAL,00-0026158,30,10.375752931130268,0.0,J.Flacco
2011_01_PIT_BAL,PIT,00-0022924,46,-12.034585702524055,3.0,B.Roethlisberger
2011_01_SEA_SF,SEA,00-0024279,44,-4.373962325917091,1.0,T.Jackson
2011_01_SEA_SF,SF,00-0023436,23,0.08553423958811246,0.0,A.Smith
2011_01_TEN_JAX,JAX,00-0022864,27,4.239434430593637,0.0,L.McCown
2011_01_TEN_JAX,TEN,00-0007091,36,4.784207663189886,1.0,M.Hasselbeck
2011_02_ARI_WAS,ARI,00-0025423,33,3.2752595230122097,1.0,K.Kolb
2011_02_ARI_WAS,WAS,00-0022121,45,0.3028749189578135,2.0,R.Grossman
2011_02_BAL_TEN,BAL,00-0026158,35,-4.091250322601901,2.0,J.Flacco
2011_02_BAL_TEN,TEN,00-0007091,42,13.61892310934806,1.0,M.Hasselbeck
2011_02_CHI_NO,CHI,00-0024226,52,-13.857274570611013,0.0,J.Cutler
2011_02_CHI_NO,NO,00-0020531,39,8.806296178375547,0.0,D.Brees
2011_02_CIN_DEN,CIN,00-0027973,45,4.514044952197619,0.0,A.Dalton
2011_02_CIN_DEN,DEN,00-0023541,27,5.165354695885382,0.0,K.Orton
2011_02_CLE_IND,CLE,00-0027688,34,7.621377293189148,0.0,C.McCoy
2011_02_CLE_IND,IND,00-0003292,38,-7.348689012870775,1.0,K.Collins
2011_02_DAL_SF,DAL,00-0009311,10,-0.0806328957551159,2.0,J.Kitna
2011_02_DAL_SF,DAL,00-0021678,34,16.84857020001287,0.0,T.Romo
2011_02_DAL_SF,SF,00-0023436,32,-3.55671826146158,1.0,A.Smith
2011_02_GB_CAR,CAR,00-0027939,55,5.136711192238067,3.0,C.Newton
2011_02_GB_CAR,GB,00-0023459,34,12.509048562608552,0.0,A.Rodgers
2011_02_HOU_MIA,HOU,00-0022787,33,5.36395585875559,0.0,M.Schaub
2011_02_HOU_MIA,MIA,00-0026197,35,-4.362504357940484,1.0,C.Henne
2011_02_JAX_NYJ,JAX,00-0022864,21,-27.191702146958047,4.0,L.McCown
2011_02_JAX_NYJ,JAX,00-0027948,8,2.0454850419191644,0.0,B.Gabbert
2011_02_JAX_NYJ,NYJ,00-0026898,28,9.641975509101112,2.0,M.Sanchez
2011_02_KC_DET,DET,00-0020679,1,2.997541358578019,0.0,S.Hill
2011_02_KC_DET,DET,00-0026498,40,14.182904759936495,1.0,M.Stafford
2011_02_KC_DET,KC,00-0023662,24,-15.72464593161742,3.0,M.Cassel
2011_02_KC_DET,KC,00-0024812,1,-0.591286729555577,0.0,T.Palko
2011_02_OAK_BUF,BUF,00-0023682,46,12.186700850591734,1.0,R.Fitzpatrick
2011_02_OAK_BUF,BUF,00-0024318,1,-1.1291710305958986,0.0,B.Smith
2011_02_OAK_BUF,LV,00-0023460,33,21.00103935287916,1.0,J.Campbell
2011_02_PHI_ATL,ATL,00-0026143,33,4.071735019562766,2.0,M.Ryan
2011_02_PHI_ATL,PHI,00-0020245,31,8.031694453436625,1.0,M.Vick
2011_02_PHI_ATL,PHI,00-0027722,10,-1.0245532336994074,0.0,M.Kafka
2011_02_SD_NE,LAC,00-0022942,44,15.738246051012538,2.0,P.Rivers
2011_02_SD_NE,NE,00-0019596,43,25.058003724934238,0.0,T.Brady
2011_02_SEA_PIT,PIT,00-0022924,34,13.321534563192158,0.0,B.Roethlisberger
2011_02_SEA_PIT,PIT,00-0027685,1,0.9598225430236198,0.0,E.Sanders
2011_02_SEA_PIT,SEA,00-0024279,36,-8.393578997638542,0.0,T.Jackson
2011_02_STL_NYG,LA,00-0027854,48,7.224490994445425,0.0,S.Bradford
2011_02_STL_NYG,NYG,00-0022803,33,2.8554355220403522,1.0,E.Manning
2011_02_TB_MIN,MIN,00-0011022,35,3.274737869535945,0.0,D.McNabb
2011_02_TB_MIN,TB,00-0026993,35,4.90720435047149,1.0,J.Freeman
2011_03_ARI_SEA,ARI,00-0025423,44,-1.0290625312384807,2.0,K.Kolb
2011_03_ARI_SEA,SEA,00-0024279,38,-0.5490884740330948,1.0,T.Jackson
2011_03_ATL_TB,ATL,00-0026143,51,-3.819151045271951,1.0,M.Ryan
2011_03_ATL_TB,TB,00-0026993,35,1.0781526269760562,1.0,J.Freeman
2011_03_BAL_STL,BAL,00-0026158,54,13.767007852412824,0.0,J.Flacco
2011_03_BAL_STL,LA,00-0027854,39,-17.417403184401337,1.0,S.Bradford
2011_03_DEN_TEN,DEN,00-0023541,40,2.378343739779666,2.0,K.Orton
2011_03_DEN_TEN,TEN,00-0007091,38,14.798877052671742,0.0,M.Hasselbeck
2011_03_DET_MIN,DET,00-0026498,51,10.936800233756603,0.0,M.Stafford
2011_03_DET_MIN,MIN,00-0011022,42,-4.218539760215886,0.0,D.McNabb
2011_03_GB_CHI,CHI,00-0024226,41,-3.5510973513916513,2.0,J.Cutler
2011_03_GB_CHI,GB,00-0023459,40,12.047038395071255,1.0,A.Rodgers
2011_03_HOU_NO,HOU,00-0022787,41,13.318578999319694,1.0,M.Schaub
2011_03_HOU_NO,NO,00-0020531,49,11.87190857917136,2.0,D.Brees
2011_03_JAX_CAR,CAR,00-0027939,37,1.5628571049747988,0.0,C.Newton
2011_03_JAX_CAR,JAX,00-0027948,23,0.4845954004853015,1.0,B.Gabbert
2011_03_KC_SD,KC,00-0023662,26,9.934456538263476,1.0,M.Cassel
2011_03_KC_SD,LAC,00-0022942,40,-0.02527571672657558,2.0,P.Rivers
2011_03_MIA_CLE,CLE,00-0027688,39,1.3307650435425074,1.0,C.McCoy
2011_03_MIA_CLE,MIA,00-0026197,38,10.434331489596607,1.0,C.Henne
2011_03_NE_BUF,BUF,00-0023682,40,9.36638996310747,2.0,R.Fitzpatrick
2011_03_NE_BUF,NE,00-0019596,46,12.926817187265742,4.0,T.Brady
2011_03_NYG_PHI,NYG,00-0022803,26,10.404037856846116,0.0,E.Manning
2011_03_NYG_PHI,PHI,00-0020245,26,0.678848231606616,1.0,M.Vick
2011_03_NYG_PHI,PHI,00-0027722,8,-3.5022152261808515,2.0,M.Kafka
2011_03_NYJ_OAK,LV,00-0023460,28,-0.6956436920391589,0.0,J.Campbell
2011_03_NYJ_OAK,NYJ,00-0026898,49,2.517627622366259,1.0,M.Sanchez
2011_03_PIT_IND,IND,00-0003292,29,-6.028395387667185,0.0,K.Collins
2011_03_PIT_IND,IND,00-0027134,12,-7.853567611804465,0.0,C.Painter
2011_03_PIT_IND,PIT,00-0022924,42,0.4070026528010877,1.0,B.Roethlisberger
2011_03_SF_CIN,CIN,00-0027973,34,-14.618764807425265,2.0,A.Dalton
2011_03_SF_CIN,SF,00-0023436,35,0.6754801688947194,0.0,A.Smith
2011_03_WAS_DAL,DAL,00-0021678,37,1.371579644504541,1.0,T.Romo
2011_03_WAS_DAL,WAS,00-0022121,40,-3.0566835139595776,1.0,R.Grossman
2011_04_ATL_SEA,ATL,00-0026143,45,17.20469084359858,0.0,M.Ryan
2011_04_ATL_SEA,SEA,00-0024279,39,10.732259758894605,2.0,T.Jackson
2011_04_BUF_CIN,BUF,00-0023682,36,-1.0580525435428898,0.0,R.Fitzpatrick
2011_04_BUF_CIN,CIN,00-0027973,40,-6.653064266125364,2.0,A.Dalton
2011_04_CAR_CHI,CAR,00-0027939,48,8.969049071915505,1.0,C.Newton
2011_04_CAR_CHI,CHI,00-0024226,18,-7.189103519849946,1.0,J.Cutler
2011_04_DEN_GB,DEN,00-0023541,34,6.080100647035737,3.0,K.Orton
2011_04_DEN_GB,GB,00-0023459,48,27.51839402364567,1.0,A.Rodgers
2011_04_DEN_GB,GB,00-0026349,1,-3.2349017534870654,1.0,M.Flynn
2011_04_DET_DAL,DAL,00-0021678,47,-8.807467895262185,3.0,T.Romo
2011_04_DET_DAL,DET,00-0026498,43,-1.5176592808849665,1.0,M.Stafford
2011_04_IND_TB,IND,00-0027134,34,2.6563052650854506,0.0,C.Painter
2011_04_IND_TB,TB,00-0026993,42,11.804877361259807,0.0,J.Freeman
2011_04_MIA_SD,LAC,00-0022942,35,14.298597490768529,0.0,P.Rivers
2011_04_MIA_SD,MIA,00-0025708,29,-3.46729267574256,1.0,M.Moore
2011_04_MIA_SD,MIA,00-0026197,4,-1.7051151257473975,1.0,C.Henne
2011_04_MIN_KC,KC,00-0023662,35,10.686344527372961,0.0,M.Cassel
2011_04_MIN_KC,MIN,00-0011022,32,2.3902349648337635,1.0,D.McNabb
2011_04_NE_OAK,LV,00-0023460,44,2.9116877092982874,2.0,J.Campbell
2011_04_NE_OAK,NE,00-0019596,31,12.482814419136261,0.0,T.Brady
2011_04_NO_JAX,JAX,00-0027948,46,-15.047410801604604,1.0,B.Gabbert
2011_04_NO_JAX,NO,00-0020531,49,2.0656935225455726,2.0,D.Brees
2011_04_NYG_ARI,ARI,00-0025423,39,-2.3004326049147945,1.0,K.Kolb
2011_04_NYG_ARI,NYG,00-0022803,41,10.555584631870715,0.0,E.Manning
2011_04_NYJ_BAL,BAL,00-0026158,33,-11.548467650597239,1.0,J.Flacco
2011_04_NYJ_BAL,NYJ,00-0026898,37,-35.607639501693136,1.0,M.Sanchez
2011_04_PIT_HOU,HOU,00-0022787,22,5.515350864493179,0.0,M.Schaub
2011_04_PIT_HOU,PIT,00-0022924,36,-3.185510748413789,1.0,B.Roethlisberger
2011_04_SF_PHI,PHI,00-0020245,56,18.63018181578077,1.0,M.Vick
2011_04_SF_PHI,SF,00-0023436,36,8.909306378044105,0.0,A.Smith
2011_04_TEN_CLE,CLE,00-0023176,1,-2.3516099190004693,0.0,J.Cribbs
2011_04_TEN_CLE,CLE,00-0027688,65,-9.009311083709374,1.0,C.McCoy
2011_04_TEN_CLE,TEN,00-0007091,21,9.926736842755277,1.0,M.Hasselbeck
2011_04_TEN_CLE,TEN,00-0027946,1,-0.6312764283502474,0.0,J.Locker
2011_04_WAS_STL,LA,00-0027854,50,-14.436513651753298,0.0,S.Bradford
2011_04_WAS_STL,WAS,00-0022121,31,-8.250156429107946,2.0,R.Grossman
2011_05_ARI_MIN,ARI,00-0025423,47,-15.067291473071037,2.0,K.Kolb
2011_05_ARI_MIN,ARI,00-0025749,6,-4.940124060143717,1.0,R.Bartel
2011_05_ARI_MIN,MIN,00-0011022,23,1.3937245834042007,0.0,D.McNabb
2011_05_CHI_DET,CHI,00-0024226,42,3.633580937582579,0.0,J.Cutler
2011_05_CHI_DET,DET,00-0026498,28,4.2971198711311445,1.0,M.Stafford
2011_05_CIN_JAX,CIN,00-0027973,35,2.328545122296832,1.0,A.Dalton
2011_05_CIN_JAX,JAX,00-0027948,33,-0.876618309080551,0.0,B.Gabbert
2011_05_GB_ATL,ATL,00-0026143,35,-4.475815094367135,2.0,M.Ryan
2011_05_GB_ATL,GB,00-0023459,44,19.268508027616072,0.0,A.Rodgers
2011_05_KC_IND,IND,00-0027134,27,11.374041837730916,0.0,C.Painter
2011_05_KC_IND,KC,00-0023662,33,12.815454387164209,0.0,M.Cassel
2011_05_NO_CAR,CAR,00-0027939,33,2.3528528893366456,1.0,C.Newton
2011_05_NO_CAR,NO,00-0020531,46,20.14469630287008,1.0,D.Brees
2011_05_NYJ_NE,NE,00-0019596,36,1.5805935393767254,1.0,T.Brady
2011_05_NYJ_NE,NYJ,00-0026898,27,2.9606926017440856,0.0,M.Sanchez
2011_05_OAK_HOU,HOU,00-0022787,53,1.7143380543715168,2.0,M.Schaub
2011_05_OAK_HOU,LV,00-0023460,39,-5.386226415506977,1.0,J.Campbell
2011_05_PHI_BUF,BUF,00-0023682,28,5.0925698800128885,1.0,R.Fitzpatrick
2011_05_PHI_BUF,PHI,00-0020245,43,3.3154664876883793,4.0,M.Vick
2011_05_SD_DEN,DEN,00-0023541,13,-8.020239318006897,1.0,K.Orton
2011_05_SD_DEN,DEN,00-0027876,12,-2.275318671876332,0.0,T.Tebow
2011_05_SD_DEN,LAC,00-0022942,35,-1.9330578747853941,1.0,P.Rivers
2011_05_SEA_NYG,NYG,00-0022803,44,-3.7284620479788853,3.0,E.Manning
2011_05_SEA_NYG,SEA,00-0024279,27,-0.0521960265468806,1.0,T.Jackson
2011_05_SEA_NYG,SEA,00-0024296,22,2.085099876093522,0.0,C.Whitehurst
2011_05_TB_SF,SF,00-0023436,18,12.19181042645828,0.0,A.Smith
2011_05_TB_SF,SF,00-0027974,3,4.2083747918659355,0.0,C.Kaepernick
2011_05_TB_SF,TB,00-0026300,3,-0.503540781326592,0.0,J.Johnson
2011_05_TB_SF,TB,00-0026993,35,-9.974679625713296,2.0,J.Freeman
2011_05_TEN_PIT,PIT,00-0022924,35,12.330556382196002,1.0,B.Roethlisberger
2011_05_TEN_PIT,PIT,00-0025499,1,4.4192065426614136,0.0,D.Sepulveda
2011_05_TEN_PIT,TEN,00-0007091,51,-5.897971961504104,1.0,M.Hasselbeck
2011_06_BUF_NYG,BUF,00-0023682,34,-0.07984632055740803,2.0,R.Fitzpatrick
2011_06_BUF_NYG,BUF,00-0024318,1,-0.05934907775372267,0.0,B.Smith
2011_06_BUF_NYG,NYG,00-0022803,32,13.988875688136396,0.0,E.Manning
2011_06_CAR_ATL,ATL,00-0026143,25,9.42418872519814,0.0,M.Ryan
2011_06_CAR_ATL,CAR,00-0027939,40,3.7287159326369874,3.0,C.Newton
2011_06_CLE_OAK,CLE,00-0027688,50,3.8892574069434724,0.0,C.McCoy
2011_06_CLE_OAK,LV,00-0019714,1,5.7431635041721165,0.0,S.Lechler
2011_06_CLE_OAK,LV,00-0022164,18,0.3463590885696459,0.0,K.Boller
2011_06_CLE_OAK,LV,00-0023460,11,-0.17775998369324952,0.0,J.Campbell
2011_06_DAL_NE,DAL,00-0021678,44,7.3168547565182,1.0,T.Romo
2011_06_DAL_NE,NE,00-0019596,45,3.6127072221349303,2.0,T.Brady
2011_06_HOU_BAL,BAL,00-0026158,35,6.148213831213727,1.0,J.Flacco
2011_06_HOU_BAL,HOU,00-0022787,42,-1.8302017158130184,0.0,M.Schaub
2011_06_IND_CIN,CIN,00-0027973,32,11.129445288833834,0.0,A.Dalton
2011_06_IND_CIN,IND,00-0027134,36,1.3515538918010224,1.0,C.Painter
2011_06_JAX_PIT,JAX,00-0027948,33,-6.3455985440185305,0.0,B.Gabbert
2011_06_JAX_PIT,PIT,00-0022924,28,4.1918487027115265,0.0,B.Roethlisberger
2011_06_MIA_NYJ,MIA,00-0025708,38,-15.368598697304583,2.0,M.Moore
2011_06_MIA_NYJ,NYJ,00-0020536,1,-1.7135287667624652,0.0,L.Tomlinson
2011_06_MIA_NYJ,NYJ,00-0026898,26,2.212780270105645,0.0,M.Sanchez
2011_06_MIN_CHI,CHI,00-0024226,32,8.032526701362656,0.0,J.Cutler
2011_06_MIN_CHI,MIN,00-0011022,29,-2.919060287640744,0.0,D.McNabb
2011_06_MIN_CHI,MIN,00-0027796,1,-0.7904845452867448,0.0,J.Webb
2011_06_MIN_CHI,MIN,00-0027950,18,-1.3832931877113879,0.0,C.Ponder
2011_06_NO_TB,NO,00-0020531,48,4.579279214672637,3.0,D.Brees
2011_06_NO_TB,TB,00-0026993,42,7.555302915318011,0.0,J.Freeman
2011_06_PHI_WAS,PHI,00-0020245,35,9.417091168893053,1.0,M.Vick
2011_06_PHI_WAS,PHI,00-0024218,2,-3.0710650268010795,1.0,V.Young
2011_06_PHI_WAS,WAS,00-0022121,23,-12.243326177853376,4.0,R.Grossman
2011_06_PHI_WAS,WAS,00-0025427,17,6.444180537073407,0.0,J.Beck
2011_06_SF_DET,DET,00-0026498,57,-13.204655577874316,0.0,M.Stafford
2011_06_SF_DET,SF,00-0023436,36,-18.7194491870628,1.0,A.Smith
2011_06_STL_GB,GB,00-0023459,34,15.807394450726198,1.0,A.Rodgers
2011_06_STL_GB,LA,00-0027854,48,-9.647994044554732,1.0,S.Bradford
2011_07_ATL_DET,ATL,00-0019709,1,-0.6880090646445751,0.0,C.Redman
2011_07_ATL_DET,ATL,00-0026143,38,-3.374340068240719,2.0,M.Ryan
2011_07_ATL_DET,DET,00-0026498,35,-7.303654273157834,0.0,M.Stafford
2011_07_BAL_JAX,BAL,00-0026158,41,-11.493134162543663,1.0,J.Flacco
2011_07_BAL_JAX,JAX,00-0027948,24,-12.819535907057517,0.0,B.Gabbert
2011_07_CHI_TB,CHI,00-0024226,34,-2.9378247178891765,2.0,J.Cutler
2011_07_CHI_TB,TB,00-0023968,1,-0.46706426865421236,0.0,M.Spurlock
2011_07_CHI_TB,TB,00-0026993,53,-10.897739531862898,4.0,J.Freeman
2011_07_DEN_MIA,DEN,00-0027876,36,1.2085060221412944,0.0,T.Tebow
2011_07_DEN_MIA,MIA,00-0025708,38,-7.8154199158137985,0.0,M.Moore
2011_07_GB_MIN,GB,00-0023459,34,16.567875581372757,0.0,A.Rodgers
2011_07_GB_MIN,MIN,00-0027950,37,0.3355469884180682,2.0,C.Ponder
2011_07_HOU_TEN,HOU,00-0022787,23,23.995971255823868,0.0,M.Schaub
2011_07_HOU_TEN,TEN,00-0007091,31,-15.119021369726397,2.0,M.Hasselbeck
2011_07_HOU_TEN,TEN,00-0027946,2,-1.350367511389777,0.0,J.Locker
2011_07_IND_NO,IND,00-0023578,5,2.542975364718586,0.0,D.Orlovsky
2011_07_IND_NO,IND,00-0027134,19,-13.463364887225907,1.0,C.Painter
2011_07_IND_NO,NO,00-0020531,37,21.107276659575305,0.0,D.Brees
2011_07_KC_OAK,KC,00-0023662,30,0.4159414679452311,2.0,M.Cassel
2011_07_KC_OAK,LV,00-0021429,21,-15.253248272347264,3.0,C.Palmer
2011_07_KC_OAK,LV,00-0022164,18,-13.917021005996503,3.0,K.Boller
2011_07_PIT_ARI,ARI,00-0025423,38,2.5817802223756443,1.0,K.Kolb
2011_07_PIT_ARI,PIT,00-0022924,40,20.16866559324709,0.0,B.Roethlisberger
2011_07_SD_NYJ,LAC,00-0022942,33,-6.482920397422276,2.0,P.Rivers
2011_07_SD_NYJ,NYJ,00-0026898,35,4.867393644757541,1.0,M.Sanchez
2011_07_SEA_CLE,CLE,00-0027688,45,-2.782389115432987,1.0,C.McCoy
2011_07_SEA_CLE,SEA,00-0024296,35,-19.702343733379628,1.0,C.Whitehurst
2011_07_STL_DAL,DAL,00-0021678,26,5.187521376131758,0.0,T.Romo
2011_07_STL_DAL,LA,00-0020305,34,-6.606451968953479,1.0,A.Feeley
2011_07_WAS_CAR,CAR,00-0027939,29,15.387416172771829,0.0,C.Newton
2011_07_WAS_CAR,WAS,00-0025427,42,0.3641138740600649,1.0,J.Beck
2011_08_ARI_BAL,ARI,00-0025423,28,-7.105903557221733,1.0,K.Kolb
2011_08_ARI_BAL,BAL,00-0026158,55,-4.749114142688053,1.0,J.Flacco
2011_08_CIN_SEA,CIN,00-0027973,31,2.2360985148763235,2.0,A.Dalton
2011_08_CIN_SEA,SEA,00-0024279,43,-0.5852010106706729,1.0,T.Jackson
2011_08_CIN_SEA,SEA,00-0024296,10,-3.9657727516938874,0.0,C.Whitehurst
2011_08_CLE_SF,CLE,00-0027688,42,-3.124223652856479,1.0,C.McCoy
2011_08_CLE_SF,SF,00-0023436,27,5.350327420420243,0.0,A.Smith
2011_08_DAL_PHI,DAL,00-0021678,40,-6.2483141052071005,1.0,T.Romo
2011_08_DAL_PHI,PHI,00-0020245,37,18.469327866912085,0.0,M.Vick
2011_08_DET_DEN,DEN,00-0027876,47,-31.320991606109104,1.0,T.Tebow
2011_08_DET_DEN,DET,00-0020679,2,-1.5170927792787552,0.0,S.Hill
2011_08_DET_DEN,DET,00-0026498,33,14.030641055052662,0.0,M.Stafford
2011_08_IND_TEN,IND,00-0027134,57,-8.73475397783141,2.0,C.Painter
2011_08_IND_TEN,TEN,00-0007091,34,7.078164184395039,0.0,M.Hasselbeck
2011_08_JAX_HOU,HOU,00-0022787,32,2.9156649573124014,0.0,M.Schaub
2011_08_JAX_HOU,JAX,00-0022864,2,-2.0214624539949,0.0,L.McCown
2011_08_JAX_HOU,JAX,00-0027948,33,-12.423545703524724,2.0,B.Gabbert
2011_08_MIA_NYG,MIA,00-0025708,30,-1.1406672365105646,1.0,M.Moore
2011_08_MIA_NYG,NYG,00-0022803,46,15.02004169258048,0.0,E.Manning
2011_08_MIN_CAR,CAR,00-0027939,40,5.526473207188824,0.0,C.Newton
2011_08_MIN_CAR,MIN,00-0027950,32,9.091892801964605,0.0,C.Ponder
2011_08_NE_PIT,NE,00-0019596,38,1.1006315305401477,0.0,T.Brady
2011_08_NE_PIT,PIT,00-0022924,55,13.103236731402264,1.0,B.Roethlisberger
2011_08_NO_STL,LA,00-0020305,42,-5.2878294645343535,0.0,A.Feeley
2011_08_NO_STL,NO,00-0020531,50,-4.379745846556306,2.0,D.Brees
2011_08_SD_KC,KC,00-0023662,36,4.5474299221617365,2.0,M.Cassel
2011_08_SD_KC,LAC,00-0022942,46,7.493935282424687,2.0,P.Rivers
2011_08_WAS_BUF,BUF,00-0023682,29,7.266049616655621,1.0,R.Fitzpatrick
2011_08_WAS_BUF,WAS,00-0025427,45,-20.85925362412806,2.0,J.Beck
2011_09_ATL_IND,ATL,00-0026143,25,9.689721355463412,1.0,M.Ryan
2011_09_ATL_IND,IND,00-0023578,6,-2.914866853156127,0.0,D.Orlovsky
2011_09_ATL_IND,IND,00-0027134,30,-10.503931512706913,1.0,C.Painter
2011_09_BAL_PIT,BAL,00-0026158,50,17.285266637085794,0.0,J.Flacco
2011_09_BAL_PIT,PIT,00-0022924,40,9.953190046814377,1.0,B.Roethlisberger
2011_09_CHI_PHI,CHI,00-0024226,32,12.694622765345168,0.0,J.Cutler
2011_09_CHI_PHI,PHI,00-0020245,43,-3.281697165964026,1.0,M.Vick
2011_09_CHI_PHI,PHI,00-0028427,1,-1.9100089890416712,0.0,C.Henry
2011_09_CIN_TEN,CIN,00-0027973,41,7.407065411272924,0.0,A.Dalton
2011_09_CIN_TEN,TEN,00-0007091,45,3.6350514995495518,0.0,M.Hasselbeck
2011_09_CLE_HOU,CLE,00-0027688,30,-4.479542839593164,1.0,C.McCoy
2011_09_CLE_HOU,HOU,00-0022787,23,-5.371464387278125,1.0,M.Schaub
2011_09_DEN_OAK,DEN,00-0026516,1,-2.458291975723114,0.0,B.Colquitt
2011_09_DEN_OAK,DEN,00-0027876,26,6.1172616928233765,0.0,T.Tebow
2011_09_DEN_OAK,LV,00-0021429,38,9.058362567065581,3.0,C.Palmer
2011_09_GB_SD,GB,00-0023459,37,17.624078729617374,0.0,A.Rodgers
2011_09_GB_SD,LAC,00-0022942,48,-2.1264922791550473,3.0,P.Rivers
2011_09_MIA_KC,KC,00-0023662,52,-7.984709316954082,0.0,M.Cassel
2011_09_MIA_KC,MIA,00-0025708,24,16.163530893326445,0.0,M.Moore
2011_09_NYG_NE,NE,00-0019596,52,0.8174038687206897,2.0,T.Brady
2011_09_NYG_NE,NYG,00-0022803,40,0.9766767813275603,1.0,E.Manning
2011_09_NYJ_BUF,BUF,00-0023682,30,-0.9708067273211878,2.0,R.Fitzpatrick
2011_09_NYJ_BUF,NYJ,00-0026898,29,9.56542352916568,1.0,M.Sanchez
2011_09_SEA_DAL,DAL,00-0021678,33,12.732616760293595,0.0,T.Romo
2011_09_SEA_DAL,SEA,00-0024279,32,-4.033129761802453,3.0,T.Jackson
2011_09_SF_WAS,SF,00-0023436,28,6.018561078774644,0.0,A.Smith
2011_09_SF_WAS,WAS,00-0025427,53,-3.761818860570413,1.0,J.Beck
2011_09_STL_ARI,ARI,00-0027754,42,-0.6519092169015623,0.0,J.Skelton
2011_09_STL_ARI,LA,00-0027854,41,-3.5870840711230123,1.0,S.Bradford
2011_09_TB_NO,NO,00-0020531,36,10.11863211414311,1.0,D.Brees
2011_09_TB_NO,TB,00-0026993,40,6.050483352970932,0.0,J.Freeman
2011_10_ARI_PHI,ARI,00-0027754,46,3.5593746560809905,2.0,J.Skelton
2011_10_ARI_PHI,PHI,00-0020245,43,-15.025825976073975,2.0,M.Vick
2011_10_BAL_SEA,BAL,00-0026158,54,-2.1197855682780387,1.0,J.Flacco
2011_10_BAL_SEA,BAL,00-0026195,1,1.0937826750450768,0.0,R.Rice
2011_10_BAL_SEA,SEA,00-0024279,29,5.331865607605545,0.0,T.Jackson
2011_10_BUF_DAL,BUF,00-0023682,33,-20.146265486760655,3.0,R.Fitzpatrick
2011_10_BUF_DAL,DAL,00-0021678,27,18.906557782813522,0.0,T.Romo
2011_10_DEN_KC,DEN,00-0027876,8,2.507002949307207,0.0,T.Tebow
2011_10_DEN_KC,KC,00-0023662,34,-12.826613554148935,0.0,M.Cassel
2011_10_DEN_KC,KC,00-0024812,6,1.8846251710201614,0.0,T.Palko
2011_10_DET_CHI,CHI,00-0024226,24,-3.9114579470753976,0.0,J.Cutler
2011_10_DET_CHI,CHI,00-0026184,1,-0.45728855300694704,0.0,M.Forte
2011_10_DET_CHI,DET,00-0026498,69,-18.630562957121327,4.0,M.Stafford
2011_10_HOU_TB,HOU,00-0022787,16,15.55789104414491,0.0,M.Schaub
2011_10_HOU_TB,TB,00-0026300,2,-1.256001202389598,0.0,J.Johnson
2011_10_HOU_TB,TB,00-0026993,39,-20.89965965987346,3.0,J.Freeman
2011_10_JAX_IND,IND,00-0023578,12,-5.227518652216531,0.0,D.Orlovsky
2011_10_JAX_IND,IND,00-0027134,22,-9.532733718120433,2.0,C.Painter
2011_10_JAX_IND,JAX,00-0027948,26,-1.191384121732216,1.0,B.Gabbert
2011_10_MIN_GB,GB,00-0023459,37,16.821073689349042,0.0,A.Rodgers
2011_10_MIN_GB,GB,00-0026349,2,3.1403063270263374,0.0,M.Flynn
2011_10_MIN_GB,MIN,00-0027950,39,-7.591562210640404,1.0,C.Ponder
2011_10_NE_NYJ,NE,00-0019596,39,19.3698547093309,0.0,T.Brady
2011_10_NE_NYJ,NYJ,00-0026898,47,-15.442441107823164,2.0,M.Sanchez
2011_10_NO_ATL,ATL,00-0026143,52,2.1867980871367823,1.0,M.Ryan
2011_10_NO_ATL,NO,00-0020531,43,12.072614262656538,0.0,D.Brees
2011_10_NYG_SF,NYG,00-0022803,42,12.253915717348391,2.0,E.Manning
2011_10_NYG_SF,SF,00-0023436,36,4.204802471776616,1.0,A.Smith
2011_10_OAK_SD,LAC,00-0022942,53,-4.773111681957349,1.0,P.Rivers
2011_10_OAK_SD,LV,00-0019714,1,-3.396439320873469,0.0,S.Lechler
2011_10_OAK_SD,LV,00-0021429,21,14.083045961451717,1.0,C.Palmer
2011_10_PIT_CIN,CIN,00-0027973,30,-4.317731759089123,2.0,A.Dalton
2011_10_PIT_CIN,PIT,00-0022924,38,7.742788561990893,1.0,B.Roethlisberger
2011_10_STL_CLE,CLE,00-0027688,32,1.5734341359219228,0.0,C.McCoy
2011_10_STL_CLE,LA,00-0027854,26,-1.5936613524502365,1.0,S.Bradford
2011_10_TEN_CAR,CAR,00-0027939,50,-11.266158414527178,1.0,C.Newton
2011_10_TEN_CAR,TEN,00-0007091,28,3.4336850664591667,1.0,M.Hasselbeck
2011_10_WAS_MIA,MIA,00-0025708,32,-0.052378909164251475,1.0,M.Moore
2011_10_WAS_MIA,WAS,00-0022121,35,-7.103877185680238,2.0,R.Grossman
2011_11_ARI_SF,ARI,00-0025749,18,-0.26247914967825636,0.0,R.Bartel
2011_11_ARI_SF,ARI,00-0027754,20,-18.070343243249226,3.0,J.Skelton
2011_11_ARI_SF,SF,00-0023436,41,5.367633241622505,1.0,A.Smith
2011_11_BUF_MIA,BUF,00-0023682,42,-13.094951595768123,2.0,R.Fitzpatrick
2011_11_BUF_MIA,BUF,00-0025604,5,-2.9857424946967512,0.0,T.Thigpen
2011_11_BUF_MIA,MIA,00-0025708,23,5.701421444333391,0.0,M.Moore
2011_11_CAR_DET,CAR,00-0027939,41,-6.22727121916367,4.0,C.Newton
2011_11_CAR_DET,DET,00-0026498,40,19.320160355826374,2.0,M.Stafford
2011_11_CIN_BAL,BAL,00-0026158,28,6.4844620902230385,1.0,J.Flacco
2011_11_CIN_BAL,CIN,00-0026941,1,-0.7151050474494696,0.0,B.Scott
2011_11_CIN_BAL,CIN,00-0027973,50,-0.35672336437501606,3.0,A.Dalton
2011_11_DAL_WAS,DAL,00-0021678,41,12.441131917328946,0.0,T.Romo
2011_11_DAL_WAS,WAS,00-0022121,42,8.52847814619012,1.0,R.Grossman
2011_11_JAX_CLE,CLE,00-0027688,29,-1.7942603380361106,1.0,C.McCoy
2011_11_JAX_CLE,JAX,00-0027948,44,0.3710022035504208,0.0,B.Gabbert
2011_11_KC_NE,KC,00-0024812,40,-12.148146443731052,3.0,T.Palko
2011_11_KC_NE,NE,00-0019596,31,3.9244696428692376,0.0,T.Brady
2011_11_NYJ_DEN,DEN,00-0027690,1,-0.6106363335857168,0.0,E.Decker
2011_11_NYJ_DEN,DEN,00-0027876,22,-4.78619135345798,0.0,T.Tebow
2011_11_NYJ_DEN,NYJ,00-0026898,42,-4.704666814210604,1.0,M.Sanchez
2011_11_OAK_MIN,LV,00-0021429,28,5.095385568715815,0.0,C.Palmer
2011_11_OAK_MIN,MIN,00-0027950,42,-6.440517751296284,3.0,C.Ponder
2011_11_PHI_NYG,NYG,00-0022803,38,-7.169199186967726,1.0,E.Manning
2011_11_PHI_NYG,PHI,00-0024218,38,6.333762970961912,3.0,V.Young
2011_11_SD_CHI,CHI,00-0024226,32,11.39288109991464,1.0,J.Cutler
2011_11_SD_CHI,CHI,00-0025488,1,-1.4504092251881957,0.0,A.Podlesh
2011_11_SD_CHI,LAC,00-0022942,31,12.831284029049577,2.0,P.Rivers
2011_11_SEA_STL,LA,00-0027854,45,-21.440362130175345,1.0,S.Bradford
2011_11_SEA_STL,SEA,00-0024279,30,-9.698511604568921,2.0,T.Jackson
2011_11_SEA_STL,SEA,00-0025431,1,4.039452996104956,0.0,S.Rice
2011_11_TB_GB,GB,00-0023459,40,12.069584971565146,1.0,A.Rodgers
2011_11_TB_GB,TB,00-0026993,41,9.197238815437537,2.0,J.Freeman
2011_11_TEN_ATL,ATL,00-0026143,33,18.71513481336634,0.0,M.Ryan
2011_11_TEN_ATL,TEN,00-0007091,24,-5.823690057497085,1.0,M.Hasselbeck
2011_11_TEN_ATL,TEN,00-0027946,21,10.906351282261312,0.0,J.Locker
2011_12_ARI_STL,ARI,00-0027754,28,-14.588661719462456,2.0,J.Skelton
2011_12_ARI_STL,LA,00-0022097,1,-0.39640825567767024,0.0,B.Lloyd
2011_12_ARI_STL,LA,00-0027854,33,-7.547477027927793,0.0,S.Bradford
2011_12_BUF_NYJ,BUF,00-0023682,46,12.120364373674313,0.0,R.Fitzpatrick
2011_12_BUF_NYJ,NYJ,00-0026898,36,3.9556358736590482,1.0,M.Sanchez
2011_12_CAR_IND,CAR,00-0027939,34,5.277282197988818,0.0,C.Newton
2011_12_CAR_IND,IND,00-0027134,32,-5.000025374945719,2.0,C.Painter
2011_12_CHI_OAK,CHI,00-0025970,42,-9.680461114021888,3.0,C.Hanie
2011_12_CHI_OAK,LV,00-0021429,41,-2.3416550623085044,1.0,C.Palmer
2011_12_CLE_CIN,CIN,00-0027973,38,8.029873769815563,0.0,A.Dalton
2011_12_CLE_CIN,CLE,00-0027688,41,-1.2698515387318203,1.0,C.McCoy
2011_12_DEN_SD,DEN,00-0027876,24,3.826634973858733,0.0,T.Tebow
2011_12_DEN_SD,LAC,00-0022942,40,-5.107886218583287,0.0,P.Rivers
2011_12_GB_DET,DET,00-0026498,50,-4.64405591814994,3.0,M.Stafford
2011_12_GB_DET,GB,00-0023459,35,14.958960191881772,0.0,A.Rodgers
2011_12_HOU_JAX,HOU,00-0024225,13,-2.610743609433694,0.0,M.Leinart
2011_12_HOU_JAX,HOU,00-0028090,15,-5.132890716951806,0.0,T.Yates
2011_12_HOU_JAX,JAX,00-0022864,13,-1.3171821093004832,0.0,L.McCown
2011_12_HOU_JAX,JAX,00-0027948,36,-15.970173549783876,1.0,B.Gabbert
2011_12_MIA_DAL,DAL,00-0021678,35,-2.2807863374024566,2.0,T.Romo
2011_12_MIA_DAL,MIA,00-0025708,37,7.478614652285286,0.0,M.Moore
2011_12_MIN_ATL,ATL,00-0026143,37,12.288479058477588,0.0,M.Ryan
2011_12_MIN_ATL,MIN,00-0027950,31,2.8420851996634156,0.0,C.Ponder
2011_12_NE_PHI,NE,00-0019596,37,29.68355880478546,0.0,T.Brady
2011_12_NE_PHI,PHI,00-0024218,56,9.902459392885552,1.0,V.Young
2011_12_NYG_NO,NO,00-0020531,39,23.497534043737687,0.0,D.Brees
2011_12_NYG_NO,NO,00-0026544,1,-2.314846524153836,0.0,C.Daniel
2011_12_NYG_NO,NYG,00-0022803,49,12.407251374978477,1.0,E.Manning
2011_12_PIT_KC,KC,00-0024812,29,-5.407061806056172,3.0,T.Palko
2011_12_PIT_KC,PIT,00-0022924,34,1.3876629792814477,1.0,B.Roethlisberger
2011_12_SF_BAL,BAL,00-0026158,24,9.547967349803354,0.0,J.Flacco
2011_12_SF_BAL,SF,00-0023436,34,-6.835891309059843,1.0,A.Smith
2011_12_TB_TEN,TB,00-0026993,36,-0.960860546964029,1.0,J.Freeman
2011_12_TB_TEN,TEN,00-0007091,36,-11.666961595694675,2.0,M.Hasselbeck
2011_12_WAS_SEA,SEA,00-0024279,32,-6.874085147916579,1.0,T.Jackson
2011_12_WAS_SEA,WAS,00-0022121,36,9.246215808222146,2.0,R.Grossman
2011_13_ATL_HOU,ATL,00-0026143,46,-6.0813857262105,2.0,M.Ryan
2011_13_ATL_HOU,HOU,00-0028090,30,0.7311358591335548,0.0,T.Yates
2011_13_BAL_CLE,BAL,00-0026158,24,-1.8443179178912912,0.0,J.Flacco
2011_13_BAL_CLE,CLE,00-0022055,1,-0.8019742160104215,0.0,S.Wallace
2011_13_BAL_CLE,CLE,00-0027688,40,-9.677154571043861,1.0,C.McCoy
2011_13_CAR_TB,CAR,00-0025559,1,2.3191721339244395,0.0,L.Naanee
2011_13_CAR_TB,CAR,00-0027939,24,13.725650626053866,0.0,C.Newton
2011_13_CAR_TB,TB,00-0026300,33,3.9213136394684485,1.0,J.Johnson
2011_13_CIN_PIT,CIN,00-0024408,6,-4.852628111839294,1.0,B.Gradkowski
2011_13_CIN_PIT,CIN,00-0027973,29,-2.87531257676892,0.0,A.Dalton
2011_13_CIN_PIT,PIT,00-0000865,1,-1.7160557385068387,0.0,C.Batch
2011_13_CIN_PIT,PIT,00-0022924,25,7.415103501621209,0.0,B.Roethlisberger
2011_13_DAL_ARI,ARI,00-0025423,31,4.736317060670141,0.0,K.Kolb
2011_13_DAL_ARI,DAL,00-0021678,46,2.3549811582241107,0.0,T.Romo
2011_13_DEN_MIN,DEN,00-0027876,19,6.385999316161016,0.0,T.Tebow
2011_13_DEN_MIN,MIN,00-0027796,1,2.108399267308414,0.0,J.Webb
2011_13_DEN_MIN,MIN,00-0027950,51,-4.705039398536172,2.0,C.Ponder
2011_13_DET_NO,DET,00-0026498,55,6.252882285104808,1.0,M.Stafford
2011_13_DET_NO,NO,00-0020531,41,16.012883879496833,0.0,D.Brees
2011_13_GB_NYG,GB,00-0023459,52,22.578278976656417,1.0,A.Rodgers
2011_13_GB_NYG,GB,00-0028002,1,-0.4412487749941647,0.0,R.Cobb
2011_13_GB_NYG,NYG,00-0022803,41,5.248187479812557,1.0,E.Manning
2011_13_IND_NE,IND,00-0023578,39,20.364398016151128,1.0,D.Orlovsky
2011_13_IND_NE,NE,00-0019596,40,16.064626455252252,0.0,T.Brady
2011_13_KC_CHI,CHI,00-0025970,32,-21.946378109898927,3.0,C.Hanie
2011_13_KC_CHI,KC,00-0023541,1,-0.9447399463970214,0.0,K.Orton
2011_13_KC_CHI,KC,00-0024812,31,-0.18187609931919724,0.0,T.Palko
2011_13_NYJ_WAS,NYJ,00-0026898,33,2.1781231203528346,0.0,M.Sanchez
2011_13_NYJ_WAS,WAS,00-0022121,48,-13.660258419300202,1.0,R.Grossman
2011_13_OAK_MIA,LV,00-0021429,43,-1.2268342787283473,1.0,C.Palmer
2011_13_OAK_MIA,MIA,00-0025708,28,1.9390465095939584,0.0,M.Moore
2011_13_PHI_SEA,PHI,00-0024218,36,-14.536979431897635,4.0,V.Young
2011_13_PHI_SEA,SEA,00-0024279,20,9.164388804179955,0.0,T.Jackson
2011_13_SD_JAX,JAX,00-0027948,39,-0.9088667855539825,1.0,B.Gabbert
2011_13_SD_JAX,LAC,00-0022942,28,21.221485680798317,0.0,P.Rivers
2011_13_STL_SF,LA,00-0020305,26,-6.228384153742809,1.0,A.Feeley
2011_13_STL_SF,SF,00-0023436,28,11.510088293806783,0.0,A.Smith
2011_13_STL_SF,SF,00-0027974,2,-2.099489208776504,0.0,C.Kaepernick
2011_13_TEN_BUF,BUF,00-0023682,48,2.8471364662647596,0.0,R.Fitzpatrick
2011_13_TEN_BUF,TEN,00-0007091,26,-2.147747607011507,0.0,M.Hasselbeck
2011_14_ATL_CAR,ATL,00-0026143,42,17.147365312722414,0.0,M.Ryan
2011_14_ATL_CAR,CAR,00-0027939,43,-3.8212637935846065,2.0,C.Newton
2011_14_BUF_SD,BUF,00-0023682,38,-13.363139898686606,2.0,R.Fitzpatrick
2011_14_BUF_SD,BUF,00-0025604,4,-2.245675164158456,1.0,T.Thigpen
2011_14_BUF_SD,LAC,00-0022942,34,8.703978314125823,0.0,P.Rivers
2011_14_CHI_DEN,CHI,00-0025970,25,-7.524714793362241,0.0,C.Hanie
2011_14_CHI_DEN,DEN,00-0027876,49,-3.3755496075058424,1.0,T.Tebow
2011_14_CLE_PIT,CLE,00-0022055,1,1.5532254760328215,0.0,S.Wallace
2011_14_CLE_PIT,CLE,00-0027688,42,-6.8572174559521955,2.0,C.McCoy
2011_14_CLE_PIT,PIT,00-0000865,3,-2.189360158983618,0.0,C.Batch
2011_14_CLE_PIT,PIT,00-0022924,22,17.008344948582817,1.0,B.Roethlisberger
2011_14_HOU_CIN,CIN,00-0027973,30,-3.264546590243569,0.0,A.Dalton
2011_14_HOU_CIN,HOU,00-0028090,49,9.379231082051515,1.0,T.Yates
2011_14_IND_BAL,BAL,00-0026158,33,9.060255462324939,1.0,J.Flacco
2011_14_IND_BAL,IND,00-0023578,39,-8.403085518738436,1.0,D.Orlovsky
2011_14_KC_NYJ,KC,00-0024812,38,-8.919351191336265,1.0,T.Palko
2011_14_KC_NYJ,NYJ,00-0026898,24,4.213750950671965,0.0,M.Sanchez
2011_14_MIN_DET,DET,00-0026498,36,4.783629044117233,0.0,M.Stafford
2011_14_MIN_DET,MIN,00-0027796,31,6.82282778667286,0.0,J.Webb
2011_14_MIN_DET,MIN,00-0027950,25,-19.06374155107187,3.0,C.Ponder
2011_14_NE_WAS,NE,00-0019596,40,15.970502284239151,1.0,T.Brady
2011_14_NE_WAS,WAS,00-0022121,34,5.684478044520418,1.0,R.Grossman
2011_14_NE_WAS,WAS,00-0027618,1,4.282296833698638,0.0,B.Banks
2011_14_NO_TEN,NO,00-0020531,49,15.641184798217923,0.0,D.Brees
2011_14_NO_TEN,TEN,00-0007091,7,0.4540133631671779,0.0,M.Hasselbeck
2011_14_NO_TEN,TEN,00-0027946,33,3.505573688230764,0.0,J.Locker
2011_14_NYG_DAL,DAL,00-0021678,32,13.329208253523815,0.0,T.Romo
2011_14_NYG_DAL,NYG,00-0022803,47,15.761823957188081,1.0,E.Manning
2011_14_OAK_GB,GB,00-0023459,12,-6.3692960333262185,1.0,A.Rodgers
2011_14_OAK_GB,GB,00-0026349,3,-1.9297672067768872,0.0,M.Flynn
2011_14_OAK_GB,LV,00-0021429,30,3.4200986393843777,2.0,C.Palmer
2011_14_PHI_MIA,MIA,00-0022912,16,-5.103869803628186,0.0,J.Losman
2011_14_PHI_MIA,MIA,00-0025708,23,-12.741542164060615,1.0,M.Moore
2011_14_PHI_MIA,PHI,00-0020245,36,-2.315919981007008,1.0,M.Vick
2011_14_SF_ARI,ARI,00-0025423,2,-2.5622510202229023,0.0,K.Kolb
2011_14_SF_ARI,ARI,00-0027754,32,2.2799678932642564,2.0,J.Skelton
2011_14_SF_ARI,SF,00-0023436,42,-9.250072401497535,0.0,A.Smith
2011_14_STL_SEA,LA,00-0027854,32,-6.8213554968934735,1.0,S.Bradford
2011_14_STL_SEA,SEA,00-0024279,36,7.572417659137857,0.0,T.Jackson
2011_14_STL_SEA,SEA,00-0025399,2,-0.7496615910204127,0.0,M.Lynch
2011_14_TB_JAX,JAX,00-0027948,34,-3.237326385831693,2.0,B.Gabbert
2011_14_TB_JAX,TB,00-0026300,2,-4.064512040873524,1.0,J.Johnson
2011_14_TB_JAX,TB,00-0026993,36,-14.206906880252063,2.0,J.Freeman
2011_15_BAL_SD,BAL,00-0026158,40,1.2320490890631497,2.0,J.Flacco
2011_15_BAL_SD,BAL,00-0028118,3,-0.4012482221587561,0.0,T.Taylor
2011_15_BAL_SD,LAC,00-0022942,23,22.515061537687657,0.0,P.Rivers
2011_15_CAR_HOU,CAR,00-0027692,1,0.6902054530801252,0.0,A.Edwards
2011_15_CAR_HOU,CAR,00-0027939,28,6.170938876981381,0.0,C.Newton
2011_15_CAR_HOU,HOU,00-0028090,33,-5.456983083940428,2.0,T.Yates
2011_15_CIN_STL,CIN,00-0027973,27,0.05511019640028536,1.0,A.Dalton
2011_15_CIN_STL,LA,00-0024264,41,-3.2250850953614982,0.0,K.Clemens
2011_15_CLE_ARI,ARI,00-0027754,52,0.23435545972571914,1.0,J.Skelton
2011_15_CLE_ARI,CLE,00-0022055,35,2.895507237122728,0.0,S.Wallace
2011_15_DAL_TB,DAL,00-0021678,32,16.842046360847142,0.0,T.Romo
2011_15_DAL_TB,TB,00-0026993,34,-5.456944676421583,0.0,J.Freeman
2011_15_DET_OAK,DET,00-0026498,54,10.80329721281305,0.0,M.Stafford
2011_15_DET_OAK,LV,00-0021429,41,10.502517577239919,0.0,C.Palmer
2011_15_GB_KC,GB,00-0023459,41,4.476894403807819,0.0,A.Rodgers
2011_15_GB_KC,KC,00-0023541,31,14.399214716041367,0.0,K.Orton
2011_15_JAX_ATL,ATL,00-0019709,6,3.1662921610404737,0.0,C.Redman
2011_15_JAX_ATL,ATL,00-0026143,27,14.65149599956012,0.0,M.Ryan
2011_15_JAX_ATL,JAX,00-0027948,28,-21.52455826208461,1.0,B.Gabbert
2011_15_MIA_BUF,BUF,00-0023682,52,-8.556978492161907,3.0,R.Fitzpatrick
2011_15_MIA_BUF,MIA,00-0025708,22,5.684985984640896,0.0,M.Moore
2011_15_NE_DEN,DEN,00-0027874,1,-0.4463074472732842,0.0,D.Thomas
2011_15_NE_DEN,DEN,00-0027876,30,2.881568759388756,0.0,T.Tebow
2011_15_NE_DEN,NE,00-0019596,35,17.861804379097222,0.0,T.Brady
2011_15_NO_MIN,MIN,00-0027796,1,-0.4172168546356261,0.0,J.Webb
2011_15_NO_MIN,MIN,00-0027950,38,-5.52119491314534,1.0,C.Ponder
2011_15_NO_MIN,NO,00-0020531,41,34.46178902985412,0.0,D.Brees
2011_15_NO_MIN,NO,00-0026544,1,-1.1700774719938134,0.0,C.Daniel
2011_15_NYJ_PHI,NYJ,00-0002110,3,-0.3560372703941539,0.0,M.Brunell
2011_15_NYJ_PHI,NYJ,00-0026898,32,-12.370317228833157,2.0,M.Sanchez
2011_15_NYJ_PHI,PHI,00-0020245,24,14.533797708855332,1.0,M.Vick
2011_15_NYJ_PHI,PHI,00-0024218,3,-3.459038346540183,0.0,V.Young
2011_15_PIT_SF,PIT,00-0022924,47,-8.439677590357284,3.0,B.Roethlisberger
2011_15_PIT_SF,SF,00-0023436,32,5.82076006089442,0.0,A.Smith
2011_15_SEA_CHI,CHI,00-0021206,2,-3.000977810996119,1.0,J.McCown
2011_15_SEA_CHI,CHI,00-0025970,31,-16.57872275149566,3.0,C.Hanie
2011_15_SEA_CHI,SEA,00-0024279,32,3.988221155083529,0.0,T.Jackson
2011_15_TEN_IND,IND,00-0023578,17,-2.0236071710217387,0.0,D.Orlovsky
2011_15_TEN_IND,TEN,00-0007091,40,-11.99825346567141,2.0,M.Hasselbeck
2011_15_TEN_IND,TEN,00-0027946,18,1.4804691467434168,0.0,J.Locker
2011_15_WAS_NYG,NYG,00-0022803,43,-17.08104265070141,3.0,E.Manning
2011_15_WAS_NYG,WAS,00-0022121,25,8.45476238675863,2.0,R.Grossman
2011_16_ARI_CIN,ARI,00-0027754,49,-13.032757323355572,3.0,J.Skelton
2011_16_ARI_CIN,CIN,00-0027973,37,-2.809697998408838,0.0,A.Dalton
2011_16_ATL_NO,ATL,00-0019709,9,-0.70819799345918,0.0,C.Redman
2011_16_ATL_NO,ATL,00-0026143,52,7.736206908592303,0.0,M.Ryan
2011_16_ATL_NO,NO,00-0020531,40,14.269553238274872,2.0,D.Brees
2011_16_CHI_GB,CHI,00-0021206,35,11.473288727234173,2.0,J.McCown
2011_16_CHI_GB,GB,00-0023459,31,23.20884754130384,0.0,A.Rodgers
2011_16_CHI_GB,GB,00-0026349,1,-1.7775475609814748,0.0,M.Flynn
2011_16_CLE_BAL,BAL,00-0026158,26,-0.18875108849217792,1.0,J.Flacco
2011_16_CLE_BAL,CLE,00-0022055,36,-8.211767578643048,1.0,S.Wallace
2011_16_DEN_BUF,BUF,00-0023682,30,-0.3527465345152012,0.0,R.Fitzpatrick
2011_16_DEN_BUF,DEN,00-0027876,37,-21.211345062823966,3.0,T.Tebow
2011_16_HOU_IND,HOU,00-0028090,20,-6.886203597911365,0.0,T.Yates
2011_16_HOU_IND,IND,00-0023578,44,-0.021454276228871194,0.0,D.Orlovsky
2011_16_JAX_TEN,JAX,00-0027948,44,-5.065080592694943,1.0,B.Gabbert
2011_16_JAX_TEN,TEN,00-0007091,42,-3.9254960300224155,2.0,M.Hasselbeck
2011_16_MIA_NE,MIA,00-0025708,37,9.705341071900019,1.0,M.Moore
2011_16_MIA_NE,NE,00-0019596,53,2.2207013893149106,0.0,T.Brady
2011_16_MIN_WAS,MIN,00-0027796,6,9.064905000501312,0.0,J.Webb
2011_16_MIN_WAS,MIN,00-0027950,17,3.0134639110072046,0.0,C.Ponder
2011_16_MIN_WAS,WAS,00-0022121,43,-2.1345695822663737,1.0,R.Grossman
2011_16_NYG_NYJ,NYG,00-0022803,29,-2.4758265779073945,1.0,E.Manning
2011_16_NYG_NYJ,NYJ,00-0026898,66,-13.69042065113245,2.0,M.Sanchez
2011_16_OAK_KC,KC,00-0023541,37,-0.5344514799286166,2.0,K.Orton
2011_16_OAK_KC,LV,00-0021429,26,5.460204336222912,2.0,C.Palmer
2011_16_PHI_DAL,DAL,00-0021678,2,-2.14429654343985,0.0,T.Romo
2011_16_PHI_DAL,DAL,00-0027071,45,-3.644736199232284,0.0,S.McGee
2011_16_PHI_DAL,PHI,00-0020245,35,13.617158820079933,0.0,M.Vick
2011_16_SD_DET,DET,00-0026498,39,24.13076439821807,0.0,M.Stafford
2011_16_SD_DET,LAC,00-0022942,53,-6.507477423109149,2.0,P.Rivers
2011_16_SF_SEA,SEA,00-0024279,32,-5.156980711675715,0.0,T.Jackson
2011_16_SF_SEA,SF,00-0023436,31,1.6460898195012037,0.0,A.Smith
2011_16_STL_PIT,LA,00-0024264,29,-11.713365292060189,0.0,K.Clemens
2011_16_STL_PIT,PIT,00-0000865,22,3.8085492835252257,1.0,C.Batch
2011_16_TB_CAR,CAR,00-0027939,20,9.987869973217506,0.0,C.Newton
2011_16_TB_CAR,TB,00-0026993,42,-0.8932945131594967,1.0,J.Freeman
2011_17_BAL_CIN,BAL,00-0026158,20,3.6251165654725326,0.0,J.Flacco
2011_17_BAL_CIN,CIN,00-0027973,48,-1.4902138802736649,0.0,A.Dalton
2011_17_BUF_NE,BUF,00-0023682,52,-8.966417813951802,4.0,R.Fitzpatrick
2011_17_BUF_NE,NE,00-0019596,39,13.631079436989994,1.0,T.Brady
2011_17_BUF_NE,NE,00-0026625,1,-0.5777570100035518,0.0,B.Hoyer
2011_17_CAR_NO,CAR,00-0027939,30,-4.151867124412452,1.0,C.Newton
2011_17_CAR_NO,NO,00-0020531,35,21.879270517512005,1.0,D.Brees
2011_17_CAR_NO,NO,00-0026544,3,0.482824943610467,0.0,C.Daniel
2011_17_CHI_MIN,CHI,00-0021206,34,-5.461033219435136,1.0,J.McCown
2011_17_CHI_MIN,MIN,00-0027796,35,-2.7857349727239904,2.0,J.Webb
2011_17_CHI_MIN,MIN,00-0027950,11,-10.988563364977733,1.0,C.Ponder
2011_17_DAL_NYG,DAL,00-0021678,44,-1.1878190699613231,1.0,T.Romo
2011_17_DAL_NYG,NYG,00-0022803,38,20.470158654203566,0.0,E.Manning
2011_17_DET_GB,DET,00-0026498,62,21.229177386513058,2.0,M.Stafford
2011_17_DET_GB,GB,00-0026349,48,18.357751207155115,1.0,M.Flynn
2011_17_IND_JAX,IND,00-0023578,44,2.8306859809764164,2.0,D.Orlovsky
2011_17_IND_JAX,JAX,00-0027948,22,-7.6437566353969375,0.0,B.Gabbert
2011_17_KC_DEN,DEN,00-0027876,24,-8.707703895343002,1.0,T.Tebow
2011_17_KC_DEN,KC,00-0023541,30,1.5672980631330584,0.0,K.Orton
2011_17_NYJ_MIA,MIA,00-0025708,34,-1.4053738665083157,2.0,M.Moore
2011_17_NYJ_MIA,NYJ,00-0026898,35,-8.568408502885179,3.0,M.Sanchez
2011_17_NYJ_MIA,NYJ,00-0028091,1,2.93751163338311,0.0,J.Kerley
2011_17_PIT_CLE,CLE,00-0022055,43,-8.944682120557104,1.0,S.Wallace
2011_17_PIT_CLE,PIT,00-0022924,42,1.1063660652284883,0.0,B.Roethlisberger
2011_17_SD_OAK,LAC,00-0022942,26,25.91172002548639,1.0,P.Rivers
2011_17_SD_OAK,LV,00-0021429,44,15.08855973876449,1.0,C.Palmer
2011_17_SEA_ARI,ARI,00-0027754,45,-3.5986889005391016,1.0,J.Skelton
2011_17_SEA_ARI,SEA,00-0024279,40,-10.406064924799917,1.0,T.Jackson
2011_17_SF_STL,LA,00-0024264,35,1.4414563061255405,1.0,K.Clemens
2011_17_SF_STL,LA,00-0024294,1,-4.660491733346134,1.0,J.Norwood
2011_17_SF_STL,LA,00-0027121,2,-2.7655587768531404,0.0,T.Brandstater
2011_17_SF_STL,SF,00-0000108,1,4.22313360706903,0.0,D.Akers
2011_17_SF_STL,SF,00-0023436,34,5.808669745156348,0.0,A.Smith
2011_17_TB_ATL,ATL,00-0019709,12,-10.342266884457786,1.0,C.Redman
2011_17_TB_ATL,ATL,00-0026143,9,11.225422120769508,0.0,M.Ryan
2011_17_TB_ATL,TB,00-0026993,48,-8.216806216791039,3.0,J.Freeman
2011_17_TEN_HOU,HOU,00-0004161,29,-0.9118058553866639,0.0,J.Delhomme
2011_17_TEN_HOU,HOU,00-0028090,5,3.679653784725815,0.0,T.Yates
2011_17_TEN_HOU,TEN,00-0007091,38,4.738416586043467,0.0,M.Hasselbeck
2011_17_WAS_PHI,PHI,00-0020245,41,7.888540619872543,1.0,M.Vick
2011_17_WAS_PHI,WAS,00-0022121,46,-10.753722650528077,1.0,R.Grossman
2012_01_ATL_KC,ATL,00-0026143,35,26.044844536387806,0.0,M.Ryan
2012_01_ATL_KC,KC,00-0023662,37,3.088898421179935,2.0,M.Cassel
2012_01_BUF_NYJ,BUF,00-0023682,33,2.7332876927684993,3.0,R.Fitzpatrick
2012_01_BUF_NYJ,NYJ,00-0026898,26,19.932411863147948,1.0,M.Sanchez
2012_01_CAR_TB,CAR,00-0027939,38,2.8505803517473396,2.0,C.Newton
2012_01_CAR_TB,TB,00-0026993,28,-2.106432935870428,0.0,J.Freeman
2012_01_CIN_BAL,BAL,00-0026158,32,12.251615456045911,0.0,J.Flacco
2012_01_CIN_BAL,BAL,00-0028118,4,1.3161850746269357,0.0,T.Taylor
2012_01_CIN_BAL,CIN,00-0027973,41,-16.84178767919169,1.0,A.Dalton
2012_01_DAL_NYG,DAL,00-0021678,32,13.529266854227352,1.0,T.Romo
2012_01_DAL_NYG,NYG,00-0022803,35,3.1228235827299557,0.0,E.Manning
2012_01_IND_CHI,CHI,00-0024226,37,8.433602901159471,1.0,J.Cutler
2012_01_IND_CHI,IND,00-0029668,50,-6.361758070197798,3.0,A.Luck
2012_01_JAX_MIN,JAX,00-0027948,44,14.968146781223563,0.0,B.Gabbert
2012_01_JAX_MIN,MIN,00-0027950,30,1.833912278867849,0.0,C.Ponder
2012_01_MIA_HOU,HOU,00-0022787,34,11.762375354409846,0.0,M.Schaub
2012_01_MIA_HOU,MIA,00-0029701,38,-17.482130043790676,3.0,R.Tannehill
2012_01_NE_TEN,NE,00-0019596,32,9.768619451435343,0.0,T.Brady
2012_01_NE_TEN,TEN,00-0007091,11,-2.8036942584301943,0.0,M.Hasselbeck
2012_01_NE_TEN,TEN,00-0027946,36,1.3268788871781694,1.0,J.Locker
2012_01_PHI_CLE,CLE,00-0029677,38,-19.00588885203147,4.0,B.Weeden
2012_01_PHI_CLE,PHI,00-0020245,61,-9.537805173552488,4.0,M.Vick
2012_01_PIT_DEN,DEN,00-0010346,30,14.853460235613824,0.0,P.Manning
2012_01_PIT_DEN,PIT,00-0022924,46,1.1834006072669059,1.0,B.Roethlisberger
2012_01_SD_OAK,LAC,00-0022942,34,8.247540219021676,0.0,P.Rivers
2012_01_SD_OAK,LV,00-0021429,50,5.720962922851506,0.0,C.Palmer
2012_01_SEA_ARI,ARI,00-0025423,8,5.46987107465975,0.0,K.Kolb
2012_01_SEA_ARI,ARI,00-0027754,30,-7.59057610301641,1.0,J.Skelton
2012_01_SEA_ARI,SEA,00-0029263,43,-5.77068918920559,1.0,R.Wilson
2012_01_SF_GB,GB,00-0023459,53,8.089531107936754,1.0,A.Rodgers
2012_01_SF_GB,SF,00-0023436,32,8.48847160645591,0.0,A.Smith
2012_01_STL_DET,DET,00-0026498,48,-7.237461900903524,3.0,M.Stafford
2012_01_STL_DET,LA,00-0027854,30,3.1743715401475643,0.0,S.Bradford
2012_01_WAS_NO,NO,00-0020531,53,2.038375528277439,2.0,D.Brees
2012_01_WAS_NO,WAS,00-0029665,29,17.206352777936104,0.0,R.Griffin III
2012_02_ARI_NE,ARI,00-0025423,30,-1.5545656667602707,0.0,K.Kolb
2012_02_ARI_NE,NE,00-0019596,50,-0.41158836295807255,1.0,T.Brady
2012_02_BAL_PHI,BAL,00-0026158,44,-10.85493632173965,1.0,J.Flacco
2012_02_BAL_PHI,PHI,00-0020245,38,11.102407030522443,2.0,M.Vick
2012_02_CHI_GB,CHI,00-0024226,35,-14.261796516486566,4.0,J.Cutler
2012_02_CHI_GB,GB,00-0023459,37,-6.903714741956738,1.0,A.Rodgers
2012_02_CHI_GB,GB,00-0026664,1,5.158707559574395,0.0,T.Masthay
2012_02_CLE_CIN,CIN,00-0027973,38,16.357721804711947,1.0,A.Dalton
2012_02_CLE_CIN,CLE,00-0029677,40,16.18334539344763,0.0,B.Weeden
2012_02_DAL_SEA,DAL,00-0021678,41,-1.7286414435948245,1.0,T.Romo
2012_02_DAL_SEA,SEA,00-0029263,25,8.314635746777066,0.0,R.Wilson
2012_02_DEN_ATL,ATL,00-0026143,41,9.522663236154196,0.0,M.Ryan
2012_02_DEN_ATL,DEN,00-0010346,40,-8.76414440915687,3.0,P.Manning
2012_02_DET_SF,DET,00-0026498,34,5.394130571970033,1.0,M.Stafford
2012_02_DET_SF,SF,00-0023436,35,8.253211125012855,0.0,A.Smith
2012_02_HOU_JAX,HOU,00-0022787,35,5.392683164875757,0.0,M.Schaub
2012_02_HOU_JAX,JAX,00-0026197,2,1.2637826250866055,0.0,C.Henne
2012_02_HOU_JAX,JAX,00-0027948,23,-13.506509345024824,0.0,B.Gabbert
2012_02_KC_BUF,BUF,00-0023682,22,10.728565072407946,0.0,R.Fitzpatrick
2012_02_KC_BUF,KC,00-0023662,48,0.27927775754036244,1.0,M.Cassel
2012_02_MIN_IND,IND,00-0029668,35,10.667610292942053,0.0,A.Luck
2012_02_MIN_IND,MIN,00-0027950,41,6.681099927647191,0.0,C.Ponder
2012_02_NO_CAR,CAR,00-0027939,23,12.10483814709005,0.0,C.Newton
2012_02_NO_CAR,NO,00-0020531,50,1.9897381137528996,2.0,D.Brees
2012_02_NYJ_PIT,NYJ,00-0026898,29,-4.970816091412171,0.0,M.Sanchez
2012_02_NYJ_PIT,PIT,00-0022924,34,14.86784345188317,0.0,B.Roethlisberger
2012_02_OAK_MIA,LV,00-0021429,49,4.309088469829746,1.0,C.Palmer
2012_02_OAK_MIA,MIA,00-0029701,32,4.887123709893785,0.0,R.Tannehill
2012_02_TB_NYG,NYG,00-0022803,51,7.181539578168347,3.0,E.Manning
2012_02_TB_NYG,TB,00-0026993,30,5.650261935100195,2.0,J.Freeman
2012_02_TEN_SD,LAC,00-0022942,37,16.73258098896219,1.0,P.Rivers
2012_02_TEN_SD,TEN,00-0027946,32,-6.6934393343977385,1.0,J.Locker
2012_02_WAS_STL,LA,00-0027854,38,13.060251780116236,1.0,S.Bradford
2012_02_WAS_STL,WAS,00-0029665,33,3.0409132712246154,1.0,R.Griffin III
2012_03_ATL_SD,ATL,00-0026143,43,15.471578229975421,1.0,M.Ryan
2012_03_ATL_SD,LAC,00-0022942,40,-8.466740229195624,2.0,P.Rivers
2012_03_BUF_CLE,BUF,00-0023682,38,7.891276926924981,0.0,R.Fitzpatrick
2012_03_BUF_CLE,CLE,00-0029677,47,-10.386778594984207,2.0,B.Weeden
2012_03_CIN_WAS,CIN,00-0027973,30,15.986317721298157,1.0,A.Dalton
2012_03_CIN_WAS,CIN,00-0029632,1,6.470740758813918,0.0,M.Sanu
2012_03_CIN_WAS,WAS,00-0029665,42,1.9204274924413767,0.0,R.Griffin III
2012_03_DET_TEN,DET,00-0020679,12,14.241682927240618,0.0,S.Hill
2012_03_DET_TEN,DET,00-0026498,46,13.353874870446734,0.0,M.Stafford
2012_03_DET_TEN,TEN,00-0027946,44,23.108806338803014,0.0,J.Locker
2012_03_GB_SEA,GB,00-0023459,50,1.086859589717978,0.0,A.Rodgers
2012_03_GB_SEA,SEA,00-0029263,24,-0.19446461676852778,0.0,R.Wilson
2012_03_HOU_DEN,DEN,00-0010346,54,-1.027692819899479,0.0,P.Manning
2012_03_HOU_DEN,HOU,00-0022787,31,17.59560353281986,1.0,M.Schaub
2012_03_JAX_IND,IND,00-0029668,48,9.55501196134719,1.0,A.Luck
2012_03_JAX_IND,JAX,00-0027948,23,-0.9879565274446644,0.0,B.Gabbert
2012_03_KC_NO,KC,00-0023662,46,-4.203735157098789,1.0,M.Cassel
2012_03_KC_NO,NO,00-0020531,40,-3.468327309284409,1.0,D.Brees
2012_03_NE_BAL,BAL,00-0026158,40,16.2773286375741,1.0,J.Flacco
2012_03_NE_BAL,NE,00-0019596,44,20.119366816935464,0.0,T.Brady
2012_03_NYG_CAR,CAR,00-0023645,3,-0.43145321449264884,0.0,D.Anderson
2012_03_NYG_CAR,CAR,00-0027939,33,-6.256804284930695,3.0,C.Newton
2012_03_NYG_CAR,NYG,00-0020608,3,-2.539526805281639,0.0,D.Carr
2012_03_NYG_CAR,NYG,00-0022803,38,15.225491527451327,0.0,E.Manning
2012_03_NYJ_MIA,MIA,00-0029701,37,-2.031490889156932,1.0,R.Tannehill
2012_03_NYJ_MIA,NYJ,00-0026898,47,-2.2678805291676576,2.0,M.Sanchez
2012_03_NYJ_MIA,NYJ,00-0027876,1,-1.705417712975759,0.0,T.Tebow
2012_03_PHI_ARI,ARI,00-0025423,29,7.555701145102982,0.0,K.Kolb
2012_03_PHI_ARI,PHI,00-0020245,45,-18.103067117630474,0.0,M.Vick
2012_03_PIT_OAK,LV,00-0021429,36,7.1455152189803055,1.0,C.Palmer
2012_03_PIT_OAK,PIT,00-0022924,49,27.588614447740838,0.0,B.Roethlisberger
2012_03_SF_MIN,MIN,00-0027950,39,15.59863154514188,0.0,C.Ponder
2012_03_SF_MIN,SF,00-0023436,42,0.13242116241608137,1.0,A.Smith
2012_03_STL_CHI,CHI,00-0024226,34,-4.293514891426717,1.0,J.Cutler
2012_03_STL_CHI,LA,00-0027854,42,-19.456222600180425,2.0,S.Bradford
2012_03_TB_DAL,DAL,00-0021678,44,-5.620963215421362,1.0,T.Romo
2012_03_TB_DAL,TB,00-0026993,30,-14.803876268054493,1.0,J.Freeman
2012_04_CAR_ATL,ATL,00-0026143,47,1.7791578341348644,1.0,M.Ryan
2012_04_CAR_ATL,CAR,00-0027692,1,-0.5445620033424348,0.0,A.Edwards
2012_04_CAR_ATL,CAR,00-0027939,31,12.493041368201375,0.0,C.Newton
2012_04_CHI_DAL,CHI,00-0024226,27,14.600655995862567,0.0,J.Cutler
2012_04_CHI_DAL,DAL,00-0021678,44,-15.221427542011995,5.0,T.Romo
2012_04_CHI_DAL,DAL,00-0023541,11,7.451407682776451,0.0,K.Orton
2012_04_CIN_JAX,CIN,00-0027973,33,15.078229473673105,1.0,A.Dalton
2012_04_CIN_JAX,JAX,00-0027948,43,-10.025316221883982,1.0,B.Gabbert
2012_04_CLE_BAL,BAL,00-0026158,50,5.313441536059642,1.0,J.Flacco
2012_04_CLE_BAL,CLE,00-0029677,52,-6.612816740141009,1.0,B.Weeden
2012_04_MIA_ARI,ARI,00-0025423,56,-8.369861820829101,2.0,K.Kolb
2012_04_MIA_ARI,MIA,00-0029701,46,9.563605257319846,2.0,R.Tannehill
2012_04_MIN_DET,DET,00-0026498,58,2.796854033941989,0.0,M.Stafford
2012_04_MIN_DET,MIN,00-0027950,29,-8.571701950845446,0.0,C.Ponder
2012_04_NE_BUF,BUF,00-0023682,44,6.525336611142848,4.0,R.Fitzpatrick
2012_04_NE_BUF,NE,00-0019596,38,22.767613595813117,0.0,T.Brady
2012_04_NO_GB,GB,00-0023459,42,19.643273261317518,1.0,A.Rodgers
2012_04_NO_GB,NO,00-0020531,56,24.124619015031225,0.0,D.Brees
2012_04_NYG_PHI,NYG,00-0022803,42,7.753498130457398,1.0,E.Manning
2012_04_NYG_PHI,PHI,00-0020245,36,11.278959782050169,0.0,M.Vick
2012_04_OAK_DEN,DEN,00-0010346,38,24.247323108427928,0.0,P.Manning
2012_04_OAK_DEN,DEN,00-0023853,1,-2.642674138653092,0.0,M.Prater
2012_04_OAK_DEN,LV,00-0021429,37,-3.0672114841535336,0.0,C.Palmer
2012_04_SD_KC,KC,00-0023534,1,-0.947,0.0,D.Colquitt
2012_04_SD_KC,KC,00-0023662,42,-12.077222184685525,3.0,M.Cassel
2012_04_SD_KC,LAC,00-0022942,27,3.232321738039782,1.0,P.Rivers
2012_04_SEA_STL,LA,00-0027854,31,-0.42107523252356893,1.0,S.Bradford
2012_04_SEA_STL,LA,00-0028872,1,3.8293251412687823,0.0,J.Hekker
2012_04_SEA_STL,SEA,00-0029263,31,-9.682335701261206,3.0,R.Wilson
2012_04_SF_NYJ,NYJ,00-0026898,32,-16.8816966402228,1.0,M.Sanchez
2012_04_SF_NYJ,NYJ,00-0027876,1,0.8676373430062085,0.0,T.Tebow
2012_04_SF_NYJ,SF,00-0023436,24,-3.957489201550679,0.0,A.Smith
2012_04_SF_NYJ,SF,00-0027974,1,-0.4737456536386162,0.0,C.Kaepernick
2012_04_TEN_HOU,HOU,00-0022787,28,9.999624556454364,0.0,M.Schaub
2012_04_TEN_HOU,TEN,00-0007091,29,-15.151280853315257,2.0,M.Hasselbeck
2012_04_TEN_HOU,TEN,00-0027946,3,-3.8339699336793274,0.0,J.Locker
2012_04_WAS_TB,TB,00-0026993,43,-1.9717416048690721,1.0,J.Freeman
2012_04_WAS_TB,WAS,00-0029665,38,10.687140747386575,0.0,R.Griffin III
2012_05_ARI_STL,ARI,00-0025423,59,-12.409256903364373,0.0,K.Kolb
2012_05_ARI_STL,LA,00-0027854,23,-4.119809174929324,1.0,S.Bradford
2012_05_ATL_WAS,ATL,00-0026143,54,11.153633669541389,1.0,M.Ryan
2012_05_ATL_WAS,WAS,00-0029604,10,-2.461779933364596,2.0,K.Cousins
2012_05_ATL_WAS,WAS,00-0029665,18,-3.1614814826439126,0.0,R.Griffin III
2012_05_BAL_KC,BAL,00-0026158,32,-5.748819660300103,1.0,J.Flacco
2012_05_BAL_KC,KC,00-0023662,15,-0.9232978294312488,2.0,M.Cassel
2012_05_BAL_KC,KC,00-0025409,2,2.545601594785271,0.0,B.Quinn
2012_05_BUF_SF,BUF,00-0023682,28,-8.821460626379121,1.0,R.Fitzpatrick
2012_05_BUF_SF,SF,00-0023436,26,20.35999417846324,0.0,A.Smith
2012_05_BUF_SF,SF,00-0027974,2,0.5581546898465604,0.0,C.Kaepernick
2012_05_CHI_JAX,CHI,00-0024226,42,16.139802845759366,1.0,J.Cutler
2012_05_CHI_JAX,JAX,00-0027948,36,-23.036991931074144,2.0,B.Gabbert
2012_05_CLE_NYG,CLE,00-0029677,35,5.952974148358636,2.0,B.Weeden
2012_05_CLE_NYG,NYG,00-0022803,37,9.381287676180303,1.0,E.Manning
2012_05_DEN_NE,DEN,00-0010346,47,14.926555634941906,0.0,P.Manning
2012_05_DEN_NE,NE,00-0019596,35,7.320035238459241,0.0,T.Brady
2012_05_GB_IND,GB,00-0023459,42,3.623887896342636,1.0,A.Rodgers
2012_05_GB_IND,IND,00-0029668,63,6.508778988644417,1.0,A.Luck
2012_05_HOU_NYJ,HOU,00-0022787,28,7.440689698068656,1.0,M.Schaub
2012_05_HOU_NYJ,NYJ,00-0026898,34,-9.013265706200658,2.0,M.Sanchez
2012_05_HOU_NYJ,NYJ,00-0027876,1,-0.7082236837595701,0.0,T.Tebow
2012_05_MIA_CIN,CIN,00-0027973,49,-8.60254548363678,2.0,A.Dalton
2012_05_MIA_CIN,MIA,00-0029701,28,7.305652788745663,0.0,R.Tannehill
2012_05_PHI_PIT,PHI,00-0020245,36,5.616764861391857,0.0,M.Vick
2012_05_PHI_PIT,PIT,00-0022924,38,3.9047440632084807,0.0,B.Roethlisberger
2012_05_SD_NO,LAC,00-0022942,47,3.350820431641724,1.0,P.Rivers
2012_05_SD_NO,NO,00-0020531,48,14.286648388796749,1.0,D.Brees
2012_05_SEA_CAR,CAR,00-0027939,35,-12.93310199304601,0.0,C.Newton
2012_05_SEA_CAR,SEA,00-0029263,29,0.6390678361504998,2.0,R.Wilson
2012_05_TEN_MIN,MIN,00-0027950,39,6.668101191562062,2.0,C.Ponder
2012_05_TEN_MIN,TEN,00-0007091,46,0.40710519498679787,1.0,M.Hasselbeck
2012_05_TEN_MIN,TEN,00-0027775,5,-0.4115796000114642,0.0,R.Smith
2012_06_BUF_ARI,ARI,00-0025423,35,-6.950141189817098,1.0,K.Kolb
2012_06_BUF_ARI,ARI,00-0027754,9,-6.530628445764734,1.0,J.Skelton
2012_06_BUF_ARI,BUF,00-0023682,35,-5.479085735365516,0.0,R.Fitzpatrick
2012_06_BUF_ARI,BUF,00-0024318,1,-3.2487173049594276,1.0,B.Smith
2012_06_CIN_CLE,CIN,00-0027973,48,-7.68777696719298,3.0,A.Dalton
2012_06_CIN_CLE,CLE,00-0029677,32,0.5898119107656292,1.0,B.Weeden
2012_06_DAL_BAL,BAL,00-0026158,27,12.180591016600374,0.0,J.Flacco
2012_06_DAL_BAL,DAL,00-0021678,38,14.696764099122435,1.0,T.Romo
2012_06_DEN_SD,DEN,00-0010346,30,12.337375900475308,1.0,P.Manning
2012_06_DEN_SD,LAC,00-0022942,45,-18.41659839023623,4.0,P.Rivers
2012_06_DET_PHI,DET,00-0026498,46,4.88023067095822,1.0,M.Stafford
2012_06_DET_PHI,PHI,00-0020245,55,9.566915243937503,2.0,M.Vick
2012_06_GB_HOU,GB,00-0023459,40,25.02068070927635,0.0,A.Rodgers
2012_06_GB_HOU,HOU,00-0022787,36,-1.1818374074437905,2.0,M.Schaub
2012_06_GB_HOU,HOU,00-0028090,5,-1.85361073538661,1.0,T.Yates
2012_06_IND_NYJ,IND,00-0029668,48,-9.155187660126433,2.0,A.Luck
2012_06_IND_NYJ,NYJ,00-0026898,19,2.553747420955915,0.0,M.Sanchez
2012_06_IND_NYJ,NYJ,00-0027876,1,4.000697734882124,0.0,T.Tebow
2012_06_KC_TB,KC,00-0025409,40,-16.09435405953482,2.0,B.Quinn
2012_06_KC_TB,TB,00-0026993,28,10.083584234849244,1.0,J.Freeman
2012_06_MIN_WAS,MIN,00-0027950,62,2.629949726813047,2.0,C.Ponder
2012_06_MIN_WAS,WAS,00-0029665,28,8.68449679316405,1.0,R.Griffin III
2012_06_NE_SEA,NE,00-0019596,59,6.57672835461505,2.0,T.Brady
2012_06_NE_SEA,SEA,00-0029263,31,14.19083433772903,0.0,R.Wilson
2012_06_NYG_SF,NYG,00-0022803,29,3.1802935428425974,0.0,E.Manning
2012_06_NYG_SF,SF,00-0023436,35,-14.551135285482221,3.0,A.Smith
2012_06_NYG_SF,SF,00-0027974,10,-0.47421752237691983,0.0,C.Kaepernick
2012_06_OAK_ATL,ATL,00-0026143,39,-5.499954402812769,3.0,M.Ryan
2012_06_OAK_ATL,LV,00-0021429,36,0.5186324051378861,1.0,C.Palmer
2012_06_PIT_TEN,PIT,00-0022924,42,13.820399530301614,1.0,B.Roethlisberger
2012_06_PIT_TEN,TEN,00-0007091,48,-1.464413387663022,1.0,M.Hasselbeck
2012_06_STL_MIA,LA,00-0027854,46,12.700801863665784,0.0,S.Bradford
2012_06_STL_MIA,MIA,00-0029701,34,0.7454914643507546,0.0,R.Tannehill
2012_07_ARI_MIN,ARI,00-0027754,43,-14.160805590217933,1.0,J.Skelton
2012_07_ARI_MIN,MIN,00-0027950,21,-14.192181080911876,2.0,C.Ponder
2012_07_BAL_HOU,BAL,00-0026158,47,-26.705977951388675,2.0,J.Flacco
2012_07_BAL_HOU,HOU,00-0022787,39,8.605788638876218,0.0,M.Schaub
2012_07_CLE_IND,CLE,00-0029677,42,12.548978727281792,0.0,B.Weeden
2012_07_CLE_IND,IND,00-0029668,34,-1.2501153871673756,0.0,A.Luck
2012_07_DAL_CAR,CAR,00-0027939,40,-0.8646266249998007,1.0,C.Newton
2012_07_DAL_CAR,DAL,00-0021678,36,10.098567493939928,0.0,T.Romo
2012_07_DET_CHI,CHI,00-0023460,2,-0.30588357837405056,0.0,J.Campbell
2012_07_DET_CHI,CHI,00-0024226,38,-2.393907938670895,0.0,J.Cutler
2012_07_DET_CHI,DET,00-0026498,51,-1.9056867171893828,1.0,M.Stafford
2012_07_GB_STL,GB,00-0023459,39,22.502172281764814,0.0,A.Rodgers
2012_07_GB_STL,LA,00-0027854,36,-2.396357567870655,1.0,S.Bradford
2012_07_JAX_OAK,JAX,00-0026197,25,-17.379593432605127,0.0,C.Henne
2012_07_JAX_OAK,JAX,00-0027948,12,5.749804950901307,0.0,B.Gabbert
2012_07_JAX_OAK,LV,00-0021429,49,-5.0891463872791105,1.0,C.Palmer
2012_07_NO_TB,NO,00-0020531,37,22.6482393820188,1.0,D.Brees
2012_07_NO_TB,TB,00-0026993,44,23.34030517387626,0.0,J.Freeman
2012_07_NYJ_NE,NE,00-0019596,43,7.534944062749153,0.0,T.Brady
2012_07_NYJ_NE,NYJ,00-0026898,45,11.276937989140036,1.0,M.Sanchez
2012_07_PIT_CIN,CIN,00-0027973,28,-11.005939802310166,1.0,A.Dalton
2012_07_PIT_CIN,PIT,00-0022924,41,3.3175982211585016,1.0,B.Roethlisberger
2012_07_PIT_CIN,PIT,00-0027793,1,-0.5983177991583943,0.0,A.Brown
2012_07_SEA_SF,SEA,00-0029263,27,-6.7284230420117,1.0,R.Wilson
2012_07_SEA_SF,SF,00-0023436,26,2.128458307593605,1.0,A.Smith
2012_07_TEN_BUF,BUF,00-0023682,38,6.973859617731971,1.0,R.Fitzpatrick
2012_07_TEN_BUF,TEN,00-0007091,35,8.803398563119117,0.0,M.Hasselbeck
2012_07_WAS_NYG,NYG,00-0022803,42,8.358320257882653,2.0,E.Manning
2012_07_WAS_NYG,WAS,00-0029665,35,12.494663875970186,1.0,R.Griffin III
2012_08_ATL_PHI,ATL,00-0026143,34,19.499426407956115,0.0,M.Ryan
2012_08_ATL_PHI,PHI,00-0020245,43,2.2324364128188914,0.0,M.Vick
2012_08_CAR_CHI,CAR,00-0027939,43,4.575385746525522,2.0,C.Newton
2012_08_CAR_CHI,CHI,00-0024226,36,-8.545868929267947,1.0,J.Cutler
2012_08_IND_TEN,IND,00-0029668,44,10.863073999409572,1.0,A.Luck
2012_08_IND_TEN,TEN,00-0007091,32,10.534871225399062,0.0,M.Hasselbeck
2012_08_JAX_GB,GB,00-0023459,38,-2.327304511868306,0.0,A.Rodgers
2012_08_JAX_GB,GB,00-0026664,1,-2.1535861897282302,0.0,T.Masthay
2012_08_JAX_GB,JAX,00-0027948,52,0.39900206645541303,0.0,B.Gabbert
2012_08_MIA_NYJ,MIA,00-0025708,20,3.4577419709737374,0.0,M.Moore
2012_08_MIA_NYJ,MIA,00-0029701,6,-3.758454517672014,0.0,R.Tannehill
2012_08_MIA_NYJ,NYJ,00-0026898,60,-16.132474998688128,1.0,M.Sanchez
2012_08_NE_STL,LA,00-0024264,3,-3.024686043849215,1.0,K.Clemens
2012_08_NE_STL,LA,00-0027854,32,-3.735319555096794,1.0,S.Bradford
2012_08_NE_STL,NE,00-0019596,35,23.350431313499968,0.0,T.Brady
2012_08_NE_STL,NE,00-0028012,3,0.6668200942222029,0.0,R.Mallett
2012_08_NO_DEN,DEN,00-0010346,31,17.957117209894967,0.0,P.Manning
2012_08_NO_DEN,NO,00-0020531,44,-1.5626039636554196,1.0,D.Brees
2012_08_NYG_DAL,DAL,00-0021678,65,-11.012391325139554,4.0,T.Romo
2012_08_NYG_DAL,NYG,00-0022803,31,-3.1099968617719935,1.0,E.Manning
2012_08_OAK_KC,KC,00-0023662,37,-0.5876424523062074,1.0,M.Cassel
2012_08_OAK_KC,KC,00-0025409,7,-6.770297666778788,1.0,B.Quinn
2012_08_OAK_KC,LV,00-0021429,28,4.225689408629192,1.0,C.Palmer
2012_08_SD_CLE,CLE,00-0029677,30,-4.308462468266953,0.0,B.Weeden
2012_08_SD_CLE,LAC,00-0022942,34,-5.004644109667447,0.0,P.Rivers
2012_08_SEA_DET,DET,00-0026498,53,18.12663700111443,1.0,M.Stafford
2012_08_SEA_DET,SEA,00-0029263,36,6.345658572819069,1.0,R.Wilson
2012_08_SF_ARI,ARI,00-0027754,57,-5.979476077962649,1.0,J.Skelton
2012_08_SF_ARI,SF,00-0023436,23,13.463588316100813,0.0,A.Smith
2012_08_TB_MIN,MIN,00-0027950,41,-4.617305566772195,1.0,C.Ponder
2012_08_TB_MIN,TB,00-0026993,39,13.77894858796805,0.0,J.Freeman
2012_08_WAS_PIT,PIT,00-0022924,34,10.257908308003776,0.0,B.Roethlisberger
2012_08_WAS_PIT,PIT,00-0027685,1,-1.3603621064685285,0.0,E.Sanders
2012_08_WAS_PIT,WAS,00-0026314,1,-1.417102167615667,0.0,J.Morgan
2012_08_WAS_PIT,WAS,00-0029665,35,3.922667391325537,0.0,R.Griffin III
2012_09_ARI_GB,ARI,00-0027754,48,-1.1670426292694174,1.0,J.Skelton
2012_09_ARI_GB,GB,00-0023459,35,8.126769058514771,1.0,A.Rodgers
2012_09_BAL_CLE,BAL,00-0026158,26,3.568741138893645,0.0,J.Flacco
2012_09_BAL_CLE,CLE,00-0029677,40,-12.373844868527758,2.0,B.Weeden
2012_09_BUF_HOU,BUF,00-0023682,44,-3.5795660441343857,0.0,R.Fitzpatrick
2012_09_BUF_HOU,HOU,00-0022787,29,12.28679402161399,0.0,M.Schaub
2012_09_CAR_WAS,CAR,00-0027939,24,7.095578252430037,0.0,C.Newton
2012_09_CAR_WAS,WAS,00-0029665,49,4.482401917666208,0.0,R.Griffin III
2012_09_CHI_TEN,CHI,00-0024226,30,3.8342119288784238,0.0,J.Cutler
2012_09_CHI_TEN,TEN,00-0007091,40,-10.777075034528755,1.0,M.Hasselbeck
2012_09_DAL_ATL,ATL,00-0026143,38,12.101644835609196,0.0,M.Ryan
2012_09_DAL_ATL,DAL,00-0021678,36,8.980377941277483,0.0,T.Romo
2012_09_DEN_CIN,CIN,00-0027973,48,3.1739855152997727,1.0,A.Dalton
2012_09_DEN_CIN,DEN,00-0010346,35,14.720146644918714,2.0,P.Manning
2012_09_DET_JAX,DET,00-0026498,34,17.57319615456268,0.0,M.Stafford
2012_09_DET_JAX,JAX,00-0027948,42,-0.9374662370826118,2.0,B.Gabbert
2012_09_KC_SD,KC,00-0023662,35,-1.596456487024911,1.0,M.Cassel
2012_09_KC_SD,LAC,00-0022942,21,9.144964634219754,1.0,P.Rivers
2012_09_MIA_IND,IND,00-0029668,50,24.666359066794094,0.0,A.Luck
2012_09_MIA_IND,MIA,00-0029701,40,7.1961438522569035,0.0,R.Tannehill
2012_09_MIN_SEA,MIN,00-0027950,31,-10.731178079660513,1.0,C.Ponder
2012_09_MIN_SEA,SEA,00-0025431,1,1.8674207678996027,0.0,S.Rice
2012_09_MIN_SEA,SEA,00-0029263,28,10.708319836878218,0.0,R.Wilson
2012_09_PHI_NO,NO,00-0020531,29,9.334405321785761,0.0,D.Brees
2012_09_PHI_NO,PHI,00-0020245,52,-7.266356087211481,1.0,M.Vick
2012_09_PIT_NYG,NYG,00-0022803,26,-7.11445117801468,1.0,E.Manning
2012_09_PIT_NYG,PIT,00-0022924,34,-9.48597960578627,1.0,B.Roethlisberger
2012_09_TB_OAK,LV,00-0019714,1,-1.8331251109484583,0.0,S.Lechler
2012_09_TB_OAK,LV,00-0021429,64,1.7261354701117817,3.0,C.Palmer
2012_09_TB_OAK,TB,00-0026993,34,13.969763877439728,0.0,J.Freeman
2012_10_ATL_NO,ATL,00-0026143,54,20.041840847282998,1.0,M.Ryan
2012_10_ATL_NO,NO,00-0020531,33,11.904978751997525,1.0,D.Brees
2012_10_BUF_NE,BUF,00-0023682,46,15.8192749405186,1.0,R.Fitzpatrick
2012_10_BUF_NE,NE,00-0019596,39,8.782109180798301,0.0,T.Brady
2012_10_DAL_PHI,DAL,00-0021678,29,7.476434254138189,0.0,T.Romo
2012_10_DAL_PHI,PHI,00-0020245,10,3.9107069955789484,0.0,M.Vick
2012_10_DAL_PHI,PHI,00-0029567,33,-11.638733104802668,1.0,N.Foles
2012_10_DEN_CAR,CAR,00-0027939,45,-14.966402405934726,2.0,C.Newton
2012_10_DEN_CAR,DEN,00-0010346,40,5.875530548128196,0.0,P.Manning
2012_10_DET_MIN,DET,00-0026498,46,12.754121909058426,1.0,M.Stafford
2012_10_DET_MIN,MIN,00-0027950,36,4.95468795732716,0.0,C.Ponder
2012_10_HOU_CHI,CHI,00-0023460,20,-7.4537346118324415,0.0,J.Campbell
2012_10_HOU_CHI,CHI,00-0024226,17,-7.561132533173352,2.0,J.Cutler
2012_10_HOU_CHI,HOU,00-0022787,27,-10.070919489775749,2.0,M.Schaub
2012_10_IND_JAX,IND,00-0029668,29,0.1351827305210409,1.0,A.Luck
2012_10_IND_JAX,JAX,00-0026197,17,-0.9718487765057944,1.0,C.Henne
2012_10_IND_JAX,JAX,00-0027948,35,-6.597433606915637,1.0,B.Gabbert
2012_10_KC_PIT,KC,00-0023662,29,-7.103574343656479,1.0,M.Cassel
2012_10_KC_PIT,PIT,00-0022177,14,2.0230582562095845,0.0,B.Leftwich
2012_10_KC_PIT,PIT,00-0022924,20,0.703481031369078,0.0,B.Roethlisberger
2012_10_NYG_CIN,CIN,00-0027973,30,10.537575667614558,0.0,A.Dalton
2012_10_NYG_CIN,NYG,00-0022803,51,-18.450569740767143,2.0,E.Manning
2012_10_NYJ_SEA,NYJ,00-0026898,25,-14.756494273489807,1.0,M.Sanchez
2012_10_NYJ_SEA,NYJ,00-0027876,4,0.006627381779253483,0.0,T.Tebow
2012_10_NYJ_SEA,SEA,00-0027891,1,3.1938500072574243,0.0,G.Tate
2012_10_NYJ_SEA,SEA,00-0029263,26,5.279349982913118,0.0,R.Wilson
2012_10_OAK_BAL,BAL,00-0026158,33,17.181905295776648,1.0,J.Flacco
2012_10_OAK_BAL,BAL,00-0028118,1,-0.641763836145401,0.0,T.Taylor
2012_10_OAK_BAL,LV,00-0021429,48,6.631841921118696,1.0,C.Palmer
2012_10_OAK_BAL,LV,00-0024225,1,-0.8028433218132704,0.0,M.Leinart
2012_10_SD_TB,LAC,00-0022942,41,9.025777456670767,2.0,P.Rivers
2012_10_SD_TB,TB,00-0026993,21,11.650535127788316,0.0,J.Freeman
2012_10_STL_SF,LA,00-0027854,39,16.51110448017042,0.0,S.Bradford
2012_10_STL_SF,LA,00-0028872,2,4.371174106898252,0.0,J.Hekker
2012_10_STL_SF,SF,00-0023436,11,3.6199460811330937,0.0,A.Smith
2012_10_STL_SF,SF,00-0027974,25,-1.3888749115497898,0.0,C.Kaepernick
2012_10_TEN_MIA,MIA,00-0025708,2,-1.591643116204068,0.0,M.Moore
2012_10_TEN_MIA,MIA,00-0029701,40,-16.61949141668155,3.0,R.Tannehill
2012_10_TEN_MIA,TEN,00-0007091,1,-1.2030928686430427,0.0,M.Hasselbeck
2012_10_TEN_MIA,TEN,00-0027946,26,10.787015572820732,0.0,J.Locker
2012_11_ARI_ATL,ARI,00-0027754,7,-5.908161928855218,0.0,J.Skelton
2012_11_ARI_ATL,ARI,00-0029531,23,-19.06098624060578,0.0,R.Lindley
2012_11_ARI_ATL,ATL,00-0026143,47,-17.363237247445415,5.0,M.Ryan
2012_11_BAL_PIT,BAL,00-0026158,34,-3.3874323687490326,0.0,J.Flacco
2012_11_BAL_PIT,PIT,00-0022177,43,-3.357297585514766,1.0,B.Leftwich
2012_11_CHI_SF,CHI,00-0023460,29,-10.177052180049941,2.0,J.Campbell
2012_11_CHI_SF,SF,00-0027974,26,12.419669162359087,0.0,C.Kaepernick
2012_11_CHI_SF,SF,00-0028053,1,-1.2787439337698743,0.0,K.Hunter
2012_11_CIN_KC,CIN,00-0027973,33,12.998497410527078,0.0,A.Dalton
2012_11_CIN_KC,KC,00-0023662,16,-6.102772601026369,0.0,M.Cassel
2012_11_CIN_KC,KC,00-0025409,18,-2.8788085642736405,0.0,B.Quinn
2012_11_CLE_DAL,CLE,00-0029677,37,2.463364557568811,0.0,B.Weeden
2012_11_CLE_DAL,DAL,00-0021678,59,0.7482353051477717,0.0,T.Romo
2012_11_GB_DET,DET,00-0026498,46,-15.546879795791316,2.0,M.Stafford
2012_11_GB_DET,GB,00-0023459,31,1.6878918085205417,1.0,A.Rodgers
2012_11_IND_NE,IND,00-0029668,52,-8.80410337378342,3.0,A.Luck
2012_11_IND_NE,NE,00-0019596,35,25.414890717085388,0.0,T.Brady
2012_11_JAX_HOU,HOU,00-0022787,57,19.02099215481504,2.0,M.Schaub
2012_11_JAX_HOU,JAX,00-0026197,36,22.075922262453695,0.0,C.Henne
2012_11_JAX_HOU,JAX,00-0027948,3,-2.563504256075248,0.0,B.Gabbert
2012_11_MIA_BUF,BUF,00-0023682,32,-4.423066076716623,0.0,R.Fitzpatrick
2012_11_MIA_BUF,MIA,00-0029701,31,-4.04906540247151,2.0,R.Tannehill
2012_11_NO_OAK,LV,00-0021429,43,-5.2254232541156025,2.0,C.Palmer
2012_11_NO_OAK,NO,00-0020531,27,14.834575711664721,0.0,D.Brees
2012_11_NO_OAK,NO,00-0026544,1,1.4674322715727612,0.0,C.Daniel
2012_11_NYJ_STL,LA,00-0027854,46,-13.836985800778958,1.0,S.Bradford
2012_11_NYJ_STL,NYJ,00-0026898,23,7.1490502060734755,0.0,M.Sanchez
2012_11_NYJ_STL,NYJ,00-0027876,1,-2.588242910336703,0.0,T.Tebow
2012_11_PHI_WAS,PHI,00-0029567,50,-8.166390796110548,2.0,N.Foles
2012_11_PHI_WAS,WAS,00-0029665,23,18.883395859622397,0.0,R.Griffin III
2012_11_SD_DEN,DEN,00-0010346,44,-5.413377714764751,1.0,P.Manning
2012_11_SD_DEN,LAC,00-0022942,44,-7.857632699597161,2.0,P.Rivers
2012_11_TB_CAR,CAR,00-0027939,33,9.671793587638302,0.0,C.Newton
2012_11_TB_CAR,TB,00-0026993,51,-2.1995124497376084,2.0,J.Freeman
2012_12_ATL_TB,ATL,00-0026143,34,14.23003996611824,1.0,M.Ryan
2012_12_ATL_TB,TB,00-0026993,32,9.805790307533616,0.0,J.Freeman
2012_12_ATL_TB,TB,00-0027702,1,2.276137005945202,0.0,M.Williams
2012_12_BAL_SD,BAL,00-0026158,56,10.436769828573617,0.0,J.Flacco
2012_12_BAL_SD,LAC,00-0022942,42,-5.824225963597443,0.0,P.Rivers
2012_12_BUF_IND,BUF,00-0023682,37,-2.804826920700127,1.0,R.Fitzpatrick
2012_12_BUF_IND,IND,00-0029668,43,2.4734187519732687,1.0,A.Luck
2012_12_CAR_PHI,CAR,00-0027939,34,19.153640911192877,0.0,C.Newton
2012_12_CAR_PHI,PHI,00-0029567,23,-2.1249561059495625,0.0,N.Foles
2012_12_DEN_KC,DEN,00-0010346,40,11.96775971343289,1.0,P.Manning
2012_12_DEN_KC,KC,00-0025409,27,-8.335391116745448,1.0,B.Quinn
2012_12_DEN_KC,KC,00-0026367,1,-1.5722928661651876,0.0,P.Hillis
2012_12_GB_NYG,GB,00-0023459,33,-5.3276699145297854,1.0,A.Rodgers
2012_12_GB_NYG,GB,00-0027602,2,-0.28783029079204425,0.0,G.Harrell
2012_12_GB_NYG,NYG,00-0022803,32,16.68737614894053,0.0,E.Manning
2012_12_HOU_DET,DET,00-0026498,66,9.478314925512784,0.0,M.Stafford
2012_12_HOU_DET,HOU,00-0022787,50,3.0493323258371854,1.0,M.Schaub
2012_12_MIN_CHI,CHI,00-0024226,34,-1.5805739799942184,1.0,J.Cutler
2012_12_MIN_CHI,MIN,00-0027950,46,-10.060544413604775,1.0,C.Ponder
2012_12_NE_NYJ,NE,00-0019596,27,24.084952797758557,0.0,T.Brady
2012_12_NE_NYJ,NYJ,00-0026898,37,7.522938955284189,1.0,M.Sanchez
2012_12_OAK_CIN,CIN,00-0027973,33,5.516945318261083,0.0,A.Dalton
2012_12_OAK_CIN,LV,00-0021429,38,-16.668342029978376,1.0,C.Palmer
2012_12_PIT_CLE,CLE,00-0029677,32,-13.32150157727638,1.0,B.Weeden
2012_12_PIT_CLE,PIT,00-0000865,35,-8.355753328709397,3.0,C.Batch
2012_12_SEA_MIA,MIA,00-0029701,28,7.300007613986963,1.0,R.Tannehill
2012_12_SEA_MIA,SEA,00-0029263,33,15.408315597567707,0.0,R.Wilson
2012_12_SF_NO,NO,00-0020531,46,-21.75809491390828,2.0,D.Brees
2012_12_SF_NO,SF,00-0027974,27,12.383671524473602,1.0,C.Kaepernick
2012_12_STL_ARI,ARI,00-0029531,54,-19.251733390892365,4.0,R.Lindley
2012_12_STL_ARI,LA,00-0024264,1,-0.5621223021298647,0.0,K.Clemens
2012_12_STL_ARI,LA,00-0027854,20,2.2125859871157445,1.0,S.Bradford
2012_12_TEN_JAX,JAX,00-0026197,33,-1.3595821987255476,1.0,C.Henne
2012_12_TEN_JAX,TEN,00-0027946,46,4.9914923462198475,2.0,J.Locker
2012_12_WAS_DAL,DAL,00-0021678,64,10.969691499687718,2.0,T.Romo
2012_12_WAS_DAL,WAS,00-0029665,30,12.920631926863415,1.0,R.Griffin III
2012_13_ARI_NYJ,ARI,00-0029531,33,-21.769919992325402,1.0,R.Lindley
2012_13_ARI_NYJ,NYJ,00-0026898,25,-17.56480007298233,3.0,M.Sanchez
2012_13_ARI_NYJ,NYJ,00-0028146,9,3.45047469221754,0.0,G.McElroy
2012_13_CAR_KC,CAR,00-0027939,31,6.200786404195242,0.0,C.Newton
2012_13_CAR_KC,KC,00-0025409,26,12.160393054042787,0.0,B.Quinn
2012_13_CIN_SD,CIN,00-0027973,39,-5.8498658691893475,2.0,A.Dalton
2012_13_CIN_SD,LAC,00-0022942,53,-9.454825238383824,1.0,P.Rivers
2012_13_CLE_OAK,CLE,00-0029677,38,11.200007453139776,2.0,B.Weeden
2012_13_CLE_OAK,LV,00-0021429,52,11.249779784265172,1.0,C.Palmer
2012_13_HOU_TEN,HOU,00-0022787,36,1.102888429631527,0.0,M.Schaub
2012_13_HOU_TEN,TEN,00-0027946,55,-14.567458661947628,3.0,J.Locker
2012_13_IND_DET,DET,00-0026498,46,-0.4717902897633013,1.0,M.Stafford
2012_13_IND_DET,IND,00-0029668,57,3.006166247825604,3.0,A.Luck
2012_13_JAX_BUF,BUF,00-0023682,19,0.2181109688821774,1.0,R.Fitzpatrick
2012_13_JAX_BUF,JAX,00-0026197,46,-17.420365167549875,1.0,C.Henne
2012_13_MIN_GB,GB,00-0023459,41,12.285533790047111,1.0,A.Rodgers
2012_13_MIN_GB,MIN,00-0027950,28,-7.238964796297891,2.0,C.Ponder
2012_13_NE_MIA,MIA,00-0029701,34,-4.886973033726553,0.0,R.Tannehill
2012_13_NE_MIA,NE,00-0019596,44,4.134101339910773,1.0,T.Brady
2012_13_NO_ATL,ATL,00-0026143,34,-5.160152582180254,0.0,M.Ryan
2012_13_NO_ATL,NO,00-0020531,51,-15.998395725327018,5.0,D.Brees
2012_13_NYG_WAS,NYG,00-0022803,35,12.552904991794687,0.0,E.Manning
2012_13_NYG_WAS,WAS,00-0029665,21,5.082953980770073,0.0,R.Griffin III
2012_13_PHI_DAL,DAL,00-0021678,30,24.26001621163656,0.0,T.Romo
2012_13_PHI_DAL,PHI,00-0029567,36,8.051561560647214,0.0,N.Foles
2012_13_PIT_BAL,BAL,00-0026158,37,-9.998811515523002,1.0,J.Flacco
2012_13_PIT_BAL,PIT,00-0000865,38,6.709721628173835,1.0,C.Batch
2012_13_PIT_BAL,PIT,00-0027793,1,-2.714625772088766,1.0,A.Brown
2012_13_SEA_CHI,CHI,00-0024226,30,15.573454657802358,0.0,J.Cutler
2012_13_SEA_CHI,SEA,00-0029263,43,16.409718704562287,0.0,R.Wilson
2012_13_SF_STL,LA,00-0027854,44,-1.912540928252314,0.0,S.Bradford
2012_13_SF_STL,SF,00-0027974,40,6.802638177924422,0.0,C.Kaepernick
2012_13_TB_DEN,DEN,00-0010346,38,4.587389406568917,1.0,P.Manning
2012_13_TB_DEN,TB,00-0026993,41,-4.503182106902698,1.0,J.Freeman
2012_14_ARI_SEA,ARI,00-0027754,23,-27.539725243637804,4.0,J.Skelton
2012_14_ARI_SEA,ARI,00-0029531,19,-6.642627278226428,0.0,R.Lindley
2012_14_ARI_SEA,SEA,00-0026349,9,3.654005476112261,0.0,M.Flynn
2012_14_ARI_SEA,SEA,00-0029263,15,6.059348245146602,1.0,R.Wilson
2012_14_ATL_CAR,ATL,00-0026143,52,12.736600863732864,1.0,M.Ryan
2012_14_ATL_CAR,CAR,00-0027939,39,16.255509719258292,0.0,C.Newton
2012_14_BAL_WAS,BAL,00-0026158,24,0.7528125914686825,1.0,J.Flacco
2012_14_BAL_WAS,WAS,00-0029604,2,4.27333254221594,0.0,K.Cousins
2012_14_BAL_WAS,WAS,00-0029665,34,6.6071248654913255,0.0,R.Griffin III
2012_14_CHI_MIN,CHI,00-0023460,10,5.758389338559937,0.0,J.Campbell
2012_14_CHI_MIN,CHI,00-0024226,48,-14.444984554953407,2.0,J.Cutler
2012_14_CHI_MIN,MIN,00-0027950,19,-2.584639291744679,1.0,C.Ponder
2012_14_DAL_CIN,CIN,00-0027973,38,-4.145535392027201,1.0,A.Dalton
2012_14_DAL_CIN,DAL,00-0021678,46,6.938728445502466,1.0,T.Romo
2012_14_DEN_OAK,DEN,00-0010346,39,8.991514183407912,1.0,P.Manning
2012_14_DEN_OAK,LV,00-0021429,32,1.994878707089927,1.0,C.Palmer
2012_14_DET_GB,DET,00-0026498,46,-3.959759840482256,1.0,M.Stafford
2012_14_DET_GB,GB,00-0023459,29,-1.7476773615016117,0.0,A.Rodgers
2012_14_HOU_NE,HOU,00-0022787,34,-5.570628064364428,1.0,M.Schaub
2012_14_HOU_NE,HOU,00-0028090,4,0.9477945808903314,0.0,T.Yates
2012_14_HOU_NE,NE,00-0019596,37,18.6167753385962,0.0,T.Brady
2012_14_HOU_NE,NE,00-0028012,1,-3.280641940305941,1.0,R.Mallett
2012_14_KC_CLE,CLE,00-0029677,34,4.900417507207171,0.0,B.Weeden
2012_14_KC_CLE,KC,00-0025409,27,-11.615665418561548,1.0,B.Quinn
2012_14_MIA_SF,MIA,00-0029701,36,-1.534354166729953,0.0,R.Tannehill
2012_14_MIA_SF,SF,00-0027974,27,0.24875054642031502,0.0,C.Kaepernick
2012_14_NO_NYG,NO,00-0020531,44,0.5600543251966021,2.0,D.Brees
2012_14_NO_NYG,NYG,00-0022803,35,-0.5523720144490842,2.0,E.Manning
2012_14_NYJ_JAX,JAX,00-0026197,46,-10.465302964271476,2.0,C.Henne
2012_14_NYJ_JAX,NYJ,00-0026898,22,-5.146552658008267,0.0,M.Sanchez
2012_14_PHI_TB,PHI,00-0029567,60,12.9242598937196,0.0,N.Foles
2012_14_PHI_TB,TB,00-0026993,37,1.6022039700183086,0.0,J.Freeman
2012_14_SD_PIT,LAC,00-0022942,43,7.779631374482381,0.0,P.Rivers
2012_14_SD_PIT,LAC,00-0027912,1,-0.6590914065018296,0.0,D.Alexander
2012_14_SD_PIT,PIT,00-0022924,47,6.885373678058386,1.0,B.Roethlisberger
2012_14_STL_BUF,BUF,00-0019310,1,-0.947,0.0,R.Lindell
2012_14_STL_BUF,BUF,00-0023682,41,-1.8632906578479345,1.0,R.Fitzpatrick
2012_14_STL_BUF,LA,00-0027854,43,2.4172043500440195,1.0,S.Bradford
2012_14_TEN_IND,IND,00-0029668,39,-5.332212237045858,2.0,A.Luck
2012_14_TEN_IND,TEN,00-0027946,38,1.3350127129170932,2.0,J.Locker
2012_15_CAR_SD,CAR,00-0027939,35,10.467654403591157,0.0,C.Newton
2012_15_CAR_SD,LAC,00-0022942,30,-14.95867681450909,0.0,P.Rivers
2012_15_CIN_PHI,CIN,00-0027973,36,-12.78648641057934,0.0,A.Dalton
2012_15_CIN_PHI,PHI,00-0029567,35,-7.089688546461813,1.0,N.Foles
2012_15_DEN_BAL,BAL,00-0026158,43,-18.080687826367825,1.0,J.Flacco
2012_15_DEN_BAL,DEN,00-0010346,30,4.578950457455884,0.0,P.Manning
2012_15_DET_ARI,ARI,00-0029531,23,-9.438036926066166,1.0,R.Lindley
2012_15_DET_ARI,DET,00-0026498,52,-26.657587846565796,3.0,M.Stafford
2012_15_GB_CHI,CHI,00-0024226,26,-10.615884049217827,1.0,J.Cutler
2012_15_GB_CHI,GB,00-0023459,43,16.013185317659012,0.0,A.Rodgers
2012_15_IND_HOU,HOU,00-0022787,34,8.882293801658532,0.0,M.Schaub
2012_15_IND_HOU,IND,00-0029668,33,-5.259332731442379,0.0,A.Luck
2012_15_JAX_MIA,JAX,00-0026197,37,-0.4116290078564453,0.0,C.Henne
2012_15_JAX_MIA,MIA,00-0025612,1,-2.1032492129597813,0.0,B.Fields
2012_15_JAX_MIA,MIA,00-0029701,31,9.301774948248088,0.0,R.Tannehill
2012_15_KC_OAK,KC,00-0025409,36,-20.739931787538808,1.0,B.Quinn
2012_15_KC_OAK,LV,00-0021429,29,2.8823760881927623,0.0,C.Palmer
2012_15_KC_OAK,LV,00-0028825,1,-1.2375423829071224,0.0,T.Pryor
2012_15_MIN_STL,LA,00-0027854,61,-1.5670166921053141,1.0,S.Bradford
2012_15_MIN_STL,MIN,00-0027950,28,1.8033622215754646,0.0,C.Ponder
2012_15_NYG_ATL,ATL,00-0026143,29,21.71914056246169,0.0,M.Ryan
2012_15_NYG_ATL,NYG,00-0022803,26,-13.436804669613483,2.0,E.Manning
2012_15_NYJ_TEN,NYJ,00-0026898,34,-16.32128602564775,4.0,M.Sanchez
2012_15_NYJ_TEN,NYJ,00-0027876,2,-2.013019948732108,0.0,T.Tebow
2012_15_NYJ_TEN,TEN,00-0027946,29,-3.106253897829447,0.0,J.Locker
2012_15_PIT_DAL,DAL,00-0021678,44,12.903728236920815,0.0,T.Romo
2012_15_PIT_DAL,PIT,00-0022924,44,6.864056409369969,1.0,B.Roethlisberger
2012_15_SEA_BUF,BUF,00-0023682,42,-21.763274730293865,2.0,R.Fitzpatrick
2012_15_SEA_BUF,BUF,00-0025604,5,-0.1252952115610242,0.0,T.Thigpen
2012_15_SEA_BUF,SEA,00-0029263,29,13.513418117011238,0.0,R.Wilson
2012_15_SF_NE,NE,00-0019596,67,-0.2031085263601291,2.0,T.Brady
2012_15_SF_NE,SF,00-0027974,27,10.537674563995097,1.0,C.Kaepernick
2012_15_TB_NO,NO,00-0020531,40,13.771554521583372,0.0,D.Brees
2012_15_TB_NO,TB,00-0023578,7,-0.7879688799730502,0.0,D.Orlovsky
2012_15_TB_NO,TB,00-0026993,50,-20.202403708011843,4.0,J.Freeman
2012_15_WAS_CLE,CLE,00-0029677,38,-13.060144823917653,2.0,B.Weeden
2012_15_WAS_CLE,WAS,00-0029604,41,11.547120594190462,1.0,K.Cousins
2012_16_ATL_DET,ATL,00-0026143,35,20.427191452831938,0.0,M.Ryan
2012_16_ATL_DET,DET,00-0026498,56,9.32195642118055,1.0,M.Stafford
2012_16_BUF_MIA,BUF,00-0023682,39,1.1601917440174079,1.0,R.Fitzpatrick
2012_16_BUF_MIA,MIA,00-0029701,28,-0.7929204256469482,0.0,R.Tannehill
2012_16_CHI_ARI,ARI,00-0026625,21,-9.841077807126567,1.0,B.Hoyer
2012_16_CHI_ARI,ARI,00-0029531,32,-11.64408033897119,1.0,R.Lindley
2012_16_CHI_ARI,CHI,00-0024226,28,-1.9533654832048342,0.0,J.Cutler
2012_16_CIN_PIT,CIN,00-0027973,47,-3.702579279825259,2.0,A.Dalton
2012_16_CIN_PIT,PIT,00-0022924,33,-12.256013315085971,2.0,B.Roethlisberger
2012_16_CLE_DEN,CLE,00-0027688,22,-5.283705722249579,0.0,C.McCoy
2012_16_CLE_DEN,CLE,00-0029677,23,-0.5806216109056683,0.0,B.Weeden
2012_16_CLE_DEN,DEN,00-0010346,43,18.218151234232483,1.0,P.Manning
2012_16_IND_KC,IND,00-0029608,1,-0.8833354458329268,0.0,T.Hilton
2012_16_IND_KC,IND,00-0029668,41,1.2305782548675377,0.0,A.Luck
2012_16_IND_KC,KC,00-0025409,26,-9.633507929657592,2.0,B.Quinn
2012_16_MIN_HOU,HOU,00-0022787,35,-5.4436464566106455,0.0,M.Schaub
2012_16_MIN_HOU,HOU,00-0028090,2,-4.292596891755238,0.0,T.Yates
2012_16_MIN_HOU,MIN,00-0027950,34,6.598318498638539,0.0,C.Ponder
2012_16_NE_JAX,JAX,00-0026197,52,-1.090246677624561,3.0,C.Henne
2012_16_NE_JAX,NE,00-0019596,44,5.8732440729838045,2.0,T.Brady
2012_16_NO_DAL,DAL,00-0021678,44,17.822601132193803,0.0,T.Romo
2012_16_NO_DAL,NO,00-0020531,53,30.409080246848674,0.0,D.Brees
2012_16_NYG_BAL,BAL,00-0026158,36,21.40892339924942,0.0,J.Flacco
2012_16_NYG_BAL,NYG,00-0022803,32,0.05923799565061927,0.0,E.Manning
2012_16_OAK_CAR,CAR,00-0027939,34,7.609239976865026,1.0,C.Newton
2012_16_OAK_CAR,LV,00-0021429,3,2.510204658843577,0.0,C.Palmer
2012_16_OAK_CAR,LV,00-0024225,33,-10.021970373780729,1.0,M.Leinart
2012_16_OAK_CAR,LV,00-0028825,1,0.3074557025101967,0.0,T.Pryor
2012_16_SD_NYJ,LAC,00-0022942,27,1.1162835813870235,0.0,P.Rivers
2012_16_SD_NYJ,NYJ,00-0028091,1,2.322969053639099,0.0,J.Kerley
2012_16_SD_NYJ,NYJ,00-0028146,39,-16.36606242381056,1.0,G.McElroy
2012_16_SF_SEA,SEA,00-0025431,1,-0.4732295605354011,0.0,S.Rice
2012_16_SF_SEA,SEA,00-0029263,27,17.66855015885085,1.0,R.Wilson
2012_16_SF_SEA,SF,00-0027974,42,1.8120489062333682,1.0,C.Kaepernick
2012_16_STL_TB,LA,00-0027854,27,6.912583048921078,1.0,S.Bradford
2012_16_STL_TB,TB,00-0026993,61,-17.051351932451087,4.0,J.Freeman
2012_16_TEN_GB,GB,00-0023459,41,14.155860157096152,0.0,A.Rodgers
2012_16_TEN_GB,GB,00-0027602,2,-0.3678185361204669,0.0,G.Harrell
2012_16_TEN_GB,TEN,00-0027946,40,-18.95681637933012,2.0,J.Locker
2012_16_WAS_PHI,PHI,00-0029567,56,-4.375055451346698,1.0,N.Foles
2012_16_WAS_PHI,WAS,00-0029665,25,4.035292519046742,1.0,R.Griffin III
2012_17_ARI_SF,ARI,00-0026625,37,0.4365109378932015,1.0,B.Hoyer
2012_17_ARI_SF,SF,00-0023436,1,-0.5659660244127735,0.0,A.Smith
2012_17_ARI_SF,SF,00-0027974,31,16.53427618000175,0.0,C.Kaepernick
2012_17_BAL_CIN,BAL,00-0026158,9,-5.568577229510993,0.0,J.Flacco
2012_17_BAL_CIN,BAL,00-0028118,33,-3.101746918419341,1.0,T.Taylor
2012_17_BAL_CIN,CIN,00-0024408,11,-3.0611009185791986,0.0,B.Gradkowski
2012_17_BAL_CIN,CIN,00-0027973,19,-2.118588298384566,0.0,A.Dalton
2012_17_CAR_NO,CAR,00-0023645,1,1.3246748697711155,0.0,D.Anderson
2012_17_CAR_NO,CAR,00-0027939,36,4.545483444907948,1.0,C.Newton
2012_17_CAR_NO,NO,00-0020531,45,12.523199502016144,1.0,D.Brees
2012_17_CHI_DET,CHI,00-0024226,35,5.509926923365344,0.0,J.Cutler
2012_17_CHI_DET,DET,00-0026498,44,1.7962764998760976,1.0,M.Stafford
2012_17_CLE_PIT,CLE,00-0026300,1,-2.273151735018473,0.0,J.Johnson
2012_17_CLE_PIT,CLE,00-0027253,36,-0.4790873594949199,1.0,T.Lewis
2012_17_CLE_PIT,PIT,00-0022924,25,4.460605765867513,0.0,B.Roethlisberger
2012_17_DAL_WAS,DAL,00-0021678,40,-5.027507546310372,3.0,T.Romo
2012_17_DAL_WAS,WAS,00-0029665,19,-1.0857170491944999,0.0,R.Griffin III
2012_17_GB_MIN,GB,00-0023459,44,12.730497894390503,0.0,A.Rodgers
2012_17_GB_MIN,MIN,00-0027950,31,11.723876513439084,0.0,C.Ponder
2012_17_HOU_IND,HOU,00-0022787,40,2.0956787341659666,2.0,M.Schaub
2012_17_HOU_IND,IND,00-0029668,29,8.9752037684666,0.0,A.Luck
2012_17_JAX_TEN,JAX,00-0026197,51,-17.026279193276306,3.0,C.Henne
2012_17_JAX_TEN,TEN,00-0027946,20,-2.281683810304164,0.0,J.Locker
2012_17_KC_DEN,DEN,00-0010346,28,27.390411573986057,0.0,P.Manning
2012_17_KC_DEN,DEN,00-0029682,4,-0.2667718182002998,0.0,B.Osweiler
2012_17_KC_DEN,KC,00-0025409,21,-12.466728170515994,0.0,B.Quinn
2012_17_MIA_NE,MIA,00-0029701,42,-7.967410928769553,1.0,R.Tannehill
2012_17_MIA_NE,NE,00-0019596,37,11.29310458357213,0.0,T.Brady
2012_17_NYJ_BUF,BUF,00-0023682,26,8.587220872389128,0.0,R.Fitzpatrick
2012_17_NYJ_BUF,NYJ,00-0026898,36,-11.898789883875505,1.0,M.Sanchez
2012_17_OAK_SD,LAC,00-0022942,19,9.270560672427322,0.0,P.Rivers
2012_17_OAK_SD,LV,00-0028825,33,5.570827357034432,1.0,T.Pryor
2012_17_PHI_NYG,NYG,00-0020608,1,1.6607886911951937,0.0,D.Carr
2012_17_PHI_NYG,NYG,00-0022803,22,16.06653615151299,0.0,E.Manning
2012_17_PHI_NYG,PHI,00-0020245,40,0.967287349457969,1.0,M.Vick
2012_17_PHI_NYG,PHI,00-0025479,2,0.014045633841305971,0.0,T.Edwards
2012_17_STL_SEA,LA,00-0027854,43,4.901990601608446,1.0,S.Bradford
2012_17_STL_SEA,SEA,00-0029263,29,9.26743890332155,0.0,R.Wilson
2012_17_TB_ATL,ATL,00-0026143,48,-3.722693818233731,0.0,M.Ryan
2012_17_TB_ATL,TB,00-0026993,36,3.5999069966626367,1.0,J.Freeman
2013_01_ARI_STL,ARI,00-0021429,44,7.2727418171523395,1.0,C.Palmer
2013_01_ARI_STL,LA,00-0027854,39,8.166974982878155,1.0,S.Bradford
2013_01_ATL_NO,ATL,00-0026143,42,3.6822315612989716,1.0,M.Ryan
2013_01_ATL_NO,NO,00-0020531,38,12.266079869393558,1.0,D.Brees
2013_01_BAL_DEN,BAL,00-0026158,66,3.395782477708119,2.0,J.Flacco
2013_01_BAL_DEN,DEN,00-0010346,45,24.740109924518038,0.0,P.Manning
2013_01_CIN_CHI,CHI,00-0024226,33,9.768194124844818,1.0,J.Cutler
2013_01_CIN_CHI,CIN,00-0027973,34,7.219991616439074,2.0,A.Dalton
2013_01_GB_SF,GB,00-0023459,39,12.855076099163853,1.0,A.Rodgers
2013_01_GB_SF,SF,00-0027974,45,25.460001841535785,0.0,C.Kaepernick
2013_01_HOU_SD,HOU,00-0022787,47,10.3470591900053,1.0,M.Schaub
2013_01_HOU_SD,LAC,00-0022942,32,3.4710415657027625,1.0,P.Rivers
2013_01_KC_JAX,JAX,00-0026197,6,-1.8019938359211665,0.0,C.Henne
2013_01_KC_JAX,JAX,00-0027948,45,-28.102170499565545,2.0,B.Gabbert
2013_01_KC_JAX,KC,00-0023436,37,-0.7380635277368128,0.0,A.Smith
2013_01_MIA_CLE,CLE,00-0029677,59,-11.027722791285875,3.0,B.Weeden
2013_01_MIA_CLE,MIA,00-0029701,43,7.621185305039692,1.0,R.Tannehill
2013_01_MIN_DET,DET,00-0026498,44,7.363588094508478,1.0,M.Stafford
2013_01_MIN_DET,MIN,00-0027950,33,-0.9702224050175055,3.0,C.Ponder
2013_01_NE_BUF,BUF,00-0030526,30,3.5271184186567552,0.0,E.Manuel
2013_01_NE_BUF,NE,00-0019596,55,5.792491532312269,1.0,T.Brady
2013_01_NYG_DAL,DAL,00-0021678,52,-7.103085514742935,1.0,T.Romo
2013_01_NYG_DAL,NYG,00-0022803,46,7.970994704522964,3.0,E.Manning
2013_01_OAK_IND,IND,00-0029668,31,11.918522243213374,0.0,A.Luck
2013_01_OAK_IND,LV,00-0028825,37,9.072729466999235,2.0,T.Pryor
2013_01_PHI_WAS,PHI,00-0020245,31,7.084988007654777,0.0,M.Vick
2013_01_PHI_WAS,WAS,00-0029665,57,3.6046935280090486,2.0,R.Griffin III
2013_01_SEA_CAR,CAR,00-0027939,26,4.000686861691065,0.0,C.Newton
2013_01_SEA_CAR,SEA,00-0029263,38,10.529129964400227,0.0,R.Wilson
2013_01_TB_NYJ,NYJ,00-0028091,1,-1.8386744274757802,0.0,J.Kerley
2013_01_TB_NYJ,NYJ,00-0030565,48,2.27982306686628,1.0,G.Smith
2013_01_TB_NYJ,TB,00-0026993,34,0.41393066715681925,1.0,J.Freeman
2013_01_TEN_PIT,PIT,00-0022924,38,-1.1771209771977738,1.0,B.Roethlisberger
2013_01_TEN_PIT,TEN,00-0027946,22,2.1186695178146215,0.0,J.Locker
2013_02_CAR_BUF,BUF,00-0030526,44,2.1075940052276048,1.0,E.Manuel
2013_02_CAR_BUF,CAR,00-0027939,46,-2.313439615239094,1.0,C.Newton
2013_02_CLE_BAL,BAL,00-0026158,36,5.2364028601964225,0.0,J.Flacco
2013_02_CLE_BAL,CLE,00-0023460,4,-3.1493620279361494,0.0,J.Campbell
2013_02_CLE_BAL,CLE,00-0029677,40,-5.52343818331795,0.0,B.Weeden
2013_02_DAL_KC,DAL,00-0021678,46,5.996645069382094,0.0,T.Romo
2013_02_DAL_KC,KC,00-0023436,42,4.923352654679013,0.0,A.Smith
2013_02_DEN_NYG,DEN,00-0010346,43,21.433350537616928,0.0,P.Manning
2013_02_DEN_NYG,NYG,00-0022803,50,-5.766984196249476,4.0,E.Manning
2013_02_DET_ARI,ARI,00-0021429,41,-11.445592532609329,1.0,C.Palmer
2013_02_DET_ARI,ARI,00-0027943,1,1.0978419819730334,0.0,P.Peterson
2013_02_DET_ARI,DET,00-0026498,38,6.615680419871536,0.0,M.Stafford
2013_02_JAX_OAK,JAX,00-0026197,44,-0.05435050063850877,0.0,C.Henne
2013_02_JAX_OAK,LV,00-0028825,30,-2.987534551147054,0.0,T.Pryor
2013_02_MIA_IND,IND,00-0029668,50,2.7409144937261045,1.0,A.Luck
2013_02_MIA_IND,MIA,00-0029701,38,4.712577487633098,0.0,R.Tannehill
2013_02_MIN_CHI,CHI,00-0024226,40,-1.008166126803414,2.0,J.Cutler
2013_02_MIN_CHI,MIN,00-0027950,37,1.0387273119982159,1.0,C.Ponder
2013_02_NO_TB,NO,00-0020531,49,-1.211491022941578,2.0,D.Brees
2013_02_NO_TB,TB,00-0026993,24,-8.599720543192234,1.0,J.Freeman
2013_02_NYJ_NE,NE,00-0019596,40,-7.262863154900387,0.0,T.Brady
2013_02_NYJ_NE,NYJ,00-0030565,41,-7.503757017839234,3.0,G.Smith
2013_02_PIT_CIN,CIN,00-0027973,48,2.9890238916186185,0.0,A.Dalton
2013_02_PIT_CIN,PIT,00-0022924,39,-1.6576140240649693,1.0,B.Roethlisberger
2013_02_SD_PHI,LAC,00-0022942,49,30.391198709908952,0.0,P.Rivers
2013_02_SD_PHI,PHI,00-0020245,40,16.729455812526,0.0,M.Vick
2013_02_SD_PHI,PHI,00-0029567,1,-0.6928741743322462,0.0,N.Foles
2013_02_SF_SEA,SEA,00-0029263,26,2.0867443234748078,1.0,R.Wilson
2013_02_SF_SEA,SF,00-0027974,35,-21.126294018706616,3.0,C.Kaepernick
2013_02_STL_ATL,ATL,00-0026143,45,13.353008533013053,0.0,M.Ryan
2013_02_STL_ATL,LA,00-0027854,57,5.627589247712542,1.0,S.Bradford
2013_02_TEN_HOU,HOU,00-0022787,50,-6.641219505037267,2.0,M.Schaub
2013_02_TEN_HOU,TEN,00-0027946,35,2.693499323442317,0.0,J.Locker
2013_02_WAS_GB,GB,00-0023459,46,24.846127530423768,0.0,A.Rodgers
2013_02_WAS_GB,WAS,00-0029665,43,10.828032462284291,1.0,R.Griffin III
2013_03_ARI_NO,ARI,00-0021429,39,-16.95640060468577,2.0,C.Palmer
2013_03_ARI_NO,NO,00-0020531,53,14.760607417757635,1.0,D.Brees
2013_03_ATL_MIA,ATL,00-0026143,38,10.402140103502193,1.0,M.Ryan
2013_03_ATL_MIA,MIA,00-0029701,41,-1.3851563135594183,1.0,R.Tannehill
2013_03_BUF_NYJ,BUF,00-0030526,53,-12.755297983602905,0.0,E.Manuel
2013_03_BUF_NYJ,NYJ,00-0030565,29,9.404485223065963,2.0,G.Smith
2013_03_CHI_PIT,CHI,00-0024226,33,5.5777152761404345,0.0,J.Cutler
2013_03_CHI_PIT,PIT,00-0022924,45,-12.212184164849228,2.0,B.Roethlisberger
2013_03_CLE_MIN,CLE,00-0026625,57,-9.814671069906954,3.0,B.Hoyer
2013_03_CLE_MIN,CLE,00-0028347,1,4.245240559626836,0.0,S.Lanning
2013_03_CLE_MIN,MIN,00-0027950,52,-6.810671008208184,1.0,C.Ponder
2013_03_DET_WAS,DET,00-0026498,43,12.533895794904016,1.0,M.Stafford
2013_03_DET_WAS,WAS,00-0029665,55,-0.964037335745751,1.0,R.Griffin III
2013_03_GB_CIN,CIN,00-0027973,34,1.7139153978553194,1.0,A.Dalton
2013_03_GB_CIN,GB,00-0023459,50,-7.316058225641076,2.0,A.Rodgers
2013_03_HOU_BAL,BAL,00-0026158,26,7.538411414715705,0.0,J.Flacco
2013_03_HOU_BAL,HOU,00-0022787,38,-11.821718413490029,1.0,M.Schaub
2013_03_IND_SF,IND,00-0029668,29,6.201207171216761,0.0,A.Luck
2013_03_IND_SF,SF,00-0027974,35,-9.992078160343226,1.0,C.Kaepernick
2013_03_JAX_SEA,JAX,00-0026197,41,-8.599879635672599,2.0,C.Henne
2013_03_JAX_SEA,SEA,00-0024279,8,9.1852669348591,0.0,T.Jackson
2013_03_JAX_SEA,SEA,00-0029263,24,3.3568139691487886,1.0,R.Wilson
2013_03_KC_PHI,KC,00-0023436,46,7.418496849056973,0.0,A.Smith
2013_03_KC_PHI,PHI,00-0020245,38,-14.815510957760488,2.0,M.Vick
2013_03_NYG_CAR,CAR,00-0027939,29,9.896368179641023,1.0,C.Newton
2013_03_NYG_CAR,NYG,00-0022803,31,-11.594083473653251,1.0,E.Manning
2013_03_NYG_CAR,NYG,00-0027134,4,-2.2051834523444995,1.0,C.Painter
2013_03_OAK_DEN,DEN,00-0010346,38,18.254920588712828,0.0,P.Manning
2013_03_OAK_DEN,LV,00-0026144,1,2.510503833531402,0.0,D.McFadden
2013_03_OAK_DEN,LV,00-0026349,2,2.851763659477001,0.0,M.Flynn
2013_03_OAK_DEN,LV,00-0028825,32,7.162686204595957,0.0,T.Pryor
2013_03_SD_TEN,LAC,00-0022942,26,7.520777982511651,0.0,P.Rivers
2013_03_SD_TEN,TEN,00-0027946,41,11.756084569264083,0.0,J.Locker
2013_03_STL_DAL,DAL,00-0021678,25,10.995132926237098,0.0,T.Romo
2013_03_STL_DAL,LA,00-0027854,54,-16.493988772155717,0.0,S.Bradford
2013_03_STL_DAL,LA,00-0028872,1,-1.8240076925139874,0.0,J.Hekker
2013_03_TB_NE,NE,00-0019596,39,3.1311645604132563,1.0,T.Brady
2013_03_TB_NE,TB,00-0026993,45,-7.87965788751391,1.0,J.Freeman
2013_04_ARI_TB,ARI,00-0021429,40,-3.3728647972173307,2.0,C.Palmer
2013_04_ARI_TB,TB,00-0030520,45,-10.19405542420801,2.0,M.Glennon
2013_04_BAL_BUF,BAL,00-0026158,54,-14.081339700076333,5.0,J.Flacco
2013_04_BAL_BUF,BUF,00-0030526,26,-8.20599730050998,2.0,E.Manuel
2013_04_CHI_DET,CHI,00-0024226,53,-7.255543389116865,3.0,J.Cutler
2013_04_CHI_DET,DET,00-0026498,37,-3.339831840228473,1.0,M.Stafford
2013_04_CIN_CLE,CIN,00-0027973,46,-10.287913868309852,1.0,A.Dalton
2013_04_CIN_CLE,CLE,00-0026625,42,8.976192706206062,0.0,B.Hoyer
2013_04_DAL_SD,DAL,00-0021678,41,3.685695653621088,0.0,T.Romo
2013_04_DAL_SD,LAC,00-0022942,43,10.128288069977826,1.0,P.Rivers
2013_04_IND_JAX,IND,00-0007091,3,2.451773956070305,0.0,M.Hasselbeck
2013_04_IND_JAX,IND,00-0029668,39,10.867116760617545,1.0,A.Luck
2013_04_IND_JAX,JAX,00-0027948,38,-23.192827059755224,3.0,B.Gabbert
2013_04_MIA_NO,MIA,00-0029701,41,-8.716627772897482,3.0,R.Tannehill
2013_04_MIA_NO,NO,00-0020531,42,24.90514006008715,0.0,D.Brees
2013_04_NE_ATL,ATL,00-0026143,56,4.44039828555446,1.0,M.Ryan
2013_04_NE_ATL,NE,00-0019596,31,19.391968521836656,0.0,T.Brady
2013_04_NYG_KC,KC,00-0023436,47,9.424135090312877,2.0,A.Smith
2013_04_NYG_KC,NYG,00-0022803,41,-6.207382533597843,1.0,E.Manning
2013_04_NYJ_TEN,NYJ,00-0030565,42,-13.274634476821042,2.0,G.Smith
2013_04_NYJ_TEN,TEN,00-0023682,8,5.702776435064152,0.0,R.Fitzpatrick
2013_04_NYJ_TEN,TEN,00-0027946,29,9.149880782933142,0.0,J.Locker
2013_04_PHI_DEN,DEN,00-0010346,35,20.65359622624237,0.0,P.Manning
2013_04_PHI_DEN,DEN,00-0029682,4,0.03538852786658353,0.0,B.Osweiler
2013_04_PHI_DEN,PHI,00-0020245,36,7.95596845259695,0.0,M.Vick
2013_04_PHI_DEN,PHI,00-0029567,4,5.06398630910553,0.0,N.Foles
2013_04_PIT_MIN,MIN,00-0023662,27,15.554183732902393,0.0,M.Cassel
2013_04_PIT_MIN,PIT,00-0022924,53,10.550428730069594,1.0,B.Roethlisberger
2013_04_SEA_HOU,HOU,00-0022787,54,-6.480525492872399,2.0,M.Schaub
2013_04_SEA_HOU,SEA,00-0029263,34,-2.333537412646525,1.0,R.Wilson
2013_04_SF_STL,LA,00-0027854,46,-17.781198673753476,1.0,S.Bradford
2013_04_SF_STL,SF,00-0027974,27,5.16615394630935,0.0,C.Kaepernick
2013_04_WAS_OAK,LV,00-0026349,40,-15.735551622405183,1.0,M.Flynn
2013_04_WAS_OAK,WAS,00-0029665,33,2.544003799383063,0.0,R.Griffin III
2013_05_BAL_MIA,BAL,00-0026158,35,6.15679925719984,1.0,J.Flacco
2013_05_BAL_MIA,MIA,00-0029701,45,-0.5125852185825425,0.0,R.Tannehill
2013_05_BUF_CLE,BUF,00-0030024,22,-13.883379151811823,1.0,J.Tuel
2013_05_BUF_CLE,BUF,00-0030526,23,3.386964704660892,0.0,E.Manuel
2013_05_BUF_CLE,CLE,00-0026625,5,0.9901401943061501,0.0,B.Hoyer
2013_05_BUF_CLE,CLE,00-0029677,29,0.9812981340207245,0.0,B.Weeden
2013_05_CAR_ARI,ARI,00-0021429,30,-2.7011035849452605,3.0,C.Palmer
2013_05_CAR_ARI,CAR,00-0027939,46,-19.969145126679493,3.0,C.Newton
2013_05_DEN_DAL,DAL,00-0021678,41,30.46845936791673,1.0,T.Romo
2013_05_DEN_DAL,DEN,00-0010346,42,32.785227528939814,1.0,P.Manning
2013_05_DET_GB,DET,00-0026498,46,-1.0849131585819967,0.0,M.Stafford
2013_05_DET_GB,GB,00-0023459,33,7.329746033250125,0.0,A.Rodgers
2013_05_HOU_SF,HOU,00-0022787,36,-14.109557614415401,3.0,M.Schaub
2013_05_HOU_SF,HOU,00-0028090,5,-0.3170747037511319,0.0,T.Yates
2013_05_HOU_SF,SF,00-0027974,17,4.268809000828499,0.0,C.Kaepernick
2013_05_JAX_STL,JAX,00-0026197,14,1.1364068821481244,0.0,C.Henne
2013_05_JAX_STL,JAX,00-0027948,22,-10.574863828835078,2.0,B.Gabbert
2013_05_JAX_STL,LA,00-0027854,38,2.8849263799631815,0.0,S.Bradford
2013_05_KC_TEN,KC,00-0023436,44,-3.7247050444830316,1.0,A.Smith
2013_05_KC_TEN,TEN,00-0023682,49,-3.139375484896691,2.0,R.Fitzpatrick
2013_05_NE_CIN,CIN,00-0027973,33,0.29953749048406575,1.0,A.Dalton
2013_05_NE_CIN,NE,00-0019596,41,-8.213107121848548,1.0,T.Brady
2013_05_NO_CHI,CHI,00-0024226,38,2.946602956396774,0.0,J.Cutler
2013_05_NO_CHI,NO,00-0020531,36,16.296452493013494,0.0,D.Brees
2013_05_NYJ_ATL,ATL,00-0026143,47,13.24725701782154,0.0,M.Ryan
2013_05_NYJ_ATL,NYJ,00-0030565,26,9.861620933103993,0.0,G.Smith
2013_05_PHI_NYG,NYG,00-0022803,53,-2.55957317200955,3.0,E.Manning
2013_05_PHI_NYG,PHI,00-0020245,16,4.815544641284715,0.0,M.Vick
2013_05_PHI_NYG,PHI,00-0029567,26,9.63856893023353,0.0,N.Foles
2013_05_SD_OAK,LAC,00-0022942,50,13.576399004825412,3.0,P.Rivers
2013_05_SD_OAK,LV,00-0028825,29,5.617260649074117,0.0,T.Pryor
2013_05_SEA_IND,IND,00-0029668,35,2.971869795584409,0.0,A.Luck
2013_05_SEA_IND,SEA,00-0029263,42,15.134489323534668,1.0,R.Wilson
2013_06_ARI_SF,ARI,00-0021429,42,-3.423631014826242,2.0,C.Palmer
2013_06_ARI_SF,ARI,00-0027943,1,-0.947,0.0,P.Peterson
2013_06_ARI_SF,SF,00-0027974,32,0.46850688231415205,1.0,C.Kaepernick
2013_06_CAR_MIN,CAR,00-0027939,29,24.734106792137027,0.0,C.Newton
2013_06_CAR_MIN,MIN,00-0023662,49,-12.402190059343955,2.0,M.Cassel
2013_06_CIN_BUF,BUF,00-0027253,41,-0.6939095539760558,0.0,T.Lewis
2013_06_CIN_BUF,CIN,00-0027973,46,17.10240038346656,1.0,A.Dalton
2013_06_DET_CLE,CLE,00-0029677,46,-5.080389960401687,2.0,B.Weeden
2013_06_DET_CLE,DET,00-0026498,45,11.336210027907441,1.0,M.Stafford
2013_06_GB_BAL,BAL,00-0026158,40,3.39783686454024,0.0,J.Flacco
2013_06_GB_BAL,GB,00-0023459,37,5.997584383838454,1.0,A.Rodgers
2013_06_IND_SD,IND,00-0029668,35,-3.277541191010444,1.0,A.Luck
2013_06_IND_SD,LAC,00-0022942,35,6.778355051604312,0.0,P.Rivers
2013_06_JAX_DEN,DEN,00-0010346,42,10.804998933977913,1.0,P.Manning
2013_06_JAX_DEN,JAX,00-0026197,45,1.1434932028533318,2.0,C.Henne
2013_06_NO_NE,NE,00-0019596,49,5.807962504647092,1.0,T.Brady
2013_06_NO_NE,NO,00-0020531,38,7.488010448882365,1.0,D.Brees
2013_06_NYG_CHI,CHI,00-0024226,39,10.813080440966207,0.0,J.Cutler
2013_06_NYG_CHI,NYG,00-0022803,27,-0.8631893852143548,3.0,E.Manning
2013_06_OAK_KC,KC,00-0023436,37,-8.96541873149377,0.0,A.Smith
2013_06_OAK_KC,LV,00-0028825,46,-12.856419557123445,3.0,T.Pryor
2013_06_PHI_TB,PHI,00-0029567,33,18.685991751088295,0.0,N.Foles
2013_06_PHI_TB,TB,00-0030520,47,3.890705751212945,1.0,M.Glennon
2013_06_PIT_NYJ,NYJ,00-0030565,37,-12.564901191631115,2.0,G.Smith
2013_06_PIT_NYJ,PIT,00-0022924,35,11.086631503114535,0.0,B.Roethlisberger
2013_06_PIT_NYJ,PIT,00-0027793,2,-0.20008470269860412,0.0,A.Brown
2013_06_STL_HOU,HOU,00-0022787,24,4.847885038746593,0.0,M.Schaub
2013_06_STL_HOU,HOU,00-0028090,19,-11.183664371434133,2.0,T.Yates
2013_06_STL_HOU,LA,00-0027854,17,12.762782258350597,0.0,S.Bradford
2013_06_TEN_SEA,SEA,00-0029263,38,9.022867054355062,0.0,R.Wilson
2013_06_TEN_SEA,TEN,00-0023682,37,-0.6035896259071025,2.0,R.Fitzpatrick
2013_06_WAS_DAL,DAL,00-0021678,31,-1.6744027610215175,1.0,T.Romo
2013_06_WAS_DAL,WAS,00-0029665,45,-1.1822521089340192,1.0,R.Griffin III
2013_07_BAL_PIT,BAL,00-0026158,36,13.072657571377334,0.0,J.Flacco
2013_07_BAL_PIT,PIT,00-0022924,28,7.551986867600073,0.0,B.Roethlisberger
2013_07_BUF_MIA,BUF,00-0027253,37,-2.3270685733901777,1.0,T.Lewis
2013_07_BUF_MIA,MIA,00-0029701,39,-9.159860909937299,2.0,R.Tannehill
2013_07_CHI_WAS,CHI,00-0021206,24,13.743873302801182,0.0,J.McCown
2013_07_CHI_WAS,CHI,00-0024226,9,-11.007581876913711,1.0,J.Cutler
2013_07_CHI_WAS,WAS,00-0029665,32,13.270474098127178,1.0,R.Griffin III
2013_07_CIN_DET,CIN,00-0027973,36,24.443626495082153,0.0,A.Dalton
2013_07_CIN_DET,DET,00-0026498,51,20.873587161176,0.0,M.Stafford
2013_07_CLE_GB,CLE,00-0029677,47,-11.523117721134387,1.0,B.Weeden
2013_07_CLE_GB,GB,00-0023459,40,15.651299356103396,0.0,A.Rodgers
2013_07_DAL_PHI,DAL,00-0021678,50,3.1056165562244247,2.0,T.Romo
2013_07_DAL_PHI,PHI,00-0029567,34,-14.74118597545985,0.0,N.Foles
2013_07_DAL_PHI,PHI,00-0030533,20,-5.567889692611061,3.0,M.Barkley
2013_07_DEN_IND,DEN,00-0010346,54,12.704365522120877,1.0,P.Manning
2013_07_DEN_IND,IND,00-0029668,43,3.5750257065045865,0.0,A.Luck
2013_07_HOU_KC,HOU,00-0028986,31,1.4928863367079792,0.0,C.Keenum
2013_07_HOU_KC,KC,00-0023436,37,7.792790610197699,1.0,A.Smith
2013_07_MIN_NYG,MIN,00-0026993,54,-19.871343475117605,1.0,J.Freeman
2013_07_MIN_NYG,NYG,00-0022803,42,2.158333404765727,0.0,E.Manning
2013_07_NE_NYJ,NE,00-0019596,50,-9.809805452436493,1.0,T.Brady
2013_07_NE_NYJ,NYJ,00-0030565,39,0.08216077749154183,1.0,G.Smith
2013_07_SD_JAX,JAX,00-0026197,43,-8.445405095382952,1.0,C.Henne
2013_07_SD_JAX,LAC,00-0022942,28,18.667901559272998,0.0,P.Rivers
2013_07_SEA_ARI,ARI,00-0021429,55,-17.42502576655275,2.0,C.Palmer
2013_07_SEA_ARI,SEA,00-0029263,34,1.3822661311435174,0.0,R.Wilson
2013_07_SF_TEN,SF,00-0027974,25,11.055131582077593,0.0,C.Kaepernick
2013_07_SF_TEN,TEN,00-0027946,47,2.541725706234292,1.0,J.Locker
2013_07_STL_CAR,CAR,00-0027939,22,13.889474735906145,0.0,C.Newton
2013_07_STL_CAR,LA,00-0024264,6,-4.297827207483351,0.0,K.Clemens
2013_07_STL_CAR,LA,00-0027854,33,0.8679320562863091,1.0,S.Bradford
2013_07_TB_ATL,ATL,00-0026143,26,13.955727020082207,0.0,M.Ryan
2013_07_TB_ATL,TB,00-0030520,48,-0.19720614043900042,0.0,M.Glennon
2013_08_ATL_ARI,ARI,00-0021429,22,1.3722575581751277,1.0,C.Palmer
2013_08_ATL_ARI,ATL,00-0026143,65,-5.965805794729631,4.0,M.Ryan
2013_08_BUF_NO,BUF,00-0027253,44,-6.071548634030606,1.0,T.Lewis
2013_08_BUF_NO,NO,00-0020531,39,11.991294817903444,0.0,D.Brees
2013_08_CAR_TB,CAR,00-0027939,39,7.802663078502448,0.0,C.Newton
2013_08_CAR_TB,TB,00-0030520,55,-6.141339025207106,0.0,M.Glennon
2013_08_CLE_KC,CLE,00-0023460,40,6.5203580827081975,0.0,J.Campbell
2013_08_CLE_KC,KC,00-0023436,46,5.377396707160767,0.0,A.Smith
2013_08_DAL_DET,DAL,00-0021678,32,1.1358671583609912,0.0,T.Romo
2013_08_DAL_DET,DET,00-0026498,50,8.870555712190992,2.0,M.Stafford
2013_08_GB_MIN,GB,00-0023459,35,26.90714696107349,0.0,A.Rodgers
2013_08_GB_MIN,MIN,00-0027950,29,1.4163022729070978,0.0,C.Ponder
2013_08_MIA_NE,MIA,00-0029701,49,-3.0593725946394192,2.0,R.Tannehill
2013_08_MIA_NE,NE,00-0019596,26,-5.65396035570356,1.0,T.Brady
2013_08_NYG_PHI,NYG,00-0022803,40,1.2145130376863227,0.0,E.Manning
2013_08_NYG_PHI,PHI,00-0020245,11,-7.656524464953691,1.0,M.Vick
2013_08_NYG_PHI,PHI,00-0030533,29,-9.102586040098686,1.0,M.Barkley
2013_08_NYJ_CIN,CIN,00-0027973,31,22.015091617242433,1.0,A.Dalton
2013_08_NYJ_CIN,NYJ,00-0029151,11,-2.691406040743459,0.0,M.Simms
2013_08_NYJ_CIN,NYJ,00-0030565,34,-15.136330928243474,2.0,G.Smith
2013_08_PIT_OAK,LV,00-0028825,24,-7.5457312199578155,2.0,T.Pryor
2013_08_PIT_OAK,PIT,00-0022924,50,-5.090460928402834,2.0,B.Roethlisberger
2013_08_SEA_STL,LA,00-0024264,36,-17.607794319593648,2.0,K.Clemens
2013_08_SEA_STL,SEA,00-0029263,25,-6.118910007353406,0.0,R.Wilson
2013_08_SF_JAX,JAX,00-0026197,45,4.898079711152887,0.0,C.Henne
2013_08_SF_JAX,SF,00-0027688,1,1.662437965394929,0.0,C.McCoy
2013_08_SF_JAX,SF,00-0027974,19,14.237269819655921,0.0,C.Kaepernick
2013_08_WAS_DEN,DEN,00-0010346,46,0.938221582065311,3.0,P.Manning
2013_08_WAS_DEN,WAS,00-0029604,9,-12.40595554804895,2.0,K.Cousins
2013_08_WAS_DEN,WAS,00-0029665,36,-14.963610129023436,2.0,R.Griffin III
2013_09_ATL_CAR,ATL,00-0026143,29,-6.595106736850032,3.0,M.Ryan
2013_09_ATL_CAR,CAR,00-0027939,37,5.619814570983747,2.0,C.Newton
2013_09_BAL_CLE,BAL,00-0026158,49,2.949562715489736,1.0,J.Flacco
2013_09_BAL_CLE,CLE,00-0023460,40,13.945729876199039,0.0,J.Campbell
2013_09_BAL_CLE,CLE,00-0029677,2,-1.8819071943871677,0.0,B.Weeden
2013_09_CHI_GB,CHI,00-0021206,43,11.159621785455979,0.0,J.McCown
2013_09_CHI_GB,GB,00-0022055,23,-12.552858519350872,1.0,S.Wallace
2013_09_CHI_GB,GB,00-0023459,4,1.8523147350316806,0.0,A.Rodgers
2013_09_CIN_MIA,CIN,00-0027973,60,-9.852227835864177,3.0,A.Dalton
2013_09_CIN_MIA,MIA,00-0029701,31,0.6046140573187708,0.0,R.Tannehill
2013_09_IND_HOU,HOU,00-0028986,35,17.921502659537474,0.0,C.Keenum
2013_09_IND_HOU,IND,00-0029668,46,6.867641198737049,0.0,A.Luck
2013_09_KC_BUF,BUF,00-0030024,41,-15.150558861363667,2.0,J.Tuel
2013_09_KC_BUF,KC,00-0023436,32,-5.411833833762523,0.0,A.Smith
2013_09_MIN_DAL,DAL,00-0021678,55,7.973102028017386,1.0,T.Romo
2013_09_MIN_DAL,MIN,00-0027950,43,3.803468078840524,1.0,C.Ponder
2013_09_NO_NYJ,NO,00-0020531,53,5.324040235219558,2.0,D.Brees
2013_09_NO_NYJ,NYJ,00-0023176,1,1.8876387914642692,0.0,J.Cribbs
2013_09_NO_NYJ,NYJ,00-0030565,22,-4.5208937048048305,0.0,G.Smith
2013_09_PHI_OAK,LV,00-0028825,50,-4.6190602161609196,2.0,T.Pryor
2013_09_PHI_OAK,LV,00-0030419,15,0.11129098589299247,0.0,M.McGloin
2013_09_PHI_OAK,PHI,00-0029567,31,35.673284570046235,0.0,N.Foles
2013_09_PHI_OAK,PHI,00-0030533,3,-0.9953851408790797,0.0,M.Barkley
2013_09_PIT_NE,NE,00-0019596,36,25.742358025338238,0.0,T.Brady
2013_09_PIT_NE,PIT,00-0022924,53,7.680402375906535,2.0,B.Roethlisberger
2013_09_SD_WAS,LAC,00-0022942,49,10.701869323414803,2.0,P.Rivers
2013_09_SD_WAS,WAS,00-0029665,35,12.733473582252405,1.0,R.Griffin III
2013_09_TB_SEA,SEA,00-0029263,29,6.552422554091413,2.0,R.Wilson
2013_09_TB_SEA,TB,00-0030391,1,1.0166612838511355,0.0,M.James
2013_09_TB_SEA,TB,00-0030520,29,6.103913849881801,0.0,M.Glennon
2013_09_TEN_STL,LA,00-0024264,37,4.1389275306975435,0.0,K.Clemens
2013_09_TEN_STL,TEN,00-0027946,28,-0.34512507609906606,2.0,J.Locker
2013_10_BUF_PIT,BUF,00-0030526,44,-12.416769843966383,1.0,E.Manuel
2013_10_BUF_PIT,PIT,00-0022924,34,-9.187771860912807,1.0,B.Roethlisberger
2013_10_CAR_SF,CAR,00-0027939,37,-5.347559002728943,1.0,C.Newton
2013_10_CAR_SF,SF,00-0027974,31,-8.453601413564439,1.0,C.Kaepernick
2013_10_CIN_BAL,BAL,00-0026158,42,-14.301556542271111,2.0,J.Flacco
2013_10_CIN_BAL,CIN,00-0027973,57,-15.117394892099911,3.0,A.Dalton
2013_10_DAL_NO,DAL,00-0021678,27,-7.762419945289008,0.0,T.Romo
2013_10_DAL_NO,NO,00-0020531,42,24.254757449819458,0.0,D.Brees
2013_10_DEN_SD,DEN,00-0010346,38,14.637428417336196,0.0,P.Manning
2013_10_DEN_SD,LAC,00-0022942,36,4.391120739557599,0.0,P.Rivers
2013_10_DET_CHI,CHI,00-0021206,10,5.946532432222739,0.0,J.McCown
2013_10_DET_CHI,CHI,00-0024226,41,2.1120238080565965,1.0,J.Cutler
2013_10_DET_CHI,DET,00-0026498,35,5.178081635723532,1.0,M.Stafford
2013_10_HOU_ARI,ARI,00-0021429,33,2.23830018860502,1.0,C.Palmer
2013_10_HOU_ARI,HOU,00-0028986,48,-8.068191516448243,0.0,C.Keenum
2013_10_JAX_TEN,JAX,00-0026197,26,-4.410331936145667,2.0,C.Henne
2013_10_JAX_TEN,TEN,00-0023682,36,8.930520222604097,0.0,R.Fitzpatrick
2013_10_JAX_TEN,TEN,00-0027946,10,-6.764392722863704,1.0,J.Locker
2013_10_MIA_TB,MIA,00-0029701,45,3.330232796230879,1.0,R.Tannehill
2013_10_MIA_TB,TB,00-0030520,25,-4.577956025334149,1.0,M.Glennon
2013_10_OAK_NYG,LV,00-0028825,30,-20.475944162225765,1.0,T.Pryor
2013_10_OAK_NYG,NYG,00-0022803,25,-8.14560593980821,1.0,E.Manning
2013_10_PHI_GB,GB,00-0022055,5,0.4616085685920328,0.0,S.Wallace
2013_10_PHI_GB,GB,00-0028595,41,-5.442840621386281,2.0,S.Tolzien
2013_10_PHI_GB,PHI,00-0029567,23,11.170801997359113,0.0,N.Foles
2013_10_SEA_ATL,ATL,00-0026143,40,0.2821266665087254,0.0,M.Ryan
2013_10_SEA_ATL,SEA,00-0029263,30,20.801145698040685,0.0,R.Wilson
2013_10_STL_IND,IND,00-0007091,5,-0.7367521623673383,1.0,M.Hasselbeck
2013_10_STL_IND,IND,00-0029668,55,-16.40643722515949,3.0,A.Luck
2013_10_STL_IND,LA,00-0024264,18,16.420852625538828,0.0,K.Clemens
2013_10_WAS_MIN,MIN,00-0023662,6,1.222613244879407,0.0,M.Cassel
2013_10_WAS_MIN,MIN,00-0027950,23,9.41915813909145,1.0,C.Ponder
2013_10_WAS_MIN,WAS,00-0029665,41,11.452510843576194,0.0,R.Griffin III
2013_11_ARI_JAX,ARI,00-0021429,45,16.890463318593113,0.0,C.Palmer
2013_11_ARI_JAX,JAX,00-0026197,44,-8.102749455021694,2.0,C.Henne
2013_11_ATL_TB,ATL,00-0026143,39,-6.886994312327864,2.0,M.Ryan
2013_11_ATL_TB,ATL,00-0028863,8,1.218296938503161,0.0,D.Davis
2013_11_ATL_TB,TB,00-0023234,1,-2.3368106929119676,0.0,M.Koenen
2013_11_ATL_TB,TB,00-0029384,1,-0.35246748966164887,0.0,B.Rainey
2013_11_ATL_TB,TB,00-0030520,26,9.147223216070937,0.0,M.Glennon
2013_11_BAL_CHI,BAL,00-0026158,38,-3.4747710787403703,2.0,J.Flacco
2013_11_BAL_CHI,CHI,00-0021206,33,6.019000217643063,0.0,J.McCown
2013_11_CLE_CIN,CIN,00-0027973,28,-17.661001763399668,2.0,A.Dalton
2013_11_CLE_CIN,CIN,00-0029632,1,1.8262901397538371,0.0,M.Sanu
2013_11_CLE_CIN,CLE,00-0023460,60,-22.829228976144233,3.0,J.Campbell
2013_11_DET_PIT,DET,00-0026498,48,6.564092510599647,1.0,M.Stafford
2013_11_DET_PIT,PIT,00-0022924,48,22.339792327896838,0.0,B.Roethlisberger
2013_11_GB_NYG,GB,00-0028595,34,-1.558993613743926,3.0,S.Tolzien
2013_11_GB_NYG,NYG,00-0022803,40,-0.3736111849092456,1.0,E.Manning
2013_11_IND_TEN,IND,00-0029668,41,7.417426082573681,0.0,A.Luck
2013_11_IND_TEN,TEN,00-0023682,34,10.19790924657567,0.0,R.Fitzpatrick
2013_11_KC_DEN,DEN,00-0010346,40,13.14866290151178,0.0,P.Manning
2013_11_KC_DEN,KC,00-0023436,50,-0.08585913051501848,0.0,A.Smith
2013_11_MIN_SEA,MIN,00-0023662,13,-2.299139049195219,1.0,M.Cassel
2013_11_MIN_SEA,MIN,00-0027950,26,-12.983012113083499,2.0,C.Ponder
2013_11_MIN_SEA,SEA,00-0024279,3,-2.2345451682688413,0.0,T.Jackson
2013_11_MIN_SEA,SEA,00-0029263,20,13.731545845104847,0.0,R.Wilson
2013_11_NE_CAR,CAR,00-0027939,35,17.37805424980153,0.0,C.Newton
2013_11_NE_CAR,NE,00-0019596,42,10.360187223331913,1.0,T.Brady
2013_11_NYJ_BUF,BUF,00-0030526,31,8.302049428130916,0.0,E.Manuel
2013_11_NYJ_BUF,NYJ,00-0029151,6,2.3185796753386967,0.0,M.Simms
2013_11_NYJ_BUF,NYJ,00-0030565,27,-24.90424908607588,3.0,G.Smith
2013_11_OAK_HOU,HOU,00-0022787,25,-1.589631135162497,0.0,M.Schaub
2013_11_OAK_HOU,HOU,00-0028986,25,-6.107262200766067,1.0,C.Keenum
2013_11_OAK_HOU,LV,00-0030419,34,-1.2015047996180668,0.0,M.McGloin
2013_11_SD_MIA,LAC,00-0022942,38,0.5169896819943824,1.0,P.Rivers
2013_11_SD_MIA,MIA,00-0029701,41,1.3112819490088357,1.0,R.Tannehill
2013_11_SF_NO,NO,00-0020531,44,0.03821728235006949,1.0,D.Brees
2013_11_SF_NO,SF,00-0027974,37,-1.119408035924629,1.0,C.Kaepernick
2013_11_WAS_PHI,PHI,00-0029567,33,13.237639754338732,0.0,N.Foles
2013_11_WAS_PHI,WAS,00-0029665,44,-0.32404028846928856,1.0,R.Griffin III
2013_12_CAR_MIA,CAR,00-0027939,43,-3.2472169655497973,1.0,C.Newton
2013_12_CAR_MIA,MIA,00-0029701,47,-0.44373076349865315,1.0,R.Tannehill
2013_12_CHI_STL,CHI,00-0021206,50,6.823326478770468,1.0,J.McCown
2013_12_CHI_STL,LA,00-0024264,25,5.193819604368917,0.0,K.Clemens
2013_12_DAL_NYG,DAL,00-0021678,43,-0.8522898664232343,1.0,T.Romo
2013_12_DAL_NYG,NYG,00-0022803,32,-3.8136400672658795,0.0,E.Manning
2013_12_DEN_NE,DEN,00-0010346,38,-6.3997210943489335,1.0,P.Manning
2013_12_DEN_NE,NE,00-0019596,53,6.514860178534159,0.0,T.Brady
2013_12_IND_ARI,ARI,00-0021429,40,19.14597333414982,0.0,C.Palmer
2013_12_IND_ARI,ARI,00-0022921,1,-0.2655384660465643,0.0,L.Fitzgerald
2013_12_IND_ARI,IND,00-0029668,43,-10.532919038714141,1.0,A.Luck
2013_12_JAX_HOU,HOU,00-0028986,35,-10.966573280182107,1.0,C.Keenum
2013_12_JAX_HOU,JAX,00-0026197,37,1.6313017756660333,0.0,C.Henne
2013_12_JAX_HOU,JAX,00-0030547,1,-0.487677488476038,0.0,D.Robinson
2013_12_MIN_GB,GB,00-0026349,40,5.485009769295784,0.0,M.Flynn
2013_12_MIN_GB,GB,00-0028595,20,-4.7818732701125555,0.0,S.Tolzien
2013_12_MIN_GB,MIN,00-0027950,37,5.3027136524971885,0.0,C.Ponder
2013_12_NO_ATL,ATL,00-0026143,46,6.337424030231333,0.0,M.Ryan
2013_12_NO_ATL,NO,00-0020531,35,12.936759140811706,0.0,D.Brees
2013_12_NYJ_BAL,BAL,00-0026158,30,0.5315741806284873,1.0,J.Flacco
2013_12_NYJ_BAL,BAL,00-0028118,1,-0.43156278948299587,0.0,T.Taylor
2013_12_NYJ_BAL,NYJ,00-0023176,2,0.5092978605534881,0.0,J.Cribbs
2013_12_NYJ_BAL,NYJ,00-0030565,27,-11.814660739699038,2.0,G.Smith
2013_12_PIT_CLE,CLE,00-0023460,24,-10.502789457520958,0.0,J.Campbell
2013_12_PIT_CLE,CLE,00-0029677,34,-9.220762758300074,1.0,B.Weeden
2013_12_PIT_CLE,PIT,00-0022924,33,9.874304236553607,0.0,B.Roethlisberger
2013_12_SD_KC,KC,00-0023436,41,8.7809959404995,1.0,A.Smith
2013_12_SD_KC,LAC,00-0022942,41,24.99776237729504,0.0,P.Rivers
2013_12_SF_WAS,SF,00-0027974,30,13.678365135757815,0.0,C.Kaepernick
2013_12_SF_WAS,WAS,00-0029665,35,-17.360436735796203,1.0,R.Griffin III
2013_12_TB_DET,DET,00-0026498,48,-5.514651054865681,4.0,M.Stafford
2013_12_TB_DET,TB,00-0030520,25,9.6205097901628,0.0,M.Glennon
2013_12_TEN_OAK,LV,00-0030419,33,3.173245363546296,1.0,M.McGloin
2013_12_TEN_OAK,TEN,00-0023682,49,17.970105621984473,0.0,R.Fitzpatrick
2013_13_ARI_PHI,ARI,00-0021429,46,-5.300399999076035,2.0,C.Palmer
2013_13_ARI_PHI,PHI,00-0029567,40,2.5356711442415394,0.0,N.Foles
2013_13_ATL_BUF,ATL,00-0026143,54,6.244090699573581,0.0,M.Ryan
2013_13_ATL_BUF,BUF,00-0030526,33,5.809383947984599,0.0,E.Manuel
2013_13_CHI_MIN,CHI,00-0021206,40,10.273306149942629,0.0,J.McCown
2013_13_CHI_MIN,MIN,00-0023662,35,1.8093746995293754,1.0,M.Cassel
2013_13_CHI_MIN,MIN,00-0027950,11,-8.142068395274691,0.0,C.Ponder
2013_13_CIN_SD,CIN,00-0027973,24,5.110770693664683,1.0,A.Dalton
2013_13_CIN_SD,LAC,00-0022942,40,8.072641482211717,1.0,P.Rivers
2013_13_DEN_KC,DEN,00-0010346,35,28.237948422669433,2.0,P.Manning
2013_13_DEN_KC,KC,00-0023436,46,6.249953649006784,1.0,A.Smith
2013_13_GB_DET,DET,00-0026498,36,3.5057710211162103,2.0,M.Stafford
2013_13_GB_DET,GB,00-0026349,28,-11.108008959908151,1.0,M.Flynn
2013_13_JAX_CLE,CLE,00-0029677,44,2.488361197811507,2.0,B.Weeden
2013_13_JAX_CLE,JAX,00-0024275,1,2.3772909659310244,0.0,M.Jones-Drew
2013_13_JAX_CLE,JAX,00-0026197,42,-1.4667253173971653,1.0,C.Henne
2013_13_MIA_NYJ,MIA,00-0029701,46,14.623567328965434,1.0,R.Tannehill
2013_13_MIA_NYJ,NYJ,00-0029151,22,-11.21096548694186,1.0,M.Simms
2013_13_MIA_NYJ,NYJ,00-0030565,11,-6.216510649886914,1.0,G.Smith
2013_13_NE_HOU,HOU,00-0028986,31,3.7310056756780927,1.0,C.Keenum
2013_13_NE_HOU,NE,00-0019596,42,15.734022400026891,1.0,T.Brady
2013_13_NO_SEA,NO,00-0020531,39,-15.445671330438927,0.0,D.Brees
2013_13_NO_SEA,SEA,00-0029263,35,18.38898936087142,0.0,R.Wilson
2013_13_NYG_WAS,NYG,00-0022803,32,2.752916645577185,1.0,E.Manning
2013_13_NYG_WAS,WAS,00-0029665,41,-1.4203547849371114,0.0,R.Griffin III
2013_13_OAK_DAL,DAL,00-0021678,34,5.211926927877357,0.0,T.Romo
2013_13_OAK_DAL,LV,00-0030419,30,7.1736777745117655,1.0,M.McGloin
2013_13_PIT_BAL,BAL,00-0026158,38,8.837231642045246,0.0,J.Flacco
2013_13_PIT_BAL,PIT,00-0022924,46,14.943977245697287,0.0,B.Roethlisberger
2013_13_STL_SF,LA,00-0024264,43,-5.447355509858626,1.0,K.Clemens
2013_13_STL_SF,LA,00-0030525,1,-0.4113485561683774,0.0,T.Austin
2013_13_STL_SF,SF,00-0027974,34,15.95657166570819,0.0,C.Kaepernick
2013_13_TB_CAR,CAR,00-0027939,31,10.431412183319708,2.0,C.Newton
2013_13_TB_CAR,TB,00-0030520,27,-9.688430442566256,1.0,M.Glennon
2013_13_TEN_IND,IND,00-0029668,40,-5.793110677103519,1.0,A.Luck
2013_13_TEN_IND,TEN,00-0023682,42,-8.076048382354202,3.0,R.Fitzpatrick
2013_14_ATL_GB,ATL,00-0026143,36,0.6735305743387663,1.0,M.Ryan
2013_14_ATL_GB,GB,00-0026349,43,-5.0901820841264795,1.0,M.Flynn
2013_14_BUF_TB,BUF,00-0030526,44,-22.473696584923132,4.0,E.Manuel
2013_14_BUF_TB,TB,00-0030520,26,-11.71095182322583,2.0,M.Glennon
2013_14_CAR_NO,CAR,00-0027939,42,-2.762630608213006,0.0,C.Newton
2013_14_CAR_NO,NO,00-0020531,45,13.234862561420416,0.0,D.Brees
2013_14_CLE_NE,CLE,00-0023460,46,22.403008708915415,0.0,J.Campbell
2013_14_CLE_NE,NE,00-0019596,56,4.927261168575761,1.0,T.Brady
2013_14_DAL_CHI,CHI,00-0021206,40,35.78688254233631,0.0,J.McCown
2013_14_DAL_CHI,DAL,00-0021678,22,0.9660079923341982,0.0,T.Romo
2013_14_DAL_CHI,DAL,00-0023541,5,1.6087283999077044,0.0,K.Orton
2013_14_DET_PHI,DET,00-0026498,28,2.4989974713828413,0.0,M.Stafford
2013_14_DET_PHI,PHI,00-0029567,27,-0.6200327226393858,1.0,N.Foles
2013_14_HOU_JAX,HOU,00-0022787,32,4.826136086267651,1.0,M.Schaub
2013_14_HOU_JAX,HOU,00-0028986,31,1.0230587971017053,1.0,C.Keenum
2013_14_HOU_JAX,JAX,00-0026197,32,1.055266219220357,0.0,C.Henne
2013_14_HOU_JAX,JAX,00-0030550,1,2.420987492776476,0.0,A.Sanders
2013_14_IND_CIN,CIN,00-0027973,37,17.76266642988776,0.0,A.Dalton
2013_14_IND_CIN,IND,00-0029668,48,15.491174381977938,0.0,A.Luck
2013_14_KC_WAS,KC,00-0023436,20,7.396077716500105,0.0,A.Smith
2013_14_KC_WAS,KC,00-0026544,3,-2.5036586499772966,1.0,C.Daniel
2013_14_KC_WAS,WAS,00-0029604,17,-7.613207321555819,0.0,K.Cousins
2013_14_KC_WAS,WAS,00-0029665,34,-6.248004030366569,1.0,R.Griffin III
2013_14_MIA_PIT,MIA,00-0029701,36,5.154389160261482,1.0,R.Tannehill
2013_14_MIA_PIT,PIT,00-0022924,43,0.9497936005354859,0.0,B.Roethlisberger
2013_14_MIN_BAL,BAL,00-0026158,53,-4.433249853507616,3.0,J.Flacco
2013_14_MIN_BAL,MIN,00-0023662,41,7.41833939017233,0.0,M.Cassel
2013_14_NYG_SD,LAC,00-0022942,30,14.87016358593246,0.0,P.Rivers
2013_14_NYG_SD,NYG,00-0022803,34,-6.775371613446623,2.0,E.Manning
2013_14_OAK_NYJ,LV,00-0028825,5,1.4152462167083733,0.0,T.Pryor
2013_14_OAK_NYJ,LV,00-0030419,35,7.9036921618336935,1.0,M.McGloin
2013_14_OAK_NYJ,NYJ,00-0030565,28,10.154091495905229,1.0,G.Smith
2013_14_SEA_SF,SEA,00-0029263,28,5.131695185068947,1.0,R.Wilson
2013_14_SEA_SF,SF,00-0027974,35,-0.8368578660219406,1.0,C.Kaepernick
2013_14_STL_ARI,ARI,00-0021429,33,14.401068605875706,0.0,C.Palmer
2013_14_STL_ARI,LA,00-0024264,32,-15.174411146730261,2.0,K.Clemens
2013_14_TEN_DEN,DEN,00-0010346,58,21.898670468038492,0.0,P.Manning
2013_14_TEN_DEN,TEN,00-0023682,26,0.6157933289650828,1.0,R.Fitzpatrick
2013_15_ARI_TEN,ARI,00-0021429,32,12.58893599836019,0.0,C.Palmer
2013_15_ARI_TEN,TEN,00-0023682,61,12.627650552763416,2.0,R.Fitzpatrick
2013_15_BAL_DET,BAL,00-0026158,41,-1.5484854594829613,0.0,J.Flacco
2013_15_BAL_DET,DET,00-0026498,38,-2.0055091696149896,3.0,M.Stafford
2013_15_BUF_JAX,BUF,00-0030526,32,-0.20807263345187188,1.0,E.Manuel
2013_15_BUF_JAX,JAX,00-0026197,44,-7.732840211573302,2.0,C.Henne
2013_15_CHI_CLE,CHI,00-0024226,34,7.385365450919606,2.0,J.Cutler
2013_15_CHI_CLE,CLE,00-0023460,40,-2.746565679991644,2.0,J.Campbell
2013_15_CIN_PIT,CIN,00-0027973,48,4.0101045318152755,0.0,A.Dalton
2013_15_CIN_PIT,PIT,00-0022924,26,11.126559557201867,1.0,B.Roethlisberger
2013_15_GB_DAL,DAL,00-0021678,51,1.074566279586298,2.0,T.Romo
2013_15_GB_DAL,GB,00-0026349,42,7.405983208481652,1.0,M.Flynn
2013_15_HOU_IND,HOU,00-0028986,38,-23.776458364807528,2.0,C.Keenum
2013_15_HOU_IND,IND,00-0029668,37,-1.1959584162489878,1.0,A.Luck
2013_15_KC_OAK,KC,00-0023436,26,19.55440861819079,0.0,A.Smith
2013_15_KC_OAK,KC,00-0026544,5,1.3079768634634092,0.0,C.Daniel
2013_15_KC_OAK,LV,00-0026393,1,3.8468238678760827,0.0,M.Reece
2013_15_KC_OAK,LV,00-0028825,6,-4.1986867902451195,1.0,T.Pryor
2013_15_KC_OAK,LV,00-0030419,35,-5.445675377268396,4.0,M.McGloin
2013_15_NE_MIA,MIA,00-0029701,41,13.898973780453087,0.0,R.Tannehill
2013_15_NE_MIA,NE,00-0019596,55,12.308138900810906,1.0,T.Brady
2013_15_NO_STL,LA,00-0024264,20,8.355175438177435,0.0,K.Clemens
2013_15_NO_STL,NO,00-0020531,61,5.967231931254249,2.0,D.Brees
2013_15_NYJ_CAR,CAR,00-0027939,29,10.210391737528187,0.0,C.Newton
2013_15_NYJ_CAR,NYJ,00-0030565,36,-1.288893848681365,1.0,G.Smith
2013_15_PHI_MIN,MIN,00-0023662,40,14.290006732502093,1.0,M.Cassel
2013_15_PHI_MIN,PHI,00-0029567,57,13.073898992722798,1.0,N.Foles
2013_15_SD_DEN,DEN,00-0010346,42,8.79860450615026,1.0,P.Manning
2013_15_SD_DEN,LAC,00-0022942,23,14.714139338413258,0.0,P.Rivers
2013_15_SEA_NYG,NYG,00-0022803,34,-19.589610738679767,5.0,E.Manning
2013_15_SEA_NYG,NYG,00-0027134,5,-0.5402718083932996,0.0,C.Painter
2013_15_SEA_NYG,SEA,00-0024279,2,0.3622334785759449,0.0,T.Jackson
2013_15_SEA_NYG,SEA,00-0029263,37,5.1167900146035326,1.0,R.Wilson
2013_15_SF_TB,SF,00-0027974,35,12.141611482937778,0.0,C.Kaepernick
2013_15_SF_TB,TB,00-0030520,38,-8.1389608544996,1.0,M.Glennon
2013_15_WAS_ATL,ATL,00-0026143,41,-8.449579405706196,1.0,M.Ryan
2013_15_WAS_ATL,WAS,00-0029604,46,8.523147623401735,2.0,K.Cousins
2013_16_ARI_SEA,ARI,00-0021429,28,-11.120835226721628,4.0,C.Palmer
2013_16_ARI_SEA,SEA,00-0029263,33,-11.281067338059966,1.0,R.Wilson
2013_16_ATL_SF,ATL,00-0026143,49,5.372706601101537,2.0,M.Ryan
2013_16_ATL_SF,SF,00-0027974,27,7.271526311190755,0.0,C.Kaepernick
2013_16_CHI_PHI,CHI,00-0021206,4,-0.3485592913348228,0.0,J.McCown
2013_16_CHI_PHI,CHI,00-0024226,41,-4.512105434216093,1.0,J.Cutler
2013_16_CHI_PHI,PHI,00-0029567,28,15.425323312112416,0.0,N.Foles
2013_16_CLE_NYJ,CLE,00-0023460,45,-11.387407769839097,2.0,J.Campbell
2013_16_CLE_NYJ,NYJ,00-0029143,1,-2.3146263295784593,0.0,J.Bush
2013_16_CLE_NYJ,NYJ,00-0030565,38,16.516409736580602,0.0,G.Smith
2013_16_DAL_WAS,DAL,00-0021678,29,12.49430193518468,1.0,T.Romo
2013_16_DAL_WAS,WAS,00-0029604,37,2.147194638109042,1.0,K.Cousins
2013_16_DEN_HOU,DEN,00-0010346,52,15.020533242662307,0.0,P.Manning
2013_16_DEN_HOU,HOU,00-0022787,41,-13.098379669312662,2.0,M.Schaub
2013_16_IND_KC,IND,00-0029668,40,10.876631570782735,0.0,A.Luck
2013_16_IND_KC,KC,00-0023436,35,-14.585632008966058,1.0,A.Smith
2013_16_MIA_BUF,BUF,00-0027253,28,1.858918585111129,1.0,T.Lewis
2013_16_MIA_BUF,MIA,00-0025708,6,-2.107697533792816,2.0,M.Moore
2013_16_MIA_BUF,MIA,00-0029701,34,-19.79376684606541,0.0,R.Tannehill
2013_16_MIN_CIN,CIN,00-0027973,41,23.35233168717241,0.0,A.Dalton
2013_16_MIN_CIN,MIN,00-0023662,34,-30.309690276859328,3.0,M.Cassel
2013_16_NE_BAL,BAL,00-0026158,42,-9.558240349342222,2.0,J.Flacco
2013_16_NE_BAL,BAL,00-0028118,6,-7.532800294691697,1.0,T.Taylor
2013_16_NE_BAL,NE,00-0019596,28,1.6702948522497438,0.0,T.Brady
2013_16_NO_CAR,CAR,00-0027939,26,-6.350915019991417,1.0,C.Newton
2013_16_NO_CAR,NO,00-0020531,51,-5.3507283008066215,2.0,D.Brees
2013_16_NO_CAR,NO,00-0022864,1,-2.338849510299042,0.0,L.McCown
2013_16_NYG_DET,DET,00-0026498,45,-5.4623108888972105,2.0,M.Stafford
2013_16_NYG_DET,NYG,00-0022803,44,7.718520494462307,1.0,E.Manning
2013_16_OAK_SD,LAC,00-0022942,30,4.2252229962003,1.0,P.Rivers
2013_16_OAK_SD,LV,00-0030419,38,-4.593283654877682,1.0,M.McGloin
2013_16_PIT_GB,GB,00-0026349,44,-12.95474947333214,1.0,M.Flynn
2013_16_PIT_GB,PIT,00-0021488,1,5.5709729379741475,0.0,M.McBriar
2013_16_PIT_GB,PIT,00-0022924,30,-0.6440586096426468,1.0,B.Roethlisberger
2013_16_TB_STL,LA,00-0024264,22,3.9346178506233853,0.0,K.Clemens
2013_16_TB_STL,TB,00-0030520,33,-8.01945026367683,0.0,M.Glennon
2013_16_TEN_JAX,JAX,00-0026197,36,2.1187446016306355,1.0,C.Henne
2013_16_TEN_JAX,TEN,00-0023682,30,2.797290052087769,1.0,R.Fitzpatrick
2013_17_BAL_CIN,BAL,00-0026158,52,-19.77530370821939,3.0,J.Flacco
2013_17_BAL_CIN,CIN,00-0027973,37,-1.7768533783083478,4.0,A.Dalton
2013_17_BUF_NE,BUF,00-0027253,34,3.9682022179688334,0.0,T.Lewis
2013_17_BUF_NE,NE,00-0019596,26,-3.620964617673579,1.0,T.Brady
2013_17_CAR_ATL,ATL,00-0026143,49,-3.802774798655266,1.0,M.Ryan
2013_17_CAR_ATL,CAR,00-0027939,34,5.009207787865307,1.0,C.Newton
2013_17_CLE_PIT,CLE,00-0023460,45,-9.916345990553964,1.0,J.Campbell
2013_17_CLE_PIT,PIT,00-0022924,34,-2.375707477222184,2.0,B.Roethlisberger
2013_17_DEN_OAK,DEN,00-0010346,29,24.574898775745528,0.0,P.Manning
2013_17_DEN_OAK,DEN,00-0029682,15,-3.818846348896396,0.0,B.Osweiler
2013_17_DEN_OAK,LV,00-0028825,47,3.703654630156932,0.0,T.Pryor
2013_17_DET_MIN,DET,00-0026498,38,-4.929275085324257,0.0,M.Stafford
2013_17_DET_MIN,MIN,00-0023662,37,-9.433233563730028,1.0,M.Cassel
2013_17_GB_CHI,CHI,00-0024226,25,11.14388942703954,1.0,J.Cutler
2013_17_GB_CHI,GB,00-0023459,44,16.14563711788301,2.0,A.Rodgers
2013_17_HOU_TEN,HOU,00-0022787,36,2.1854723168815138,2.0,M.Schaub
2013_17_HOU_TEN,TEN,00-0023682,25,0.6843442871769656,1.0,R.Fitzpatrick
2013_17_JAX_IND,IND,00-0007091,4,2.094950203667395,0.0,M.Hasselbeck
2013_17_JAX_IND,IND,00-0029668,39,7.441863254418861,0.0,A.Luck
2013_17_JAX_IND,JAX,00-0026197,54,-5.110457558683522,1.0,C.Henne
2013_17_KC_SD,KC,00-0026544,37,7.956806801088822,0.0,C.Daniel
2013_17_KC_SD,LAC,00-0022942,37,4.607129708422859,1.0,P.Rivers
2013_17_NYJ_MIA,MIA,00-0029701,40,-4.284039719379507,3.0,R.Tannehill
2013_17_NYJ_MIA,NYJ,00-0028064,1,2.2830867192242295,0.0,B.Powell
2013_17_NYJ_MIA,NYJ,00-0030565,31,5.6156116229012465,0.0,G.Smith
2013_17_PHI_DAL,DAL,00-0023541,48,0.3885052697520708,2.0,K.Orton
2013_17_PHI_DAL,PHI,00-0024318,1,-0.5044714277028106,0.0,B.Smith
2013_17_PHI_DAL,PHI,00-0029567,31,4.83728019442143,0.0,N.Foles
2013_17_SF_ARI,ARI,00-0021429,49,7.3439553452582444,1.0,C.Palmer
2013_17_SF_ARI,SF,00-0027974,38,9.708383941304485,0.0,C.Kaepernick
2013_17_STL_SEA,LA,00-0024264,34,-11.21054727062201,2.0,K.Clemens
2013_17_STL_SEA,SEA,00-0029263,28,2.1469720666148007,0.0,R.Wilson
2013_17_TB_NO,NO,00-0020531,33,27.937035702052526,0.0,D.Brees
2013_17_TB_NO,TB,00-0023234,1,-1.809250624733977,0.0,M.Koenen
2013_17_TB_NO,TB,00-0030520,43,-1.2419018684980623,1.0,M.Glennon
2013_17_WAS_NYG,NYG,00-0022803,25,1.1591408646757264,1.0,E.Manning
2013_17_WAS_NYG,NYG,00-0027134,8,-10.51109863515012,1.0,C.Painter
2013_17_WAS_NYG,WAS,00-0029604,53,-23.155890980121,2.0,K.Cousins
2014_01_BUF_CHI,BUF,00-0030526,26,-0.5886380334505095,1.0,E.Manuel
2014_01_BUF_CHI,CHI,00-0024226,51,0.05838596446637245,2.0,J.Cutler
2014_01_CAR_TB,CAR,00-0023645,35,9.000855991584881,0.0,D.Anderson
2014_01_CAR_TB,TB,00-0021206,40,-4.013853767537512,2.0,J.McCown
2014_01_CIN_BAL,BAL,00-0026158,67,-3.5940917672175132,1.0,J.Flacco
2014_01_CIN_BAL,CIN,00-0027973,40,10.887832236815468,0.0,A.Dalton
2014_01_CLE_PIT,CLE,00-0026625,33,4.287778680528879,0.0,B.Hoyer
2014_01_CLE_PIT,PIT,00-0022924,36,8.281272319194727,1.0,B.Roethlisberger
2014_01_CLE_PIT,PIT,00-0028954,1,3.798126615351066,0.0,R.Golden
2014_01_GB_SEA,GB,00-0023459,37,-5.043099894125819,1.0,A.Rodgers
2014_01_GB_SEA,SEA,00-0029263,32,8.591382132559342,0.0,R.Wilson
2014_01_IND_DEN,DEN,00-0010346,37,13.13921485915352,0.0,P.Manning
2014_01_IND_DEN,IND,00-0029668,60,8.085741491683935,2.0,A.Luck
2014_01_JAX_PHI,JAX,00-0026197,46,-11.95167056216183,0.0,C.Henne
2014_01_JAX_PHI,PHI,00-0029567,49,-10.901641448843293,1.0,N.Foles
2014_01_MIN_STL,LA,00-0020679,14,-7.645991715058121,1.0,S.Hill
2014_01_MIN_STL,LA,00-0028957,27,-10.448323409485011,1.0,A.Davis
2014_01_MIN_STL,MIN,00-0023662,25,7.530784351311131,0.0,M.Cassel
2014_01_NE_MIA,MIA,00-0029701,33,-0.6898194356739737,1.0,R.Tannehill
2014_01_NE_MIA,NE,00-0019596,60,-12.657328303747635,0.0,T.Brady
2014_01_NO_ATL,ATL,00-0026143,46,24.116819630914634,0.0,M.Ryan
2014_01_NO_ATL,NO,00-0020531,43,13.906330559741717,1.0,D.Brees
2014_01_NYG_DET,DET,00-0026498,35,23.429930665137192,0.0,M.Stafford
2014_01_NYG_DET,NYG,00-0022803,35,-11.247468486079015,2.0,E.Manning
2014_01_OAK_NYJ,LV,00-0031280,34,-6.054135249811225,0.0,D.Carr
2014_01_OAK_NYJ,NYJ,00-0020245,1,-0.8892964756814763,0.0,M.Vick
2014_01_OAK_NYJ,NYJ,00-0030565,35,3.5298059352038207,1.0,G.Smith
2014_01_SD_ARI,ARI,00-0021429,43,7.779733798428636,0.0,C.Palmer
2014_01_SD_ARI,LAC,00-0022942,37,1.2178030153154396,1.0,P.Rivers
2014_01_SF_DAL,DAL,00-0021678,40,-5.703230380644468,3.0,T.Romo
2014_01_SF_DAL,SF,00-0027974,24,12.31398773175897,0.0,C.Kaepernick
2014_01_TEN_KC,KC,00-0023436,45,-5.756116115350251,3.0,A.Smith
2014_01_TEN_KC,TEN,00-0027946,41,13.49140390335394,0.0,J.Locker
2014_01_WAS_HOU,HOU,00-0023682,23,10.916691630292917,0.0,R.Fitzpatrick
2014_01_WAS_HOU,WAS,00-0029665,41,-0.3519637485151179,0.0,R.Griffin III
2014_02_ARI_NYG,ARI,00-0025430,33,-3.9119868430724267,0.0,D.Stanton
2014_02_ARI_NYG,NYG,00-0022803,42,6.249975816928782,2.0,E.Manning
2014_02_ATL_CIN,ATL,00-0026143,49,-13.296284029119281,3.0,M.Ryan
2014_02_ATL_CIN,CIN,00-0027973,24,9.832576268345749,0.0,A.Dalton
2014_02_ATL_CIN,CIN,00-0029632,1,3.1220050130505115,0.0,M.Sanu
2014_02_CHI_SF,CHI,00-0024226,37,5.154976055899169,0.0,J.Cutler
2014_02_CHI_SF,SF,00-0027974,42,-2.551478478096385,3.0,C.Kaepernick
2014_02_DAL_TEN,DAL,00-0021678,33,6.479183959582602,0.0,T.Romo
2014_02_DAL_TEN,TEN,00-0027946,38,-10.303472963668115,2.0,J.Locker
2014_02_DET_CAR,CAR,00-0027939,41,6.024010040722103,0.0,C.Newton
2014_02_DET_CAR,DET,00-0026498,53,0.6031441736642593,1.0,M.Stafford
2014_02_HOU_OAK,HOU,00-0023682,19,12.240900081989567,0.0,R.Fitzpatrick
2014_02_HOU_OAK,LV,00-0031280,44,-4.847340053296648,2.0,D.Carr
2014_02_JAX_WAS,JAX,00-0026197,40,-17.246463295573687,1.0,C.Henne
2014_02_JAX_WAS,WAS,00-0029604,35,14.203370014413007,0.0,K.Cousins
2014_02_JAX_WAS,WAS,00-0029665,4,-0.007001978112384677,0.0,R.Griffin III
2014_02_KC_DEN,DEN,00-0010346,27,11.948633419135808,0.0,P.Manning
2014_02_KC_DEN,KC,00-0023436,47,13.844457602392872,0.0,A.Smith
2014_02_MIA_BUF,BUF,00-0030526,27,6.424218698905346,0.0,E.Manuel
2014_02_MIA_BUF,MIA,00-0029701,55,-8.219558035671845,1.0,R.Tannehill
2014_02_NE_MIN,MIN,00-0023662,44,-19.962058387060953,4.0,M.Cassel
2014_02_NE_MIN,NE,00-0019596,22,3.0877643481111052,0.0,T.Brady
2014_02_NO_CLE,CLE,00-0026625,41,1.3818802616440538,0.0,B.Hoyer
2014_02_NO_CLE,CLE,00-0031409,1,-0.789204191416502,0.0,J.Manziel
2014_02_NO_CLE,NO,00-0020531,42,-1.547943259806745,1.0,D.Brees
2014_02_NYJ_GB,GB,00-0023459,49,12.748249320496033,0.0,A.Rodgers
2014_02_NYJ_GB,NYJ,00-0020245,1,-0.7881774273701012,0.0,M.Vick
2014_02_NYJ_GB,NYJ,00-0030565,37,1.646177948776188,1.0,G.Smith
2014_02_PHI_IND,IND,00-0029668,37,4.47436214684069,1.0,A.Luck
2014_02_PHI_IND,PHI,00-0029567,39,12.794065580396628,1.0,N.Foles
2014_02_PIT_BAL,BAL,00-0026158,29,8.0923233055937,0.0,J.Flacco
2014_02_PIT_BAL,PIT,00-0022924,39,-3.5552304638864713,1.0,B.Roethlisberger
2014_02_SEA_SD,LAC,00-0022942,43,20.174840482833837,0.0,P.Rivers
2014_02_SEA_SD,SEA,00-0029263,29,4.288803588890005,0.0,R.Wilson
2014_02_STL_TB,LA,00-0028957,31,12.599847050875901,0.0,A.Davis
2014_02_STL_TB,TB,00-0021206,22,5.140472993720323,1.0,J.McCown
2014_03_BAL_CLE,BAL,00-0026158,31,3.2146887595418225,1.0,J.Flacco
2014_03_BAL_CLE,CLE,00-0026625,26,17.767523268171768,0.0,B.Hoyer
2014_03_CHI_NYJ,CHI,00-0024226,44,0.6714976318354364,0.0,J.Cutler
2014_03_CHI_NYJ,NYJ,00-0030565,47,-5.483621540457952,2.0,G.Smith
2014_03_DAL_STL,DAL,00-0021678,24,13.068485141910859,1.0,T.Romo
2014_03_DAL_STL,LA,00-0028957,42,10.013644920585813,2.0,A.Davis
2014_03_DEN_SEA,DEN,00-0010346,50,4.7176848494569885,1.0,P.Manning
2014_03_DEN_SEA,SEA,00-0029159,1,1.0823003244004212,0.0,J.Kearse
2014_03_DEN_SEA,SEA,00-0029263,44,2.8501829320450867,1.0,R.Wilson
2014_03_GB_DET,DET,00-0026498,39,0.6959556760112924,2.0,M.Stafford
2014_03_GB_DET,GB,00-0023459,29,-3.2191883552004583,0.0,A.Rodgers
2014_03_HOU_NYG,HOU,00-0019714,1,2.7922356287017465,0.0,S.Lechler
2014_03_HOU_NYG,HOU,00-0023682,42,-5.3695990813529715,3.0,R.Fitzpatrick
2014_03_HOU_NYG,NYG,00-0022803,29,7.148946160898985,0.0,E.Manning
2014_03_IND_JAX,IND,00-0007091,4,-0.4746543816290796,0.0,M.Hasselbeck
2014_03_IND_JAX,IND,00-0029668,44,29.279123711653583,0.0,A.Luck
2014_03_IND_JAX,JAX,00-0026197,10,-6.5720617870101705,0.0,C.Henne
2014_03_IND_JAX,JAX,00-0031407,25,3.4753034515593804,2.0,B.Bortles
2014_03_KC_MIA,KC,00-0023436,32,8.45029959651595,0.0,A.Smith
2014_03_KC_MIA,MIA,00-0029701,47,-13.689283364829677,0.0,R.Tannehill
2014_03_MIN_NO,MIN,00-0023662,11,-0.34782082106066303,0.0,M.Cassel
2014_03_MIN_NO,MIN,00-0031237,25,3.8276942897281767,0.0,T.Bridgewater
2014_03_MIN_NO,NO,00-0020531,36,20.099320538400207,0.0,D.Brees
2014_03_OAK_NE,LV,00-0031280,34,-0.3546744939951605,1.0,D.Carr
2014_03_OAK_NE,NE,00-0019596,39,6.409350128382674,0.0,T.Brady
2014_03_PIT_CAR,CAR,00-0023645,7,5.315387125752866,0.0,D.Anderson
2014_03_PIT_CAR,CAR,00-0027939,40,-0.6337145585178763,0.0,C.Newton
2014_03_PIT_CAR,PIT,00-0022924,30,4.813276132354732,0.0,B.Roethlisberger
2014_03_SD_BUF,BUF,00-0024204,1,-0.3916904491488822,0.0,F.Jackson
2014_03_SD_BUF,BUF,00-0030526,47,-7.1571220469922405,0.0,E.Manuel
2014_03_SD_BUF,LAC,00-0022942,28,12.979211692417755,0.0,P.Rivers
2014_03_SF_ARI,ARI,00-0025396,1,0.8702882564393803,0.0,T.Ginn
2014_03_SF_ARI,ARI,00-0025430,35,15.431171591391545,0.0,D.Stanton
2014_03_SF_ARI,SF,00-0027974,44,9.408907523431449,0.0,C.Kaepernick
2014_03_TB_ATL,ATL,00-0026143,26,20.586991952632392,0.0,M.Ryan
2014_03_TB_ATL,ATL,00-0028090,4,0.2152721339953132,1.0,T.Yates
2014_03_TB_ATL,TB,00-0021206,13,-11.046642742468975,1.0,J.McCown
2014_03_TB_ATL,TB,00-0030520,27,1.8578888360061683,0.0,M.Glennon
2014_03_TEN_CIN,CIN,00-0023460,2,-4.436165228951722,0.0,J.Campbell
2014_03_TEN_CIN,CIN,00-0027973,23,-1.0023022585586956,1.0,A.Dalton
2014_03_TEN_CIN,CIN,00-0029632,1,2.178895783959888,0.0,M.Sanu
2014_03_TEN_CIN,TEN,00-0027946,40,-10.092305599851311,2.0,J.Locker
2014_03_WAS_PHI,PHI,00-0029567,43,15.538600296744265,0.0,N.Foles
2014_03_WAS_PHI,WAS,00-0029604,48,17.08822731705353,1.0,K.Cousins
2014_04_ATL_MIN,ATL,00-0026143,43,7.152177899493836,2.0,M.Ryan
2014_04_ATL_MIN,MIN,00-0031237,34,17.5793618181974,0.0,T.Bridgewater
2014_04_BUF_HOU,BUF,00-0030526,46,-16.901383479466794,2.0,E.Manuel
2014_04_BUF_HOU,HOU,00-0023682,42,-2.74273464382,2.0,R.Fitzpatrick
2014_04_CAR_BAL,BAL,00-0026158,30,26.08684419072233,0.0,J.Flacco
2014_04_CAR_BAL,CAR,00-0023645,9,0.08811830310150981,0.0,D.Anderson
2014_04_CAR_BAL,CAR,00-0027939,28,15.076729879016057,0.0,C.Newton
2014_04_DET_NYJ,DET,00-0026498,39,10.42675046456937,0.0,M.Stafford
2014_04_DET_NYJ,NYJ,00-0030565,36,-5.922880647171208,1.0,G.Smith
2014_04_GB_CHI,CHI,00-0024226,36,-5.311158082663459,2.0,J.Cutler
2014_04_GB_CHI,CHI,00-0027659,1,0.4832395948469639,0.0,J.Clausen
2014_04_GB_CHI,GB,00-0023459,30,25.697654812958806,0.0,A.Rodgers
2014_04_JAX_SD,JAX,00-0031407,41,-2.134152573591564,2.0,B.Bortles
2014_04_JAX_SD,LAC,00-0022942,41,20.972960566656532,0.0,P.Rivers
2014_04_MIA_OAK,LV,00-0030419,20,-11.496264595538378,2.0,M.McGloin
2014_04_MIA_OAK,LV,00-0031280,28,-0.17295142688089982,1.0,D.Carr
2014_04_MIA_OAK,MIA,00-0029701,32,12.92867917122998,1.0,R.Tannehill
2014_04_NE_KC,KC,00-0023436,30,12.57659873596904,0.0,A.Smith
2014_04_NE_KC,NE,00-0019596,25,-14.115944144723471,2.0,T.Brady
2014_04_NE_KC,NE,00-0031345,8,4.134890131885186,0.0,J.Garoppolo
2014_04_NO_DAL,DAL,00-0021678,32,15.55366014732611,0.0,T.Romo
2014_04_NO_DAL,NO,00-0020531,46,12.314429110053862,1.0,D.Brees
2014_04_NO_DAL,NO,00-0027114,1,-2.9899237310746685,0.0,T.Morstead
2014_04_NYG_WAS,NYG,00-0022803,41,16.14106337942082,1.0,E.Manning
2014_04_NYG_WAS,WAS,00-0029604,35,-14.428972161142156,4.0,K.Cousins
2014_04_PHI_SF,PHI,00-0029567,44,-9.400893016310874,2.0,N.Foles
2014_04_PHI_SF,SF,00-0027974,37,-2.570681785273532,1.0,C.Kaepernick
2014_04_TB_PIT,PIT,00-0022924,45,10.466109993218343,0.0,B.Roethlisberger
2014_04_TB_PIT,PIT,00-0027793,1,0.896934064803645,0.0,A.Brown
2014_04_TB_PIT,TB,00-0029384,1,-0.4260430687572807,0.0,B.Rainey
2014_04_TB_PIT,TB,00-0030520,42,6.11710548601105,1.0,M.Glennon
2014_04_TEN_IND,IND,00-0029668,41,24.607933454631702,1.0,A.Luck
2014_04_TEN_IND,TEN,00-0024296,30,2.8889781393625387,1.0,C.Whitehurst
2014_04_TEN_IND,TEN,00-0031266,5,-4.389634072082117,1.0,Z.Mettenberger
2014_05_ARI_DEN,ARI,00-0025430,27,-2.42342417784362,0.0,D.Stanton
2014_05_ARI_DEN,ARI,00-0031260,10,-2.190115242963657,0.0,L.Thomas
2014_05_ARI_DEN,DEN,00-0010346,48,14.979501859357557,2.0,P.Manning
2014_05_ATL_NYG,ATL,00-0026143,45,2.046194828768771,1.0,M.Ryan
2014_05_ATL_NYG,NYG,00-0022803,31,7.406148675046299,0.0,E.Manning
2014_05_BAL_IND,BAL,00-0026158,41,-15.232445410958263,1.0,J.Flacco
2014_05_BAL_IND,IND,00-0029668,53,4.900523098233812,2.0,A.Luck
2014_05_BUF_DET,BUF,00-0023541,45,0.23326356835506323,1.0,K.Orton
2014_05_BUF_DET,DET,00-0026498,39,-9.00156210539291,1.0,M.Stafford
2014_05_CHI_CAR,CAR,00-0027939,39,-2.1591535155138892,1.0,C.Newton
2014_05_CHI_CAR,CHI,00-0024226,42,6.10025001691399,2.0,J.Cutler
2014_05_CIN_NE,CIN,00-0023460,5,-0.6691452998202294,0.0,J.Campbell
2014_05_CIN_NE,CIN,00-0027973,27,6.490895488429409,0.0,A.Dalton
2014_05_CIN_NE,NE,00-0019596,38,7.924583210571578,0.0,T.Brady
2014_05_CLE_TEN,CLE,00-0026625,38,6.270554319872522,1.0,B.Hoyer
2014_05_CLE_TEN,TEN,00-0024296,23,5.110199356160592,0.0,C.Whitehurst
2014_05_CLE_TEN,TEN,00-0027946,16,8.837372621404938,0.0,J.Locker
2014_05_HOU_DAL,DAL,00-0021678,42,10.80865825870498,1.0,T.Romo
2014_05_HOU_DAL,HOU,00-0023682,26,-5.2205045103755765,1.0,R.Fitzpatrick
2014_05_KC_SF,KC,00-0023436,31,4.727746802418791,1.0,A.Smith
2014_05_KC_SF,SF,00-0022084,1,-0.41531770303845406,0.0,A.Boldin
2014_05_KC_SF,SF,00-0027974,33,3.7519660933294814,0.0,C.Kaepernick
2014_05_MIN_GB,GB,00-0023459,19,6.13111610407941,0.0,A.Rodgers
2014_05_MIN_GB,GB,00-0026349,5,-2.675624063005671,1.0,M.Flynn
2014_05_MIN_GB,MIN,00-0027950,53,-17.2014000537817,2.0,C.Ponder
2014_05_NYJ_SD,LAC,00-0022942,32,13.711960141186184,1.0,P.Rivers
2014_05_NYJ_SD,NYJ,00-0020245,22,-17.430348254390992,0.0,M.Vick
2014_05_NYJ_SD,NYJ,00-0030565,13,-6.121900486643426,1.0,G.Smith
2014_05_PIT_JAX,JAX,00-0031407,38,-9.308529305000302,2.0,B.Bortles
2014_05_PIT_JAX,PIT,00-0022924,40,4.39978127512679,0.0,B.Roethlisberger
2014_05_SEA_WAS,SEA,00-0029263,32,5.405653107535285,0.0,R.Wilson
2014_05_SEA_WAS,WAS,00-0029604,38,6.032785100309411,0.0,K.Cousins
2014_05_STL_PHI,LA,00-0028957,56,3.8970932356314734,0.0,A.Davis
2014_05_STL_PHI,PHI,00-0029567,38,1.5371369017820595,1.0,N.Foles
2014_05_TB_NO,NO,00-0020531,58,-1.7581929095263773,3.0,D.Brees
2014_05_TB_NO,TB,00-0030520,33,11.09198339689338,1.0,M.Glennon
2014_06_BAL_TB,BAL,00-0026158,27,27.500935972076213,0.0,J.Flacco
2014_06_BAL_TB,TB,00-0030520,49,-7.997187619279437,1.0,M.Glennon
2014_06_CAR_CIN,CAR,00-0027939,47,13.87884765749215,1.0,C.Newton
2014_06_CAR_CIN,CIN,00-0027973,45,10.841779338374216,2.0,A.Dalton
2014_06_CHI_ATL,ATL,00-0026143,41,-7.109509545746966,1.0,M.Ryan
2014_06_CHI_ATL,CHI,00-0024226,43,18.601145594044574,0.0,J.Cutler
2014_06_DAL_SEA,DAL,00-0021678,33,12.98890291362235,0.0,T.Romo
2014_06_DAL_SEA,SEA,00-0029263,31,-7.487549579078882,1.0,R.Wilson
2014_06_DEN_NYJ,DEN,00-0010346,34,9.916676394869102,0.0,P.Manning
2014_06_DEN_NYJ,NYJ,00-0030565,48,-8.160159492791305,1.0,G.Smith
2014_06_DET_MIN,DET,00-0026498,38,-4.876095203795924,0.0,M.Stafford
2014_06_DET_MIN,MIN,00-0031237,47,-24.401720645963387,3.0,T.Bridgewater
2014_06_GB_MIA,GB,00-0023459,50,11.86137117014108,0.0,A.Rodgers
2014_06_GB_MIA,MIA,00-0029701,32,6.510103673354024,2.0,R.Tannehill
2014_06_IND_HOU,HOU,00-0023682,29,-0.49646135765942745,0.0,R.Fitzpatrick
2014_06_IND_HOU,IND,00-0029668,50,16.61810830239389,1.0,A.Luck
2014_06_JAX_TEN,JAX,00-0031407,54,6.533512860054258,1.0,B.Bortles
2014_06_JAX_TEN,TEN,00-0024296,32,1.3897796102101063,0.0,C.Whitehurst
2014_06_NE_BUF,BUF,00-0023541,44,6.050178767051082,1.0,K.Orton
2014_06_NE_BUF,NE,00-0019596,40,27.721005976142347,0.0,T.Brady
2014_06_NYG_PHI,NYG,00-0022803,31,-10.149262806458864,0.0,E.Manning
2014_06_NYG_PHI,NYG,00-0030586,7,-1.280990669503808,0.0,R.Nassib
2014_06_NYG_PHI,PHI,00-0029567,36,-1.5624591195078796,2.0,N.Foles
2014_06_PIT_CLE,CLE,00-0026625,18,7.863509518702221,0.0,B.Hoyer
2014_06_PIT_CLE,PIT,00-0022924,45,-9.984004147030646,1.0,B.Roethlisberger
2014_06_SD_OAK,LAC,00-0022942,37,19.61335850271106,0.0,P.Rivers
2014_06_SD_OAK,LAC,00-0025424,1,-2.3244858644902706,0.0,E.Weddle
2014_06_SD_OAK,LV,00-0031280,35,11.677243640923985,1.0,D.Carr
2014_06_SF_STL,LA,00-0028957,45,-11.79141672636393,1.0,A.Davis
2014_06_SF_STL,SF,00-0027974,36,19.919629454871963,0.0,C.Kaepernick
2014_06_WAS_ARI,ARI,00-0021429,45,6.004829902124526,0.0,C.Palmer
2014_06_WAS_ARI,WAS,00-0029604,40,-4.464032459990179,3.0,K.Cousins
2014_07_ARI_OAK,ARI,00-0021429,32,8.860942580970004,1.0,C.Palmer
2014_07_ARI_OAK,LV,00-0031280,30,-4.255987171606968,0.0,D.Carr
2014_07_ATL_BAL,ATL,00-0026143,50,-12.473240845198077,0.0,M.Ryan
2014_07_ATL_BAL,BAL,00-0026158,27,10.514710343011185,2.0,J.Flacco
2014_07_CAR_GB,CAR,00-0023645,8,2.7667711149551906,0.0,D.Anderson
2014_07_CAR_GB,CAR,00-0027939,38,-2.3119117349431324,1.0,C.Newton
2014_07_CAR_GB,GB,00-0023459,27,13.61804390144513,0.0,A.Rodgers
2014_07_CAR_GB,GB,00-0026349,2,-1.154188608750701,0.0,M.Flynn
2014_07_CIN_IND,CIN,00-0027973,41,-23.23250112196547,0.0,A.Dalton
2014_07_CIN_IND,CIN,00-0029632,1,-1.365249639376998,0.0,M.Sanu
2014_07_CIN_IND,IND,00-0029668,45,8.856249870994503,0.0,A.Luck
2014_07_CLE_JAX,CLE,00-0026625,44,-22.368901569314467,1.0,B.Hoyer
2014_07_CLE_JAX,JAX,00-0031407,33,-19.970168080622685,3.0,B.Bortles
2014_07_HOU_PIT,HOU,00-0023682,37,7.948256055596122,1.0,R.Fitzpatrick
2014_07_HOU_PIT,PIT,00-0022924,36,5.839204654915557,0.0,B.Roethlisberger
2014_07_HOU_PIT,PIT,00-0027793,1,1.0913111584377475,0.0,A.Brown
2014_07_KC_SD,KC,00-0023436,35,11.612393668836129,0.0,A.Smith
2014_07_KC_SD,LAC,00-0022942,33,1.3564892654374108,1.0,P.Rivers
2014_07_MIA_CHI,CHI,00-0024226,38,-9.811675875738729,1.0,J.Cutler
2014_07_MIA_CHI,MIA,00-0029701,36,13.77784220750732,0.0,R.Tannehill
2014_07_MIN_BUF,BUF,00-0023541,48,1.1064693695591683,1.0,K.Orton
2014_07_MIN_BUF,MIN,00-0031237,31,-7.612649964844391,2.0,T.Bridgewater
2014_07_NO_DET,DET,00-0026498,44,-4.4348721694691955,2.0,M.Stafford
2014_07_NO_DET,NO,00-0020531,46,5.018493910040909,1.0,D.Brees
2014_07_NYG_DAL,DAL,00-0021678,26,19.62979404538055,1.0,T.Romo
2014_07_NYG_DAL,NYG,00-0022803,34,16.300421743420884,0.0,E.Manning
2014_07_NYJ_NE,NE,00-0019596,38,8.019179077959784,0.0,T.Brady
2014_07_NYJ_NE,NYJ,00-0030565,43,7.100582405058813,0.0,G.Smith
2014_07_SEA_STL,LA,00-0028872,1,2.2776513543212786,0.0,J.Hekker
2014_07_SEA_STL,LA,00-0028957,20,6.822359358717222,0.0,A.Davis
2014_07_SEA_STL,SEA,00-0029263,44,20.93301875060668,0.0,R.Wilson
2014_07_SF_DEN,DEN,00-0010346,28,20.5682622778113,0.0,P.Manning
2014_07_SF_DEN,DEN,00-0029682,2,-1.9777608180884272,0.0,B.Osweiler
2014_07_SF_DEN,SF,00-0027948,8,4.0463856881833635,0.0,B.Gabbert
2014_07_SF_DEN,SF,00-0027974,47,-7.835416420827104,1.0,C.Kaepernick
2014_07_TEN_WAS,TEN,00-0024296,29,2.42012149242268,1.0,C.Whitehurst
2014_07_TEN_WAS,WAS,00-0027688,15,2.4923562512629944,0.0,C.McCoy
2014_07_TEN_WAS,WAS,00-0029604,17,-4.350101106991021,1.0,K.Cousins
2014_08_BAL_CIN,BAL,00-0026158,36,-9.091189802385152,2.0,J.Flacco
2014_08_BAL_CIN,CIN,00-0027973,31,-2.2851892997070893,1.0,A.Dalton
2014_08_BUF_NYJ,BUF,00-0023541,22,8.424554908757681,0.0,K.Orton
2014_08_BUF_NYJ,NYJ,00-0020245,44,-10.45820266522048,1.0,M.Vick
2014_08_BUF_NYJ,NYJ,00-0030565,8,-13.114342681423295,3.0,G.Smith
2014_08_CHI_NE,CHI,00-0024226,36,1.3029681723276152,1.0,J.Cutler
2014_08_CHI_NE,CHI,00-0027659,5,-2.260953657212667,0.0,J.Clausen
2014_08_CHI_NE,NE,00-0019596,35,33.51277921155613,0.0,T.Brady
2014_08_CHI_NE,NE,00-0031345,4,-1.0002025987724217,0.0,J.Garoppolo
2014_08_DET_ATL,ATL,00-0026143,30,7.628565093764337,1.0,M.Ryan
2014_08_DET_ATL,DET,00-0026498,46,11.580412883347718,1.0,M.Stafford
2014_08_GB_NO,GB,00-0023459,44,14.811634485043292,2.0,A.Rodgers
2014_08_GB_NO,GB,00-0026349,2,-4.9542010595905595,0.0,M.Flynn
2014_08_GB_NO,NO,00-0020531,35,16.35884612823764,0.0,D.Brees
2014_08_HOU_TEN,HOU,00-0023682,41,5.992989048290171,0.0,R.Fitzpatrick
2014_08_HOU_TEN,TEN,00-0031266,43,-4.556238258342663,1.0,Z.Mettenberger
2014_08_IND_PIT,IND,00-0029668,49,8.95898516358895,2.0,A.Luck
2014_08_IND_PIT,PIT,00-0022924,49,41.58278359117685,0.0,B.Roethlisberger
2014_08_MIA_JAX,JAX,00-0031407,42,-20.020667530725312,2.0,B.Bortles
2014_08_MIA_JAX,MIA,00-0029701,32,-7.343008959378095,1.0,R.Tannehill
2014_08_MIN_TB,MIN,00-0031237,43,-1.2537629691735201,0.0,T.Bridgewater
2014_08_MIN_TB,TB,00-0030520,35,-5.850780585524651,1.0,M.Glennon
2014_08_OAK_CLE,CLE,00-0026625,30,3.933414969375591,0.0,B.Hoyer
2014_08_OAK_CLE,LV,00-0022787,1,-2.9297670375090092,1.0,M.Schaub
2014_08_OAK_CLE,LV,00-0026144,1,-0.5046176582109183,0.0,D.McFadden
2014_08_OAK_CLE,LV,00-0031280,55,3.7336177087337767,0.0,D.Carr
2014_08_PHI_ARI,ARI,00-0021429,42,7.565267520374926,0.0,C.Palmer
2014_08_PHI_ARI,PHI,00-0029567,63,4.178317873838685,2.0,N.Foles
2014_08_SD_DEN,DEN,00-0010346,35,18.458476032152873,0.0,P.Manning
2014_08_SD_DEN,LAC,00-0022942,44,10.033971116645262,2.0,P.Rivers
2014_08_SEA_CAR,CAR,00-0027939,26,-8.759958990789094,1.0,C.Newton
2014_08_SEA_CAR,SEA,00-0029263,35,3.121303133304884,1.0,R.Wilson
2014_08_STL_KC,KC,00-0023436,34,13.694101277277587,0.0,A.Smith
2014_08_STL_KC,LA,00-0028957,33,-10.249198449897538,1.0,A.Davis
2014_08_WAS_DAL,DAL,00-0021678,34,-0.40666255418909714,0.0,T.Romo
2014_08_WAS_DAL,DAL,00-0029677,6,3.8773240255070562,0.0,B.Weeden
2014_08_WAS_DAL,WAS,00-0027688,35,6.863443556699622,1.0,C.McCoy
2014_09_ARI_DAL,ARI,00-0021429,36,6.195459268608829,1.0,C.Palmer
2014_09_ARI_DAL,DAL,00-0029677,36,-9.366322607839052,2.0,B.Weeden
2014_09_BAL_PIT,BAL,00-0026158,48,-5.523059000861999,1.0,J.Flacco
2014_09_BAL_PIT,PIT,00-0022924,40,23.534165153861977,0.0,B.Roethlisberger
2014_09_BAL_PIT,PIT,00-0030142,1,1.053,0.0,B.Wing
2014_09_DEN_NE,DEN,00-0010346,59,-3.2860332036015434,2.0,P.Manning
2014_09_DEN_NE,NE,00-0019596,55,10.010438737804279,1.0,T.Brady
2014_09_IND_NYG,IND,00-0029668,48,14.129267739673372,0.0,A.Luck
2014_09_IND_NYG,NYG,00-0022803,56,3.0741406121676444,0.0,E.Manning
2014_09_JAX_CIN,CIN,00-0027973,33,3.359932190106411,2.0,A.Dalton
2014_09_JAX_CIN,JAX,00-0031407,37,-1.984980134076765,1.0,B.Bortles
2014_09_NO_CAR,CAR,00-0027939,35,-10.406331213981876,1.0,C.Newton
2014_09_NO_CAR,NO,00-0020531,38,3.8474659611238167,1.0,D.Brees
2014_09_NYJ_KC,KC,00-0023436,32,9.202207766504543,0.0,A.Smith
2014_09_NYJ_KC,NYJ,00-0020245,34,-2.2072641628910787,0.0,M.Vick
2014_09_NYJ_KC,NYJ,00-0029151,8,-2.7920401620212942,0.0,M.Simms
2014_09_OAK_SEA,LV,00-0031280,43,-6.139034660487378,2.0,D.Carr
2014_09_OAK_SEA,SEA,00-0029263,38,-1.7347713069319197,0.0,R.Wilson
2014_09_PHI_HOU,HOU,00-0023682,37,2.019038004084934,1.0,R.Fitzpatrick
2014_09_PHI_HOU,PHI,00-0026898,26,2.0968830336925866,2.0,M.Sanchez
2014_09_PHI_HOU,PHI,00-0029567,14,-2.590187125140801,1.0,N.Foles
2014_09_SD_MIA,LAC,00-0022942,27,-12.119267817470245,3.0,P.Rivers
2014_09_SD_MIA,LAC,00-0024264,4,-3.404492739122361,0.0,K.Clemens
2014_09_SD_MIA,MIA,00-0025708,4,1.3215904026292264,0.0,M.Moore
2014_09_SD_MIA,MIA,00-0026901,1,-0.4376145548885688,0.0,M.Wallace
2014_09_SD_MIA,MIA,00-0029701,35,18.2799438116625,0.0,R.Tannehill
2014_09_STL_SF,LA,00-0028957,26,-6.216041774871256,2.0,A.Davis
2014_09_STL_SF,SF,00-0027974,43,-7.343607990004173,0.0,C.Kaepernick
2014_09_TB_CLE,CLE,00-0026625,40,-6.780966812741454,2.0,B.Hoyer
2014_09_TB_CLE,TB,00-0030520,38,-3.0818923049494686,2.0,M.Glennon
2014_09_WAS_MIN,MIN,00-0031237,46,10.647891564964084,0.0,T.Bridgewater
2014_09_WAS_MIN,WAS,00-0029665,34,5.7503685307432,1.0,R.Griffin III
2014_10_ATL_TB,ATL,00-0026143,34,9.888475935767737,0.0,M.Ryan
2014_10_ATL_TB,TB,00-0021206,50,8.14934777229514,2.0,J.McCown
2014_10_CAR_PHI,CAR,00-0027939,51,-13.262357873260044,3.0,C.Newton
2014_10_CAR_PHI,PHI,00-0026898,38,7.370653218292195,0.0,M.Sanchez
2014_10_CAR_PHI,PHI,00-0030533,1,-1.1799209536984563,0.0,M.Barkley
2014_10_CHI_GB,CHI,00-0024226,41,-17.372851337015163,2.0,J.Cutler
2014_10_CHI_GB,CHI,00-0027659,4,-4.29946831590496,0.0,J.Clausen
2014_10_CHI_GB,GB,00-0023459,27,27.005231690153675,0.0,A.Rodgers
2014_10_CHI_GB,GB,00-0026349,5,-4.257519474068415,0.0,M.Flynn
2014_10_CLE_CIN,CIN,00-0023460,6,-1.633231379906647,0.0,J.Campbell
2014_10_CLE_CIN,CIN,00-0027973,36,-23.582509516680147,3.0,A.Dalton
2014_10_CLE_CIN,CLE,00-0026625,24,9.841793948794304,0.0,B.Hoyer
2014_10_DAL_JAX,DAL,00-0021678,28,10.931794975961255,0.0,T.Romo
2014_10_DAL_JAX,DAL,00-0029677,1,1.5483939421828836,0.0,B.Weeden
2014_10_DAL_JAX,JAX,00-0031407,44,-0.32271721465792513,1.0,B.Bortles
2014_10_DEN_OAK,DEN,00-0010346,44,14.199079477681876,2.0,P.Manning
2014_10_DEN_OAK,DEN,00-0029682,6,-3.4109305125894025,0.0,B.Osweiler
2014_10_DEN_OAK,LV,00-0031280,47,-13.72831804925855,2.0,D.Carr
2014_10_KC_BUF,BUF,00-0023541,51,-1.814705191892291,0.0,K.Orton
2014_10_KC_BUF,KC,00-0023436,37,-3.049254407318883,0.0,A.Smith
2014_10_MIA_DET,DET,00-0026498,43,4.0664881668101405,1.0,M.Stafford
2014_10_MIA_DET,DET,00-0030092,2,1.856291466159746,0.0,S.Martin
2014_10_MIA_DET,MIA,00-0029701,41,-3.534537380845541,1.0,R.Tannehill
2014_10_NYG_SEA,NYG,00-0022803,45,-3.620866245124489,1.0,E.Manning
2014_10_NYG_SEA,SEA,00-0029263,21,2.5653963032209273,2.0,R.Wilson
2014_10_PIT_NYJ,NYJ,00-0020245,26,4.857992335463285,0.0,M.Vick
2014_10_PIT_NYJ,PIT,00-0022924,43,3.0730034061643,2.0,B.Roethlisberger
2014_10_SF_NO,NO,00-0020531,49,-2.542859723818407,2.0,D.Brees
2014_10_SF_NO,SF,00-0027974,37,-2.6979540473021806,0.0,C.Kaepernick
2014_10_STL_ARI,ARI,00-0021429,40,-4.286410350033428,1.0,C.Palmer
2014_10_STL_ARI,ARI,00-0025430,6,4.38056905544363,0.0,D.Stanton
2014_10_STL_ARI,LA,00-0028957,37,-25.837694483285304,2.0,A.Davis
2014_10_TEN_BAL,BAL,00-0026158,28,4.394766133569647,0.0,J.Flacco
2014_10_TEN_BAL,TEN,00-0031266,32,-5.003421432105824,1.0,Z.Mettenberger
2014_11_ATL_CAR,ATL,00-0026143,47,7.330960386963412,0.0,M.Ryan
2014_11_ATL_CAR,CAR,00-0027939,39,-5.1437839542459285,2.0,C.Newton
2014_11_BUF_MIA,BUF,00-0023541,42,-5.767747566228109,0.0,K.Orton
2014_11_BUF_MIA,MIA,00-0029701,41,2.898482131353183,0.0,R.Tannehill
2014_11_CIN_NO,CIN,00-0027973,25,22.43817132379627,0.0,A.Dalton
2014_11_CIN_NO,NO,00-0020531,42,8.554365076035271,0.0,D.Brees
2014_11_DEN_STL,DEN,00-0010346,56,-8.732187655201415,2.0,P.Manning
2014_11_DEN_STL,LA,00-0020679,32,-0.41795198542842327,0.0,S.Hill
2014_11_DET_ARI,ARI,00-0025430,32,5.739824920601677,2.0,D.Stanton
2014_11_DET_ARI,DET,00-0026498,34,-5.8010161420809325,1.0,M.Stafford
2014_11_HOU_CLE,CLE,00-0026625,53,-11.244116814619112,1.0,B.Hoyer
2014_11_HOU_CLE,HOU,00-0028012,30,8.517231177824971,1.0,R.Mallett
2014_11_MIN_CHI,CHI,00-0024226,46,11.858791820984745,2.0,J.Cutler
2014_11_MIN_CHI,MIN,00-0031237,32,-5.088866822790833,1.0,T.Bridgewater
2014_11_NE_IND,IND,00-0029668,43,0.5796410480937393,1.0,A.Luck
2014_11_NE_IND,NE,00-0019596,30,12.426859476079699,2.0,T.Brady
2014_11_OAK_SD,LAC,00-0022942,36,-6.195573352222709,0.0,P.Rivers
2014_11_OAK_SD,LV,00-0031280,35,-8.052183543558591,0.0,D.Carr
2014_11_PHI_GB,GB,00-0023459,39,20.424143210576965,0.0,A.Rodgers
2014_11_PHI_GB,GB,00-0026349,2,1.6644804661627859,0.0,M.Flynn
2014_11_PHI_GB,PHI,00-0026898,47,-0.3252632250828995,2.0,M.Sanchez
2014_11_PIT_TEN,PIT,00-0022924,38,5.813813784468016,1.0,B.Roethlisberger
2014_11_PIT_TEN,TEN,00-0031266,24,4.629033481003717,1.0,Z.Mettenberger
2014_11_SEA_KC,KC,00-0023436,16,5.244903774640989,0.0,A.Smith
2014_11_SEA_KC,SEA,00-0029263,40,3.0219628135456724,0.0,R.Wilson
2014_11_SF_NYG,NYG,00-0022803,47,-14.796080080439731,5.0,E.Manning
2014_11_SF_NYG,SF,00-0022824,1,-3.4010372664779425,0.0,A.Lee
2014_11_SF_NYG,SF,00-0027974,32,5.779277682372522,0.0,C.Kaepernick
2014_11_TB_WAS,TB,00-0021206,27,17.022837429084674,0.0,J.McCown
2014_11_TB_WAS,WAS,00-0029665,42,-11.199950030507445,2.0,R.Griffin III
2014_12_ARI_SEA,ARI,00-0025430,32,-8.414215212830946,1.0,D.Stanton
2014_12_ARI_SEA,SEA,00-0029263,32,1.8855140424483938,0.0,R.Wilson
2014_12_BAL_NO,BAL,00-0026158,25,17.301147462380857,0.0,J.Flacco
2014_12_BAL_NO,NO,00-0020531,51,8.971628431985598,1.0,D.Brees
2014_12_CIN_HOU,CIN,00-0027973,38,1.3132634985410632,1.0,A.Dalton
2014_12_CIN_HOU,HOU,00-0028012,44,-12.892635496198318,1.0,R.Mallett
2014_12_CLE_ATL,ATL,00-0026143,48,1.192752062390164,1.0,M.Ryan
2014_12_CLE_ATL,CLE,00-0026625,42,0.4809033579308446,3.0,B.Hoyer
2014_12_CLE_ATL,CLE,00-0029664,1,-0.7762390393763781,0.0,J.Gordon
2014_12_DAL_NYG,DAL,00-0021678,27,14.503449928954005,0.0,T.Romo
2014_12_DAL_NYG,NYG,00-0022803,42,14.604843149078079,1.0,E.Manning
2014_12_DET_NE,DET,00-0026498,50,-7.621551974322002,1.0,M.Stafford
2014_12_DET_NE,NE,00-0019596,53,8.899236614616338,1.0,T.Brady
2014_12_GB_MIN,GB,00-0023459,33,12.698624077177925,0.0,A.Rodgers
2014_12_GB_MIN,MIN,00-0031237,44,-3.1297078175011377,1.0,T.Bridgewater
2014_12_JAX_IND,IND,00-0029668,40,-4.646291799847911,0.0,A.Luck
2014_12_JAX_IND,JAX,00-0031407,31,-19.87030276641526,1.0,B.Bortles
2014_12_KC_OAK,KC,00-0023436,40,-1.0650247547110334,0.0,A.Smith
2014_12_KC_OAK,LV,00-0031280,36,0.6171958053949544,0.0,D.Carr
2014_12_MIA_DEN,DEN,00-0010346,37,18.86876179520501,0.0,P.Manning
2014_12_MIA_DEN,MIA,00-0029701,37,7.042999639001209,1.0,R.Tannehill
2014_12_NYJ_BUF,BUF,00-0023541,34,12.473318220889974,0.0,K.Orton
2014_12_NYJ_BUF,NYJ,00-0020245,25,-18.08284482990019,1.0,M.Vick
2014_12_NYJ_BUF,NYJ,00-0030565,14,-4.2018832891481,0.0,G.Smith
2014_12_STL_SD,LA,00-0020679,36,-9.658778497826319,2.0,S.Hill
2014_12_STL_SD,LA,00-0028872,1,3.4683817874174565,0.0,J.Hekker
2014_12_STL_SD,LAC,00-0022942,37,0.03082135122718066,1.0,P.Rivers
2014_12_TB_CHI,CHI,00-0024226,30,-13.384270539179164,0.0,J.Cutler
2014_12_TB_CHI,TB,00-0021206,55,-5.454408240369577,2.0,J.McCown
2014_12_TEN_PHI,PHI,00-0026898,46,5.972061388119184,2.0,M.Sanchez
2014_12_TEN_PHI,TEN,00-0031266,44,-1.347998714427412,1.0,Z.Mettenberger
2014_12_WAS_SF,SF,00-0027974,35,10.315454223300735,1.0,C.Kaepernick
2014_12_WAS_SF,WAS,00-0026345,1,-0.6566392839886248,0.0,P.Garcon
2014_12_WAS_SF,WAS,00-0029665,25,-13.801420309591931,0.0,R.Griffin III
2014_13_ARI_ATL,ARI,00-0025430,40,-2.325889268265989,2.0,D.Stanton
2014_13_ARI_ATL,ATL,00-0026143,43,5.999500348487242,1.0,M.Ryan
2014_13_CAR_MIN,CAR,00-0027939,41,-6.723580726370001,1.0,C.Newton
2014_13_CAR_MIN,MIN,00-0031237,25,3.5556599952979013,0.0,T.Bridgewater
2014_13_CHI_DET,CHI,00-0024226,51,-2.806932651725112,2.0,J.Cutler
2014_13_CHI_DET,DET,00-0026498,47,7.965619295046851,0.0,M.Stafford
2014_13_CIN_TB,CIN,00-0027973,29,-9.5494041898055,3.0,A.Dalton
2014_13_CIN_TB,CIN,00-0029632,1,0.4840898086549714,0.0,M.Sanu
2014_13_CIN_TB,TB,00-0021206,30,-3.9382527769773867,1.0,J.McCown
2014_13_CLE_BUF,BUF,00-0023541,31,-10.437499546566194,2.0,K.Orton
2014_13_CLE_BUF,CLE,00-0026625,32,-7.316928970560046,2.0,B.Hoyer
2014_13_CLE_BUF,CLE,00-0031409,10,2.3798154210089706,0.0,J.Manziel
2014_13_DEN_KC,DEN,00-0010346,35,1.1367264814164493,0.0,P.Manning
2014_13_DEN_KC,KC,00-0023436,33,-10.278028024631695,1.0,A.Smith
2014_13_MIA_NYJ,MIA,00-0029701,37,-6.084112623551508,1.0,R.Tannehill
2014_13_MIA_NYJ,NYJ,00-0030565,18,-4.3510721806244375,1.0,G.Smith
2014_13_NE_GB,GB,00-0023459,42,18.048858236392462,0.0,A.Rodgers
2014_13_NE_GB,NE,00-0019596,36,12.399087501855274,0.0,T.Brady
2014_13_NO_PIT,NO,00-0020531,28,16.938049658667296,0.0,D.Brees
2014_13_NO_PIT,PIT,00-0022924,61,10.74787613635016,2.0,B.Roethlisberger
2014_13_NYG_JAX,JAX,00-0031407,45,-6.18953283462883,0.0,B.Bortles
2014_13_NYG_JAX,NYG,00-0022803,38,-1.5520656992421316,0.0,E.Manning
2014_13_OAK_STL,LA,00-0020679,23,3.0555642377417533,0.0,S.Hill
2014_13_OAK_STL,LV,00-0022787,12,-13.429727628361434,1.0,M.Schaub
2014_13_OAK_STL,LV,00-0031280,43,-19.387819290161133,2.0,D.Carr
2014_13_PHI_DAL,DAL,00-0021678,33,-8.4208662570372,2.0,T.Romo
2014_13_PHI_DAL,PHI,00-0026898,33,9.718607878542137,0.0,M.Sanchez
2014_13_SD_BAL,BAL,00-0026158,32,9.498107732576832,0.0,J.Flacco
2014_13_SD_BAL,LAC,00-0022942,51,20.07199339909899,1.0,P.Rivers
2014_13_SEA_SF,SEA,00-0029263,31,8.797505003093171,0.0,R.Wilson
2014_13_SEA_SF,SF,00-0027974,36,-15.491405941719576,2.0,C.Kaepernick
2014_13_TEN_HOU,HOU,00-0023682,34,33.5500441378681,0.0,R.Fitzpatrick
2014_13_TEN_HOU,TEN,00-0027946,14,-17.394664512830786,2.0,J.Locker
2014_13_TEN_HOU,TEN,00-0031266,21,3.2410989608615637,1.0,Z.Mettenberger
2014_13_WAS_IND,IND,00-0029668,30,16.65306891698856,1.0,A.Luck
2014_13_WAS_IND,WAS,00-0027688,53,-0.20427262625388387,0.0,C.McCoy
2014_14_ATL_GB,ATL,00-0026143,42,24.440481758268053,1.0,M.Ryan
2014_14_ATL_GB,GB,00-0023459,40,21.939643244956912,0.0,A.Rodgers
2014_14_BAL_MIA,BAL,00-0026158,34,12.135800919786561,1.0,J.Flacco
2014_14_BAL_MIA,MIA,00-0029701,39,-2.6797853872871764,0.0,R.Tannehill
2014_14_BUF_DEN,BUF,00-0023541,61,2.851414723964653,2.0,K.Orton
2014_14_BUF_DEN,DEN,00-0010346,20,-1.788253853160924,2.0,P.Manning
2014_14_CAR_NO,CAR,00-0027939,34,12.767851360462622,0.0,C.Newton
2014_14_CAR_NO,NO,00-0020531,52,-14.419597249397247,1.0,D.Brees
2014_14_DAL_CHI,CHI,00-0024226,47,14.521347090165364,1.0,J.Cutler
2014_14_DAL_CHI,DAL,00-0021678,27,16.13245698256651,0.0,T.Romo
2014_14_HOU_JAX,HOU,00-0023682,23,1.367657705575298,0.0,R.Fitzpatrick
2014_14_HOU_JAX,JAX,00-0030547,1,-1.7546308969613165,0.0,D.Robinson
2014_14_HOU_JAX,JAX,00-0031407,44,-10.012875254388828,1.0,B.Bortles
2014_14_IND_CLE,CLE,00-0026625,32,-12.086289481769327,2.0,B.Hoyer
2014_14_IND_CLE,IND,00-0029668,62,-16.615573237236035,2.0,A.Luck
2014_14_KC_ARI,ARI,00-0025430,36,6.956367854911946,0.0,D.Stanton
2014_14_KC_ARI,KC,00-0023436,47,-0.8516518622636795,1.0,A.Smith
2014_14_NE_SD,LAC,00-0022942,39,-8.936634689336643,1.0,P.Rivers
2014_14_NE_SD,NE,00-0019596,47,6.37985134948027,1.0,T.Brady
2014_14_NYG_TEN,NYG,00-0022803,42,1.069957535799145,1.0,E.Manning
2014_14_NYG_TEN,NYG,00-0031235,1,-0.4858482941053808,0.0,O.Beckham
2014_14_NYG_TEN,TEN,00-0027946,16,-3.677527556894347,1.0,J.Locker
2014_14_NYG_TEN,TEN,00-0031266,29,-20.266879491373594,1.0,Z.Mettenberger
2014_14_NYJ_MIN,MIN,00-0031237,32,14.111245830617989,1.0,T.Bridgewater
2014_14_NYJ_MIN,NYJ,00-0030565,36,3.150330667486971,1.0,G.Smith
2014_14_PIT_CIN,CIN,00-0023460,8,-3.893791871436406,0.0,J.Campbell
2014_14_PIT_CIN,CIN,00-0027973,32,11.428632897441275,0.0,A.Dalton
2014_14_PIT_CIN,PIT,00-0022924,39,18.427067746233263,0.0,B.Roethlisberger
2014_14_SEA_PHI,PHI,00-0026898,24,-10.714471124461852,1.0,M.Sanchez
2014_14_SEA_PHI,SEA,00-0029263,42,7.291276112637034,0.0,R.Wilson
2014_14_SF_OAK,LV,00-0031280,30,14.483135773221907,0.0,D.Carr
2014_14_SF_OAK,SF,00-0027974,40,-5.119383447389117,2.0,C.Kaepernick
2014_14_STL_WAS,LA,00-0020679,26,9.971247504931293,0.0,S.Hill
2014_14_STL_WAS,LA,00-0028872,1,1.053,0.0,J.Hekker
2014_14_STL_WAS,WAS,00-0027688,39,-11.322083047707565,2.0,C.McCoy
2014_14_STL_WAS,WAS,00-0029665,5,-1.7145777560654096,0.0,R.Griffin III
2014_14_TB_DET,DET,00-0026498,38,15.460075078302935,0.0,M.Stafford
2014_14_TB_DET,TB,00-0021206,48,-5.528678200329158,2.0,J.McCown
2014_15_ARI_STL,ARI,00-0025430,22,-6.3889763054797,0.0,D.Stanton
2014_15_ARI_STL,ARI,00-0029531,10,-5.3617130743996,0.0,R.Lindley
2014_15_ARI_STL,LA,00-0020679,43,-9.421423534247797,1.0,S.Hill
2014_15_CIN_CLE,CIN,00-0027973,27,-5.228377129755321,1.0,A.Dalton
2014_15_CIN_CLE,CLE,00-0031409,24,-16.548620824178215,2.0,J.Manziel
2014_15_DAL_PHI,DAL,00-0021678,35,15.593251118763245,0.0,T.Romo
2014_15_DAL_PHI,PHI,00-0026898,32,3.576791343050022,2.0,M.Sanchez
2014_15_DEN_SD,DEN,00-0010346,21,13.437946933857923,0.0,P.Manning
2014_15_DEN_SD,DEN,00-0029682,2,-1.239111186703667,0.0,B.Osweiler
2014_15_DEN_SD,LAC,00-0022942,42,-3.022496530824165,2.0,P.Rivers
2014_15_GB_BUF,BUF,00-0023541,30,-9.844714522793424,1.0,K.Orton
2014_15_GB_BUF,GB,00-0023459,46,-12.1199393324819,2.0,A.Rodgers
2014_15_HOU_IND,HOU,00-0023682,9,-1.5619168733246624,0.0,R.Fitzpatrick
2014_15_HOU_IND,HOU,00-0031064,20,-2.218302158638835,1.0,T.Savage
2014_15_HOU_IND,IND,00-0029668,40,-8.878593651170377,1.0,A.Luck
2014_15_JAX_BAL,BAL,00-0026158,30,6.780996983995946,0.0,J.Flacco
2014_15_JAX_BAL,JAX,00-0029692,1,3.749778052791953,0.0,B.Anger
2014_15_JAX_BAL,JAX,00-0031407,45,-11.636800976047539,1.0,B.Bortles
2014_15_MIA_NE,MIA,00-0029701,51,-4.123605116497793,2.0,R.Tannehill
2014_15_MIA_NE,NE,00-0019596,36,10.542982586937507,1.0,T.Brady
2014_15_MIN_DET,DET,00-0026498,29,-3.311917424794498,0.0,M.Stafford
2014_15_MIN_DET,MIN,00-0031237,46,-1.382222384208947,2.0,T.Bridgewater
2014_15_NO_CHI,CHI,00-0024226,40,-13.581048395673744,3.0,J.Cutler
2014_15_NO_CHI,NO,00-0020531,39,23.745166955457535,0.0,D.Brees
2014_15_NYJ_TEN,NYJ,00-0030565,34,0.013435553020004876,0.0,G.Smith
2014_15_NYJ_TEN,TEN,00-0024296,25,-2.28928831644543,0.0,C.Whitehurst
2014_15_NYJ_TEN,TEN,00-0027946,12,-0.7270769409187019,0.0,J.Locker
2014_15_OAK_KC,KC,00-0023436,34,12.530719793912347,0.0,A.Smith
2014_15_OAK_KC,KC,00-0026544,1,-1.1243765361315878,0.0,C.Daniel
2014_15_OAK_KC,LV,00-0031280,59,-16.624746169754637,0.0,D.Carr
2014_15_PIT_ATL,ATL,00-0026143,40,5.690421346275949,1.0,M.Ryan
2014_15_PIT_ATL,PIT,00-0022924,35,17.530854347674566,0.0,B.Roethlisberger
2014_15_SF_SEA,SEA,00-0029263,31,1.0260963729164132,1.0,R.Wilson
2014_15_SF_SEA,SF,00-0027974,29,-3.7725301765603945,0.0,C.Kaepernick
2014_15_TB_CAR,CAR,00-0023645,45,7.9887919122427995,0.0,D.Anderson
2014_15_TB_CAR,TB,00-0021206,33,-4.172286819491498,1.0,J.McCown
2014_15_WAS_NYG,NYG,00-0022803,35,10.24114120985541,0.0,E.Manning
2014_15_WAS_NYG,WAS,00-0027688,8,0.5640339896409694,0.0,C.McCoy
2014_15_WAS_NYG,WAS,00-0029665,39,-5.314255204342489,0.0,R.Griffin III
2014_16_ATL_NO,ATL,00-0026143,41,18.060981592780468,0.0,M.Ryan
2014_16_ATL_NO,NO,00-0020531,52,-7.73447180230869,2.0,D.Brees
2014_16_BAL_HOU,BAL,00-0026158,54,-23.93640603985102,3.0,J.Flacco
2014_16_BAL_HOU,HOU,00-0026796,1,1.3071546642750036,0.0,A.Foster
2014_16_BAL_HOU,HOU,00-0028986,43,-8.087138571490815,1.0,C.Keenum
2014_16_BUF_OAK,BUF,00-0023541,51,2.5541246914532576,2.0,K.Orton
2014_16_BUF_OAK,LV,00-0031280,35,1.530950674100982,0.0,D.Carr
2014_16_CLE_CAR,CAR,00-0027939,37,7.186102421653919,1.0,C.Newton
2014_16_CLE_CAR,CLE,00-0026625,18,2.0043791278093366,1.0,B.Hoyer
2014_16_CLE_CAR,CLE,00-0031409,9,-0.1289684413817005,0.0,J.Manziel
2014_16_DEN_CIN,CIN,00-0027973,26,-5.9250022733747905,1.0,A.Dalton
2014_16_DEN_CIN,DEN,00-0010346,46,-9.246216830858973,4.0,P.Manning
2014_16_DET_CHI,CHI,00-0027659,43,-3.8446429104660638,1.0,J.Clausen
2014_16_DET_CHI,DET,00-0026498,44,-0.00435705090923344,2.0,M.Stafford
2014_16_GB_TB,GB,00-0023459,41,11.775443534800253,0.0,A.Rodgers
2014_16_GB_TB,TB,00-0021206,33,-15.758030938537624,1.0,J.McCown
2014_16_IND_DAL,DAL,00-0021678,24,25.056824075425197,0.0,T.Romo
2014_16_IND_DAL,DAL,00-0029677,1,4.872750147012994,0.0,B.Weeden
2014_16_IND_DAL,IND,00-0007091,23,-7.477476652245969,0.0,M.Hasselbeck
2014_16_IND_DAL,IND,00-0027145,1,-2.4950099713751115,0.0,P.McAfee
2014_16_IND_DAL,IND,00-0029668,22,-10.477786364615895,2.0,A.Luck
2014_16_KC_PIT,KC,00-0023436,53,8.919706198410426,0.0,A.Smith
2014_16_KC_PIT,KC,00-0023534,1,2.5930144345620647,0.0,D.Colquitt
2014_16_KC_PIT,PIT,00-0022924,26,8.569479090574456,0.0,B.Roethlisberger
2014_16_MIN_MIA,MIA,00-0029701,48,19.263149135978892,1.0,R.Tannehill
2014_16_MIN_MIA,MIN,00-0031237,34,9.227331583096621,1.0,T.Bridgewater
2014_16_NE_NYJ,NE,00-0019596,41,-3.607850857892914,1.0,T.Brady
2014_16_NE_NYJ,NYJ,00-0030565,31,0.9451318529737494,1.0,G.Smith
2014_16_NYG_STL,LA,00-0020679,34,2.3933495715467457,1.0,S.Hill
2014_16_NYG_STL,NYG,00-0022803,33,27.035627860097776,0.0,E.Manning
2014_16_PHI_WAS,PHI,00-0026898,56,17.02186149114862,1.0,M.Sanchez
2014_16_PHI_WAS,WAS,00-0029665,28,7.112814925227549,1.0,R.Griffin III
2014_16_SD_SF,LAC,00-0022942,56,2.441813731798902,3.0,P.Rivers
2014_16_SD_SF,SF,00-0027974,32,1.0674341594007926,0.0,C.Kaepernick
2014_16_SEA_ARI,ARI,00-0029531,48,-18.269276968394866,1.0,R.Lindley
2014_16_SEA_ARI,ARI,00-0031260,1,-0.5337662606034428,0.0,L.Thomas
2014_16_SEA_ARI,SEA,00-0024279,1,-0.5418642838485539,0.0,T.Jackson
2014_16_SEA_ARI,SEA,00-0029263,34,18.87216658213802,0.0,R.Wilson
2014_16_TEN_JAX,JAX,00-0028052,1,0.7283290675841272,0.0,C.Shorts
2014_16_TEN_JAX,JAX,00-0031407,33,1.8392813793034293,0.0,B.Bortles
2014_16_TEN_JAX,TEN,00-0024296,40,4.550030093082546,0.0,C.Whitehurst
2014_17_ARI_SF,ARI,00-0029531,41,7.237521955416173,3.0,R.Lindley
2014_17_ARI_SF,ARI,00-0030999,1,-0.4444010801962577,0.0,M.Grice
2014_17_ARI_SF,SF,00-0027974,31,11.206897177215216,0.0,C.Kaepernick
2014_17_BUF_NE,BUF,00-0023541,25,2.4018305937296924,0.0,K.Orton
2014_17_BUF_NE,NE,00-0019596,18,-1.9470475875930615,0.0,T.Brady
2014_17_BUF_NE,NE,00-0031345,22,-8.424532193392022,0.0,J.Garoppolo
2014_17_CAR_ATL,ATL,00-0026143,54,-21.356648669910204,2.0,M.Ryan
2014_17_CAR_ATL,CAR,00-0027939,19,4.371617785649551,0.0,C.Newton
2014_17_CHI_MIN,CHI,00-0024226,40,-4.62339469914394,0.0,J.Cutler
2014_17_CHI_MIN,MIN,00-0031237,31,1.1257022196989919,1.0,T.Bridgewater
2014_17_CIN_PIT,CIN,00-0027973,43,-1.0758531557496873,2.0,A.Dalton
2014_17_CIN_PIT,PIT,00-0022924,39,9.203525797101216,1.0,B.Roethlisberger
2014_17_CIN_PIT,PIT,00-0030142,1,-2.112845234805718,1.0,B.Wing
2014_17_CLE_BAL,BAL,00-0026158,38,6.90354505379759,0.0,J.Flacco
2014_17_CLE_BAL,CLE,00-0030661,34,-2.460333206263627,1.0,C.Shaw
2014_17_DAL_WAS,DAL,00-0021678,34,8.088082648916973,1.0,T.Romo
2014_17_DAL_WAS,WAS,00-0029665,47,-10.1844449144777,2.0,R.Griffin III
2014_17_DET_GB,DET,00-0026498,45,-1.339784091920592,0.0,M.Stafford
2014_17_DET_GB,GB,00-0023459,23,19.30844873668152,0.0,A.Rodgers
2014_17_DET_GB,GB,00-0026349,2,-2.277820912655443,0.0,M.Flynn
2014_17_IND_TEN,IND,00-0007091,19,7.32408039894684,0.0,M.Hasselbeck
2014_17_IND_TEN,IND,00-0029668,18,9.137735602595804,0.0,A.Luck
2014_17_IND_TEN,TEN,00-0024296,34,-13.068358466293464,0.0,C.Whitehurst
2014_17_IND_TEN,TEN,00-0025592,3,-4.004206218000036,0.0,J.Palmer
2014_17_JAX_HOU,HOU,00-0028986,42,-4.434350244991947,1.0,C.Keenum
2014_17_JAX_HOU,JAX,00-0028052,1,2.5937697940971702,0.0,C.Shorts
2014_17_JAX_HOU,JAX,00-0031407,40,-10.421351505099485,0.0,B.Bortles
2014_17_NO_TB,NO,00-0020531,40,5.398099567479221,3.0,D.Brees
2014_17_NO_TB,TB,00-0021206,27,1.37042365943236,1.0,J.McCown
2014_17_NYJ_MIA,MIA,00-0029701,46,-10.222269622325914,0.0,R.Tannehill
2014_17_NYJ_MIA,NYJ,00-0028091,1,-1.3206103803440654,0.0,J.Kerley
2014_17_NYJ_MIA,NYJ,00-0029493,1,4.489343025314156,0.0,R.Quigley
2014_17_NYJ_MIA,NYJ,00-0030565,28,24.63747057205176,0.0,G.Smith
2014_17_OAK_DEN,DEN,00-0010346,38,3.867677705084187,0.0,P.Manning
2014_17_OAK_DEN,DEN,00-0029682,2,5.4298612160782795,0.0,B.Osweiler
2014_17_OAK_DEN,LV,00-0031280,41,-13.53336729289731,1.0,D.Carr
2014_17_PHI_NYG,NYG,00-0022803,53,5.197898449052646,1.0,E.Manning
2014_17_PHI_NYG,PHI,00-0026898,43,3.323624461326252,1.0,M.Sanchez
2014_17_SD_KC,KC,00-0026544,32,-6.88560993584219,0.0,C.Daniel
2014_17_SD_KC,LAC,00-0022942,42,-7.082719856269955,2.0,P.Rivers
2014_17_STL_SEA,LA,00-0020679,41,-12.900355476362376,2.0,S.Hill
2014_17_STL_SEA,SEA,00-0029263,29,-3.0419313973136743,1.0,R.Wilson
2015_01_BAL_DEN,BAL,00-0026158,34,-17.578055238916768,2.0,J.Flacco
2015_01_BAL_DEN,DEN,00-0010346,44,-12.047624071516516,1.0,P.Manning
2015_01_CAR_JAX,CAR,00-0027939,35,1.0009200576129134,1.0,C.Newton
2015_01_CAR_JAX,JAX,00-0031407,46,-15.991009022405267,2.0,B.Bortles
2015_01_CIN_OAK,CIN,00-0027973,35,13.798404845125951,0.0,A.Dalton
2015_01_CIN_OAK,LV,00-0030419,34,-4.330345857495442,1.0,M.McGloin
2015_01_CIN_OAK,LV,00-0031280,13,0.21666535129770637,0.0,D.Carr
2015_01_CLE_NYJ,CLE,00-0021206,10,-1.238192409160547,0.0,J.McCown
2015_01_CLE_NYJ,CLE,00-0031409,32,-5.423149550204793,1.0,J.Manziel
2015_01_CLE_NYJ,NYJ,00-0023682,24,10.326020823814726,1.0,R.Fitzpatrick
2015_01_DET_SD,DET,00-0026498,31,-1.2557867878349498,2.0,M.Stafford
2015_01_DET_SD,LAC,00-0022942,43,12.408935663109773,2.0,P.Rivers
2015_01_GB_CHI,CHI,00-0024226,40,1.6627473153706767,1.0,J.Cutler
2015_01_GB_CHI,GB,00-0023459,28,15.210269097745213,0.0,A.Rodgers
2015_01_IND_BUF,BUF,00-0028118,22,10.866656938066077,0.0,T.Taylor
2015_01_IND_BUF,IND,00-0029668,55,4.377909542487788,2.0,A.Luck
2015_01_KC_HOU,HOU,00-0026625,38,-12.231674973232423,1.0,B.Hoyer
2015_01_KC_HOU,HOU,00-0028012,16,6.3927766547626845,0.0,R.Mallett
2015_01_KC_HOU,KC,00-0023436,37,4.8569572177179765,0.0,A.Smith
2015_01_MIA_WAS,MIA,00-0029701,37,0.14543494587565586,0.0,R.Tannehill
2015_01_MIA_WAS,WAS,00-0029604,32,0.7191140250943135,2.0,K.Cousins
2015_01_MIN_SF,MIN,00-0031237,40,-17.448691956744824,1.0,T.Bridgewater
2015_01_MIN_SF,SF,00-0027974,31,5.938609215094866,0.0,C.Kaepernick
2015_01_NO_ARI,ARI,00-0021429,34,14.987278671079615,0.0,C.Palmer
2015_01_NO_ARI,NO,00-0020531,50,1.8298234829922024,1.0,D.Brees
2015_01_NYG_DAL,DAL,00-0021678,45,9.175033079613025,2.0,T.Romo
2015_01_NYG_DAL,NYG,00-0022803,38,1.6835890596508318,0.0,E.Manning
2015_01_PHI_ATL,ATL,00-0026143,37,1.5970135388680693,2.0,M.Ryan
2015_01_PHI_ATL,PHI,00-0027854,52,4.6140134039115726,2.0,S.Bradford
2015_01_PIT_NE,NE,00-0019596,34,15.96135086074355,0.0,T.Brady
2015_01_PIT_NE,PIT,00-0022924,41,17.66694187641849,1.0,B.Roethlisberger
2015_01_PIT_NE,PIT,00-0027793,1,-1.4314061118056998,0.0,A.Brown
2015_01_SEA_STL,LA,00-0029567,31,7.544399641298699,0.0,N.Foles
2015_01_SEA_STL,SEA,00-0029263,53,-6.309253849001244,1.0,R.Wilson
2015_01_TEN_TB,TB,00-0031503,42,-10.516740545601351,2.0,J.Winston
2015_01_TEN_TB,TEN,00-0032268,17,19.146577191131655,0.0,M.Mariota
2015_02_ARI_CHI,ARI,00-0021429,24,11.273282744572498,1.0,C.Palmer
2015_02_ARI_CHI,CHI,00-0024226,10,2.615562481834786,1.0,J.Cutler
2015_02_ARI_CHI,CHI,00-0027659,25,-11.046777845074041,1.0,J.Clausen
2015_02_ATL_NYG,ATL,00-0026143,48,17.221792497632705,0.0,M.Ryan
2015_02_ATL_NYG,NYG,00-0022803,44,9.285945945477579,0.0,E.Manning
2015_02_BAL_OAK,BAL,00-0026158,45,16.852372191719848,1.0,J.Flacco
2015_02_BAL_OAK,LV,00-0031280,47,13.31552331875027,1.0,D.Carr
2015_02_DAL_PHI,DAL,00-0021678,31,-0.5604691872660359,0.0,T.Romo
2015_02_DAL_PHI,DAL,00-0029677,8,5.429545064340346,0.0,B.Weeden
2015_02_DAL_PHI,PHI,00-0027854,39,-7.048999946769772,2.0,S.Bradford
2015_02_DEN_KC,DEN,00-0010346,48,-2.2949281627820763,1.0,P.Manning
2015_02_DEN_KC,KC,00-0023436,31,-9.55217625594975,2.0,A.Smith
2015_02_DEN_KC,KC,00-0026995,1,-1.1016106486786157,0.0,J.Maclin
2015_02_DET_MIN,DET,00-0026498,58,6.420361700870579,1.0,M.Stafford
2015_02_DET_MIN,MIN,00-0031237,22,8.058801174257578,0.0,T.Bridgewater
2015_02_HOU_CAR,CAR,00-0027939,43,-6.219442802138978,1.0,C.Newton
2015_02_HOU_CAR,HOU,00-0028012,60,-8.325127594031688,1.0,R.Mallett
2015_02_MIA_JAX,JAX,00-0031407,34,10.219498178797007,0.0,B.Bortles
2015_02_MIA_JAX,MIA,00-0029701,46,13.281392657690322,0.0,R.Tannehill
2015_02_NE_BUF,BUF,00-0028118,43,-4.406755894058617,3.0,T.Taylor
2015_02_NE_BUF,NE,00-0019596,61,10.445287623487593,0.0,T.Brady
2015_02_NYJ_IND,IND,00-0029668,41,-5.129449779298237,3.0,A.Luck
2015_02_NYJ_IND,NYJ,00-0023682,36,5.828916779032474,1.0,R.Fitzpatrick
2015_02_SD_CIN,CIN,00-0027973,28,9.802268224512522,0.0,A.Dalton
2015_02_SD_CIN,LAC,00-0022942,33,1.4889129222445687,1.0,P.Rivers
2015_02_SEA_GB,GB,00-0023459,40,9.719080162332604,0.0,A.Rodgers
2015_02_SEA_GB,SEA,00-0029263,36,2.121617332350615,1.0,R.Wilson
2015_02_SF_PIT,PIT,00-0022924,29,25.572848315583776,0.0,B.Roethlisberger
2015_02_SF_PIT,SF,00-0027974,56,9.092712890649851,0.0,C.Kaepernick
2015_02_STL_WAS,LA,00-0029567,34,-12.105758568785026,0.0,N.Foles
2015_02_STL_WAS,WAS,00-0029604,29,4.844197231655542,0.0,K.Cousins
2015_02_TB_NO,NO,00-0020531,43,-2.07852828549448,1.0,D.Brees
2015_02_TB_NO,TB,00-0031503,29,0.959087113159395,0.0,J.Winston
2015_02_TEN_CLE,CLE,00-0031409,18,3.414402008347679,0.0,J.Manziel
2015_02_TEN_CLE,TEN,00-0032268,46,0.744676638772944,0.0,M.Mariota
2015_03_ATL_DAL,ATL,00-0026143,39,16.47917602952164,0.0,M.Ryan
2015_03_ATL_DAL,DAL,00-0029677,28,1.5961680916079786,1.0,B.Weeden
2015_03_BUF_MIA,BUF,00-0028118,31,22.211304968341395,0.0,T.Taylor
2015_03_BUF_MIA,MIA,00-0029701,52,-14.823756370853399,3.0,R.Tannehill
2015_03_CHI_SEA,CHI,00-0027659,22,-9.585667424253188,0.0,J.Clausen
2015_03_CHI_SEA,SEA,00-0029263,37,5.3583919563575275,0.0,R.Wilson
2015_03_CIN_BAL,BAL,00-0026158,49,6.436054143817794,1.0,J.Flacco
2015_03_CIN_BAL,CIN,00-0027973,37,12.037540236662608,1.0,A.Dalton
2015_03_DEN_DET,DEN,00-0010346,43,8.196988416370004,1.0,P.Manning
2015_03_DEN_DET,DET,00-0026498,49,-8.9686561615963,2.0,M.Stafford
2015_03_IND_TEN,IND,00-0029668,36,-4.049876564182341,2.0,A.Luck
2015_03_IND_TEN,TEN,00-0032268,47,0.3293511312210451,2.0,M.Mariota
2015_03_JAX_NE,JAX,00-0031407,36,6.307247660603192,1.0,B.Bortles
2015_03_JAX_NE,NE,00-0019596,44,22.569321487134232,0.0,T.Brady
2015_03_KC_GB,GB,00-0023459,38,17.25176036718662,0.0,A.Rodgers
2015_03_KC_GB,KC,00-0023436,55,-1.1460321200136097,1.0,A.Smith
2015_03_NO_CAR,CAR,00-0027939,33,15.187473840005968,0.0,C.Newton
2015_03_NO_CAR,NO,00-0022864,40,11.727025759799792,1.0,L.McCown
2015_03_OAK_CLE,CLE,00-0021206,54,9.331796917843509,1.0,J.McCown
2015_03_OAK_CLE,LV,00-0031280,32,15.89237759540337,0.0,D.Carr
2015_03_PHI_NYJ,NYJ,00-0023682,61,-12.632547445664741,3.0,R.Fitzpatrick
2015_03_PHI_NYJ,PHI,00-0027854,29,-3.6008933644703154,0.0,S.Bradford
2015_03_PIT_STL,LA,00-0028872,1,-2.9453519927337766,0.0,J.Hekker
2015_03_PIT_STL,LA,00-0029567,31,-6.9316137906237305,1.0,N.Foles
2015_03_PIT_STL,PIT,00-0020245,8,-4.590486227527336,0.0,M.Vick
2015_03_PIT_STL,PIT,00-0022924,28,6.91759190340247,1.0,B.Roethlisberger
2015_03_SD_MIN,LAC,00-0022942,38,-12.11310127901379,1.0,P.Rivers
2015_03_SD_MIN,LAC,00-0024264,6,7.164608395018149,0.0,K.Clemens
2015_03_SD_MIN,MIN,00-0031237,24,-4.470252582191072,1.0,T.Bridgewater
2015_03_SF_ARI,ARI,00-0021429,33,12.843345152330585,1.0,C.Palmer
2015_03_SF_ARI,SF,00-0027974,25,-22.12171625753399,4.0,C.Kaepernick
2015_03_TB_HOU,HOU,00-0028012,40,1.452218355791445,1.0,R.Mallett
2015_03_TB_HOU,TB,00-0031503,36,-2.16704166395086,1.0,J.Winston
2015_03_WAS_NYG,NYG,00-0022803,32,16.943784779415672,0.0,E.Manning
2015_03_WAS_NYG,WAS,00-0029604,51,4.170254960964767,2.0,K.Cousins
2015_04_BAL_PIT,BAL,00-0024417,1,-3.6138413445441984,0.0,S.Koch
2015_04_BAL_PIT,BAL,00-0026158,37,-9.458135194939636,1.0,J.Flacco
2015_04_BAL_PIT,PIT,00-0020245,36,-14.409055843811878,0.0,M.Vick
2015_04_CAR_TB,CAR,00-0027939,26,2.7727226991885745,0.0,C.Newton
2015_04_CAR_TB,TB,00-0031503,48,-11.9604844871036,4.0,J.Winston
2015_04_CLE_SD,CLE,00-0021206,46,9.680755322019404,0.0,J.McCown
2015_04_CLE_SD,LAC,00-0022942,40,13.02401966962217,0.0,P.Rivers
2015_04_DAL_NO,DAL,00-0029677,31,12.788082883146384,0.0,B.Weeden
2015_04_DAL_NO,NO,00-0020531,44,8.83407713519274,0.0,D.Brees
2015_04_DET_SEA,DET,00-0026498,35,1.1613088842131383,0.0,M.Stafford
2015_04_DET_SEA,SEA,00-0029263,37,0.5901174433272729,0.0,R.Wilson
2015_04_GB_SF,GB,00-0023459,38,6.624155893301278,0.0,A.Rodgers
2015_04_GB_SF,SF,00-0027974,35,-8.098897810609419,1.0,C.Kaepernick
2015_04_HOU_ATL,ATL,00-0026143,29,9.647396840737201,0.0,M.Ryan
2015_04_HOU_ATL,HOU,00-0026625,31,13.386831792013254,0.0,B.Hoyer
2015_04_HOU_ATL,HOU,00-0028012,27,-8.715599947680245,1.0,R.Mallett
2015_04_JAX_IND,IND,00-0007091,50,3.419639194753125,0.0,M.Hasselbeck
2015_04_JAX_IND,JAX,00-0031407,52,2.508818234918764,0.0,B.Bortles
2015_04_KC_CIN,CIN,00-0027973,26,20.207222504194558,0.0,A.Dalton
2015_04_KC_CIN,KC,00-0023436,55,9.697504400941522,0.0,A.Smith
2015_04_MIN_DEN,DEN,00-0010346,29,-1.9692476711996818,2.0,P.Manning
2015_04_MIN_DEN,MIN,00-0031237,50,0.992619650774416,0.0,T.Bridgewater
2015_04_NYG_BUF,BUF,00-0028118,45,-3.568923800336586,1.0,T.Taylor
2015_04_NYG_BUF,NYG,00-0022803,36,-1.887535309408218,1.0,E.Manning
2015_04_NYJ_MIA,MIA,00-0029701,48,-20.649252347182482,2.0,R.Tannehill
2015_04_NYJ_MIA,NYJ,00-0023682,33,11.720706421757715,1.0,R.Fitzpatrick
2015_04_OAK_CHI,CHI,00-0024226,46,12.332626492570853,1.0,J.Cutler
2015_04_OAK_CHI,LV,00-0031280,35,-0.7714190654642339,1.0,D.Carr
2015_04_PHI_WAS,PHI,00-0027854,34,11.226463393728627,0.0,S.Bradford
2015_04_PHI_WAS,WAS,00-0029604,47,11.463392088434654,0.0,K.Cousins
2015_04_STL_ARI,ARI,00-0021429,49,4.671250484058691,1.0,C.Palmer
2015_04_STL_ARI,LA,00-0029567,25,4.313607853465863,0.0,N.Foles
2015_05_ARI_DET,ARI,00-0021429,16,9.063510775566101,0.0,C.Palmer
2015_05_ARI_DET,ARI,00-0025430,4,-2.435272619361058,0.0,D.Stanton
2015_05_ARI_DET,DET,00-0023578,38,-0.19970676897408346,1.0,D.Orlovsky
2015_05_ARI_DET,DET,00-0026498,33,-10.608010957017541,3.0,M.Stafford
2015_05_BUF_TEN,BUF,00-0028118,25,3.4416119859088212,0.0,T.Taylor
2015_05_BUF_TEN,BUF,00-0028237,1,-0.060125589137896895,0.0,C.Hogan
2015_05_BUF_TEN,TEN,00-0032268,37,-0.36023319958941435,1.0,M.Mariota
2015_05_CHI_KC,CHI,00-0024226,51,-0.5667254262997278,0.0,J.Cutler
2015_05_CHI_KC,KC,00-0023436,35,-2.9938665681185173,0.0,A.Smith
2015_05_CLE_BAL,BAL,00-0026158,37,1.6191420984042044,0.0,J.Flacco
2015_05_CLE_BAL,CLE,00-0021206,59,17.980064868553665,0.0,J.McCown
2015_05_DEN_OAK,DEN,00-0010346,37,-6.632554954891255,2.0,P.Manning
2015_05_DEN_OAK,LV,00-0031280,43,-13.704002793181308,1.0,D.Carr
2015_05_IND_HOU,HOU,00-0026625,32,17.115968646324127,1.0,B.Hoyer
2015_05_IND_HOU,HOU,00-0028012,11,-2.5067152337287553,1.0,R.Mallett
2015_05_IND_HOU,IND,00-0007091,29,10.849035795494903,0.0,M.Hasselbeck
2015_05_JAX_TB,JAX,00-0031407,40,10.478355208986873,1.0,B.Bortles
2015_05_JAX_TB,TB,00-0031503,24,13.375410481019282,0.0,J.Winston
2015_05_NE_DAL,DAL,00-0029677,44,-11.923188737708319,1.0,B.Weeden
2015_05_NE_DAL,NE,00-0019596,33,10.691495114708635,0.0,T.Brady
2015_05_NO_PHI,NO,00-0020531,48,-7.371196767160836,1.0,D.Brees
2015_05_NO_PHI,PHI,00-0027854,46,1.7420921445453983,2.0,S.Bradford
2015_05_PIT_SD,LAC,00-0022942,50,3.4573889953731154,1.0,P.Rivers
2015_05_PIT_SD,PIT,00-0020245,29,-0.9080187618173987,1.0,M.Vick
2015_05_SEA_CIN,CIN,00-0027973,51,4.836527224449288,1.0,A.Dalton
2015_05_SEA_CIN,SEA,00-0029263,29,-1.2753567086061164,1.0,R.Wilson
2015_05_SF_NYG,NYG,00-0022803,55,22.031527860857715,1.0,E.Manning
2015_05_SF_NYG,SF,00-0027974,39,13.497704639189871,0.0,C.Kaepernick
2015_05_STL_GB,GB,00-0023459,39,-4.962182324251405,2.0,A.Rodgers
2015_05_STL_GB,LA,00-0028872,1,4.119276334298775,0.0,J.Hekker
2015_05_STL_GB,LA,00-0029567,32,-25.476020062529035,4.0,N.Foles
2015_05_WAS_ATL,ATL,00-0026143,48,-7.241037902937332,2.0,M.Ryan
2015_05_WAS_ATL,WAS,00-0029604,34,-8.048287421490457,2.0,K.Cousins
2015_06_ARI_PIT,ARI,00-0021429,45,8.069296783315242,2.0,C.Palmer
2015_06_ARI_PIT,PIT,00-0020245,14,-5.368126950262383,0.0,M.Vick
2015_06_ARI_PIT,PIT,00-0030524,13,12.051481987646802,0.0,L.Jones
2015_06_ATL_NO,ATL,00-0026143,51,6.55962183669908,0.0,M.Ryan
2015_06_ATL_NO,NO,00-0020531,41,16.664597524519568,0.0,D.Brees
2015_06_BAL_SF,BAL,00-0026158,52,4.5329513941315795,2.0,J.Flacco
2015_06_BAL_SF,SF,00-0027974,33,11.733320478716138,0.0,C.Kaepernick
2015_06_CAR_SEA,CAR,00-0027939,38,1.8765372732596006,2.0,C.Newton
2015_06_CAR_SEA,SEA,00-0029263,40,2.242990089793912,0.0,R.Wilson
2015_06_CHI_DET,CHI,00-0024226,44,10.233633179791722,1.0,J.Cutler
2015_06_CHI_DET,DET,00-0026498,49,13.11956835313558,1.0,M.Stafford
2015_06_CIN_BUF,BUF,00-0030526,44,1.3834448864217848,1.0,E.Manuel
2015_06_CIN_BUF,CIN,00-0027973,33,15.821926301664899,0.0,A.Dalton
2015_06_DEN_CLE,CLE,00-0021206,45,-22.142884975813114,2.0,J.McCown
2015_06_DEN_CLE,DEN,00-0010346,47,-11.036047704586633,3.0,P.Manning
2015_06_HOU_JAX,HOU,00-0026625,38,18.54250699973207,0.0,B.Hoyer
2015_06_HOU_JAX,JAX,00-0031407,60,1.1112513004627544,3.0,B.Bortles
2015_06_KC_MIN,KC,00-0023436,41,6.144310646365753,0.0,A.Smith
2015_06_KC_MIN,MIN,00-0031237,33,0.38193129822856187,2.0,T.Bridgewater
2015_06_MIA_TEN,MIA,00-0029701,32,7.615491397387814,2.0,R.Tannehill
2015_06_MIA_TEN,TEN,00-0031266,9,-0.6436740638455376,0.0,Z.Mettenberger
2015_06_MIA_TEN,TEN,00-0032268,38,-20.421585780850705,2.0,M.Mariota
2015_06_NE_IND,IND,00-0029668,56,6.604550831543747,0.0,A.Luck
2015_06_NE_IND,NE,00-0019596,39,7.565521064544493,1.0,T.Brady
2015_06_NYG_PHI,NYG,00-0022803,42,-13.566510795906652,2.0,E.Manning
2015_06_NYG_PHI,PHI,00-0027854,39,-3.784312478922251,3.0,S.Bradford
2015_06_SD_GB,GB,00-0023459,33,6.6224662316515825,0.0,A.Rodgers
2015_06_SD_GB,LAC,00-0022942,68,19.909626264292225,0.0,P.Rivers
2015_06_WAS_NYJ,NYJ,00-0023682,28,16.971510570892654,1.0,R.Fitzpatrick
2015_06_WAS_NYJ,WAS,00-0029604,45,-7.8329236049906505,2.0,K.Cousins
2015_06_WAS_NYJ,WAS,00-0031941,1,-0.45369074947666377,0.0,J.Crowder
2015_07_ATL_TEN,ATL,00-0026143,38,-5.00222192862642,2.0,M.Ryan
2015_07_ATL_TEN,TEN,00-0031266,36,-13.683189155650325,2.0,Z.Mettenberger
2015_07_BAL_ARI,ARI,00-0021429,32,9.428032757381,0.0,C.Palmer
2015_07_BAL_ARI,BAL,00-0026158,43,6.272038888341591,1.0,J.Flacco
2015_07_BUF_JAX,BUF,00-0030526,48,-9.905817113190379,2.0,E.Manuel
2015_07_BUF_JAX,JAX,00-0031407,31,-0.6850918246200308,1.0,B.Bortles
2015_07_CLE_STL,CLE,00-0021206,39,-2.580548520320841,0.0,J.McCown
2015_07_CLE_STL,CLE,00-0031409,6,-1.1537503871368244,0.0,J.Manziel
2015_07_CLE_STL,LA,00-0029567,25,-4.960752531851074,0.0,N.Foles
2015_07_DAL_NYG,DAL,00-0023662,29,-7.645236145325552,3.0,M.Cassel
2015_07_DAL_NYG,NYG,00-0022803,26,-0.33076435403638715,0.0,E.Manning
2015_07_HOU_MIA,HOU,00-0026625,54,-3.4019221158376896,1.0,B.Hoyer
2015_07_HOU_MIA,MIA,00-0025708,1,1.9897069240687415,0.0,M.Moore
2015_07_HOU_MIA,MIA,00-0029701,24,11.317030325954113,0.0,R.Tannehill
2015_07_MIN_DET,DET,00-0026498,34,-5.5012464696989305,0.0,M.Stafford
2015_07_MIN_DET,MIN,00-0031237,39,15.61783154678377,0.0,T.Bridgewater
2015_07_NO_IND,IND,00-0029668,51,-8.677502885519061,2.0,A.Luck
2015_07_NO_IND,NO,00-0020531,46,-4.701165863429196,1.0,D.Brees
2015_07_NO_IND,NO,00-0022864,1,4.266409072908573,0.0,L.McCown
2015_07_NYJ_NE,NE,00-0019596,59,9.66237460687149,0.0,T.Brady
2015_07_NYJ_NE,NYJ,00-0023682,45,13.640478625146093,0.0,R.Fitzpatrick
2015_07_OAK_SD,LAC,00-0022942,61,-0.2477426098857638,2.0,P.Rivers
2015_07_OAK_SD,LV,00-0031280,33,13.285591198408637,0.0,D.Carr
2015_07_PHI_CAR,CAR,00-0027939,25,-4.586560271853479,3.0,C.Newton
2015_07_PHI_CAR,PHI,00-0027854,54,-13.70206959168869,1.0,S.Bradford
2015_07_PIT_KC,KC,00-0023436,35,5.534980031579961,0.0,A.Smith
2015_07_PIT_KC,PIT,00-0030524,31,-8.040633899871368,2.0,L.Jones
2015_07_SEA_SF,SEA,00-0029263,32,4.418183714073578,2.0,R.Wilson
2015_07_SEA_SF,SF,00-0027974,30,-11.314095509533821,0.0,C.Kaepernick
2015_07_TB_WAS,TB,00-0031503,31,15.770202671558117,0.0,J.Winston
2015_07_TB_WAS,WAS,00-0029604,41,5.7755673058805685,0.0,K.Cousins
2015_08_ARI_CLE,ARI,00-0021429,39,27.514810678783768,1.0,C.Palmer
2015_08_ARI_CLE,CLE,00-0021206,37,5.88386788443313,1.0,J.McCown
2015_08_ARI_CLE,CLE,00-0031409,7,-3.1319630187936127,0.0,J.Manziel
2015_08_CIN_PIT,CIN,00-0027973,43,0.21587585115780605,2.0,A.Dalton
2015_08_CIN_PIT,PIT,00-0022924,48,-12.730456146742666,3.0,B.Roethlisberger
2015_08_DET_KC,DET,00-0023578,2,0.3030959591269493,0.0,D.Orlovsky
2015_08_DET_KC,DET,00-0026498,43,-12.909748645898347,2.0,M.Stafford
2015_08_DET_KC,KC,00-0023436,33,12.598089659610185,0.0,A.Smith
2015_08_DET_KC,KC,00-0026544,2,0.6385920391185209,0.0,C.Daniel
2015_08_GB_DEN,DEN,00-0010346,29,15.986145436483659,1.0,P.Manning
2015_08_GB_DEN,GB,00-0023459,27,-8.308184426138212,0.0,A.Rodgers
2015_08_IND_CAR,CAR,00-0027939,40,1.6498473454139506,1.0,C.Newton
2015_08_IND_CAR,IND,00-0029668,52,-5.814355936815938,3.0,A.Luck
2015_08_MIA_NE,MIA,00-0029701,49,-9.714956673943194,2.0,R.Tannehill
2015_08_MIA_NE,NE,00-0019596,40,15.967562040323987,0.0,T.Brady
2015_08_MIN_CHI,CHI,00-0024226,35,6.2453297820527585,0.0,J.Cutler
2015_08_MIN_CHI,MIN,00-0031237,33,3.313420495821434,1.0,T.Bridgewater
2015_08_NYG_NO,NO,00-0020531,50,23.26403611380374,2.0,D.Brees
2015_08_NYG_NO,NYG,00-0022803,44,24.54580880823778,0.0,E.Manning
2015_08_NYJ_OAK,LV,00-0031280,36,16.694215107433592,0.0,D.Carr
2015_08_NYJ_OAK,NYJ,00-0023682,6,5.3064239482046105,0.0,R.Fitzpatrick
2015_08_NYJ_OAK,NYJ,00-0030565,47,3.8482412346732118,1.0,G.Smith
2015_08_SD_BAL,BAL,00-0026158,40,10.83328787414349,0.0,J.Flacco
2015_08_SD_BAL,LAC,00-0022942,37,16.93973621693637,0.0,P.Rivers
2015_08_SEA_DAL,DAL,00-0023662,29,-3.7031220629684714,0.0,M.Cassel
2015_08_SEA_DAL,DAL,00-0026144,1,-0.3609142529312521,0.0,D.McFadden
2015_08_SEA_DAL,SEA,00-0029263,33,3.486253853628159,1.0,R.Wilson
2015_08_SF_STL,LA,00-0029567,24,2.5667862177054115,0.0,N.Foles
2015_08_SF_STL,SF,00-0027974,48,-15.214878090869744,0.0,C.Kaepernick
2015_08_TB_ATL,ATL,00-0026143,46,20.911071831868743,1.0,M.Ryan
2015_08_TB_ATL,TB,00-0031503,32,4.628868359114754,0.0,J.Winston
2015_08_TEN_HOU,HOU,00-0026625,38,-3.66667801881064,0.0,B.Hoyer
2015_08_TEN_HOU,TEN,00-0031266,38,-22.617187821024913,1.0,Z.Mettenberger
2015_09_ATL_SF,ATL,00-0026143,48,-0.9014940071360935,0.0,M.Ryan
2015_09_ATL_SF,SF,00-0027948,30,6.030629871135201,2.0,B.Gabbert
2015_09_ATL_SF,SF,00-0027974,1,-0.9331445007119328,0.0,C.Kaepernick
2015_09_CHI_SD,CHI,00-0024226,41,7.595041665996153,1.0,J.Cutler
2015_09_CHI_SD,LAC,00-0022942,44,3.867527479576462,0.0,P.Rivers
2015_09_CLE_CIN,CIN,00-0027973,32,15.99101650097873,0.0,A.Dalton
2015_09_CLE_CIN,CLE,00-0031409,40,-3.478307829720866,0.0,J.Manziel
2015_09_DEN_IND,DEN,00-0010346,37,3.6881780796540884,2.0,P.Manning
2015_09_DEN_IND,IND,00-0029668,42,15.2627782184621,0.0,A.Luck
2015_09_GB_CAR,CAR,00-0027939,35,6.300642810891936,1.0,C.Newton
2015_09_GB_CAR,GB,00-0023459,57,3.0461321072652936,1.0,A.Rodgers
2015_09_JAX_NYJ,JAX,00-0031407,49,3.679661579877333,2.0,B.Bortles
2015_09_JAX_NYJ,NYJ,00-0023682,37,7.868268772494048,0.0,R.Fitzpatrick
2015_09_MIA_BUF,BUF,00-0028118,17,12.635102564207045,0.0,T.Taylor
2015_09_MIA_BUF,MIA,00-0029701,37,1.7406160419887662,0.0,R.Tannehill
2015_09_MIA_BUF,MIA,00-0031382,1,1.1409724827390164,0.0,J.Landry
2015_09_NYG_TB,NYG,00-0022803,40,0.8645291977580818,2.0,E.Manning
2015_09_NYG_TB,TB,00-0031503,40,4.5070771691249405,0.0,J.Winston
2015_09_OAK_PIT,LV,00-0031280,45,7.440521934244316,1.0,D.Carr
2015_09_OAK_PIT,PIT,00-0022924,46,3.6653173269069184,1.0,B.Roethlisberger
2015_09_OAK_PIT,PIT,00-0030524,6,3.164154734404292,0.0,L.Jones
2015_09_PHI_DAL,DAL,00-0023662,43,1.5944483023381748,1.0,M.Cassel
2015_09_PHI_DAL,PHI,00-0027854,37,1.5655329477755475,0.0,S.Bradford
2015_09_STL_MIN,LA,00-0029567,33,-8.073388341894306,0.0,N.Foles
2015_09_STL_MIN,MIN,00-0020679,7,-5.5457283748546615,0.0,S.Hill
2015_09_STL_MIN,MIN,00-0031237,24,0.22727247509947102,1.0,T.Bridgewater
2015_09_TEN_NO,NO,00-0020531,43,16.200823926441576,1.0,D.Brees
2015_09_TEN_NO,TEN,00-0032268,40,22.983783796406026,0.0,M.Mariota
2015_09_WAS_NE,NE,00-0019596,39,13.634829684912717,1.0,T.Brady
2015_09_WAS_NE,WAS,00-0029604,41,-2.3485810329506753,1.0,K.Cousins
2015_10_ARI_SEA,ARI,00-0021429,50,0.3259431779485569,1.0,C.Palmer
2015_10_ARI_SEA,SEA,00-0029263,41,-6.043047804574308,1.0,R.Wilson
2015_10_BUF_NYJ,BUF,00-0028118,32,-5.413216558541316,0.0,T.Taylor
2015_10_BUF_NYJ,NYJ,00-0023682,37,-6.545686750965995,2.0,R.Fitzpatrick
2015_10_CAR_TEN,CAR,00-0027939,31,7.778979095802848,0.0,C.Newton
2015_10_CAR_TEN,TEN,00-0032268,27,4.345783268183464,1.0,M.Mariota
2015_10_CHI_STL,CHI,00-0024226,26,11.112793010838548,0.0,J.Cutler
2015_10_CHI_STL,LA,00-0028872,1,-3.152688238886185,0.0,J.Hekker
2015_10_CHI_STL,LA,00-0029567,37,-16.129754056075512,1.0,N.Foles
2015_10_CLE_PIT,CLE,00-0031409,53,3.98558259824458,1.0,J.Manziel
2015_10_CLE_PIT,PIT,00-0022924,35,13.596531270087162,1.0,B.Roethlisberger
2015_10_CLE_PIT,PIT,00-0030524,4,-0.9318555567606612,0.0,L.Jones
2015_10_DAL_TB,DAL,00-0023662,32,-1.418695231452304,1.0,M.Cassel
2015_10_DAL_TB,TB,00-0031503,42,-2.305200996770501,2.0,J.Winston
2015_10_DET_GB,DET,00-0026498,38,3.537078047602909,1.0,M.Stafford
2015_10_DET_GB,GB,00-0023459,65,3.4651495656456,0.0,A.Rodgers
2015_10_HOU_CIN,CIN,00-0027973,45,-5.751733013307712,1.0,A.Dalton
2015_10_HOU_CIN,HOU,00-0026625,25,-0.750935979357902,1.0,B.Hoyer
2015_10_HOU_CIN,HOU,00-0028090,12,2.906992525793612,0.0,T.Yates
2015_10_JAX_BAL,BAL,00-0026158,48,-3.951472814812629,2.0,J.Flacco
2015_10_JAX_BAL,JAX,00-0031407,51,-4.00930733462247,1.0,B.Bortles
2015_10_KC_DEN,DEN,00-0010346,22,-25.73275424091844,4.0,P.Manning
2015_10_KC_DEN,DEN,00-0029682,30,3.7400080994411837,1.0,B.Osweiler
2015_10_KC_DEN,KC,00-0023436,36,-3.1603809775921174,0.0,A.Smith
2015_10_MIA_PHI,MIA,00-0029701,40,1.8624175158851881,0.0,R.Tannehill
2015_10_MIA_PHI,PHI,00-0026898,24,-1.4607276977576706,1.0,M.Sanchez
2015_10_MIA_PHI,PHI,00-0027854,29,1.815784908557034,0.0,S.Bradford
2015_10_MIN_OAK,LV,00-0031280,47,-3.1773987098713405,2.0,D.Carr
2015_10_MIN_OAK,MIN,00-0031237,28,0.9026957273654568,0.0,T.Bridgewater
2015_10_NE_NYG,NE,00-0019596,45,6.6198903034421726,1.0,T.Brady
2015_10_NE_NYG,NYG,00-0022803,48,6.116623869696289,0.0,E.Manning
2015_10_NO_WAS,NO,00-0020531,30,-4.095935252204072,2.0,D.Brees
2015_10_NO_WAS,WAS,00-0029604,28,17.282845462800296,0.0,K.Cousins
2015_11_BUF_NE,BUF,00-0028118,40,1.3480728572392042,0.0,T.Taylor
2015_11_BUF_NE,NE,00-0019596,40,2.92768956861721,1.0,T.Brady
2015_11_CIN_ARI,ARI,00-0021429,32,12.527819718986237,2.0,C.Palmer
2015_11_CIN_ARI,CIN,00-0027973,48,11.699556265723595,0.0,A.Dalton
2015_11_DAL_MIA,DAL,00-0021678,31,3.7291600377743395,2.0,T.Romo
2015_11_DAL_MIA,MIA,00-0029701,27,-5.709064936614595,1.0,R.Tannehill
2015_11_DEN_CHI,CHI,00-0024226,37,-5.556395082863975,1.0,J.Cutler
2015_11_DEN_CHI,DEN,00-0029682,33,6.995819086512208,0.0,B.Osweiler
2015_11_GB_MIN,GB,00-0023459,38,9.330083347326557,0.0,A.Rodgers
2015_11_GB_MIN,MIN,00-0020679,1,-1.083622744656168,0.0,S.Hill
2015_11_GB_MIN,MIN,00-0031237,47,0.4952949333237484,0.0,T.Bridgewater
2015_11_IND_ATL,ATL,00-0026143,49,-3.8253583663588158,3.0,M.Ryan
2015_11_IND_ATL,IND,00-0007091,37,-0.3823123230249621,2.0,M.Hasselbeck
2015_11_KC_SD,KC,00-0023436,32,3.938028216348483,0.0,A.Smith
2015_11_KC_SD,LAC,00-0022942,36,-12.760823648602855,1.0,P.Rivers
2015_11_NYJ_HOU,HOU,00-0028052,1,2.2659222728107125,0.0,C.Shorts III
2015_11_NYJ_HOU,HOU,00-0028090,35,0.47410015081886936,0.0,T.Yates
2015_11_NYJ_HOU,NYJ,00-0023682,42,-10.248876272526104,2.0,R.Fitzpatrick
2015_11_OAK_DET,DET,00-0026498,42,6.255467704695756,0.0,M.Stafford
2015_11_OAK_DET,LV,00-0031280,27,1.5063903267515801,0.0,D.Carr
2015_11_SF_SEA,SEA,00-0029263,35,18.15269178598202,0.0,R.Wilson
2015_11_SF_SEA,SF,00-0027948,40,2.5147994604676667,0.0,B.Gabbert
2015_11_STL_BAL,BAL,00-0026158,44,-9.553294902236855,2.0,J.Flacco
2015_11_STL_BAL,LA,00-0028986,27,-5.026934287389415,0.0,C.Keenum
2015_11_TB_PHI,PHI,00-0026898,44,-9.239450734715573,3.0,M.Sanchez
2015_11_TB_PHI,TB,00-0031503,31,20.55791328389633,0.0,J.Winston
2015_11_TEN_JAX,JAX,00-0027595,1,-0.46009079075884074,0.0,B.Walters
2015_11_TEN_JAX,JAX,00-0031407,35,2.717365593861471,1.0,B.Bortles
2015_11_TEN_JAX,TEN,00-0032268,38,0.4604943430750099,0.0,M.Mariota
2015_11_WAS_CAR,CAR,00-0027939,38,11.67125024386534,0.0,C.Newton
2015_11_WAS_CAR,WAS,00-0029604,35,-9.780487108859234,1.0,K.Cousins
2015_12_ARI_SF,ARI,00-0021429,42,7.458513598337827,0.0,C.Palmer
2015_12_ARI_SF,SF,00-0027948,39,2.886183660693216,1.0,B.Gabbert
2015_12_BAL_CLE,BAL,00-0022787,36,0.9222683504315041,2.0,M.Schaub
2015_12_BAL_CLE,CLE,00-0021206,41,4.9171848517185035,0.0,J.McCown
2015_12_BAL_CLE,CLE,00-0028957,12,2.508457320276648,0.0,A.Davis
2015_12_BUF_KC,BUF,00-0028118,44,11.022237835704889,0.0,T.Taylor
2015_12_BUF_KC,KC,00-0023436,35,11.574061379365553,0.0,A.Smith
2015_12_CAR_DAL,CAR,00-0027939,30,6.160386562210125,0.0,C.Newton
2015_12_CAR_DAL,DAL,00-0021678,22,-21.594822280700843,3.0,T.Romo
2015_12_CAR_DAL,DAL,00-0023662,22,5.815615181040019,0.0,M.Cassel
2015_12_CHI_GB,CHI,00-0024226,32,3.8166935209761004,0.0,J.Cutler
2015_12_CHI_GB,GB,00-0023459,48,-12.97006825488852,1.0,A.Rodgers
2015_12_MIA_NYJ,MIA,00-0029701,61,-0.5454754335805774,1.0,R.Tannehill
2015_12_MIA_NYJ,NYJ,00-0023682,40,15.162077947956277,0.0,R.Fitzpatrick
2015_12_MIN_ATL,ATL,00-0026143,33,-0.8752907578387097,2.0,M.Ryan
2015_12_MIN_ATL,MIN,00-0031237,29,0.4083027815727691,1.0,T.Bridgewater
2015_12_NE_DEN,DEN,00-0029682,45,-5.229151636107346,1.0,B.Osweiler
2015_12_NE_DEN,NE,00-0019596,45,3.668783604628338,0.0,T.Brady
2015_12_NO_HOU,HOU,00-0026625,28,3.9868250239806304,1.0,B.Hoyer
2015_12_NO_HOU,NO,00-0020531,46,-16.261424101204394,1.0,D.Brees
2015_12_NYG_WAS,NYG,00-0022803,54,-4.805637270241277,3.0,E.Manning
2015_12_NYG_WAS,WAS,00-0029604,29,10.638774154943093,0.0,K.Cousins
2015_12_OAK_TEN,LV,00-0030419,1,-1.9648602595552802,0.0,M.McGloin
2015_12_OAK_TEN,LV,00-0031280,40,15.350263959605831,0.0,D.Carr
2015_12_OAK_TEN,TEN,00-0032268,40,-6.969175966878422,2.0,M.Mariota
2015_12_PHI_DET,DET,00-0026498,42,24.0582321849056,0.0,M.Stafford
2015_12_PHI_DET,PHI,00-0026898,34,-1.1958802218784355,0.0,M.Sanchez
2015_12_PIT_SEA,PIT,00-0022924,61,9.241000765603571,2.0,B.Roethlisberger
2015_12_PIT_SEA,PIT,00-0030524,4,-7.2856628922745585,2.0,L.Jones
2015_12_PIT_SEA,SEA,00-0029263,34,20.48014896670077,0.0,R.Wilson
2015_12_SD_JAX,JAX,00-0031407,57,-0.13164561303170785,1.0,B.Bortles
2015_12_SD_JAX,LAC,00-0022942,48,15.972474339554973,0.0,P.Rivers
2015_12_STL_CIN,CIN,00-0027973,28,5.269599665462781,1.0,A.Dalton
2015_12_STL_CIN,CIN,00-0031288,1,-0.8945392272435129,0.0,A.McCarron
2015_12_STL_CIN,LA,00-0029567,47,-13.573791762522887,3.0,N.Foles
2015_12_STL_CIN,LA,00-0032245,7,-1.2866204445017502,0.0,S.Mannion
2015_12_TB_IND,IND,00-0007091,45,10.052799014082385,0.0,M.Hasselbeck
2015_12_TB_IND,TB,00-0031503,44,2.9831758449510666,1.0,J.Winston
2015_13_ARI_STL,ARI,00-0021429,41,15.535377964781988,0.0,C.Palmer
2015_13_ARI_STL,ARI,00-0025430,1,0.03287000674754381,0.0,D.Stanton
2015_13_ARI_STL,LA,00-0029567,35,-14.68791064442624,1.0,N.Foles
2015_13_ATL_TB,ATL,00-0026143,49,-0.23329546101494847,1.0,M.Ryan
2015_13_ATL_TB,TB,00-0031503,31,9.961633736850732,1.0,J.Winston
2015_13_BAL_MIA,BAL,00-0022787,49,-7.062046305987974,2.0,M.Schaub
2015_13_BAL_MIA,MIA,00-0029701,20,-5.7086475262767635,0.0,R.Tannehill
2015_13_CAR_NO,CAR,00-0027939,43,20.23184091562871,1.0,C.Newton
2015_13_CAR_NO,NO,00-0020531,44,0.7102104340121755,1.0,D.Brees
2015_13_CIN_CLE,CIN,00-0027973,22,13.817820661727078,0.0,A.Dalton
2015_13_CIN_CLE,CIN,00-0031288,3,-2.1339724470162764,0.0,A.McCarron
2015_13_CIN_CLE,CLE,00-0028957,43,-11.04511551465404,1.0,A.Davis
2015_13_DAL_WAS,DAL,00-0023662,31,4.659901337010267,0.0,M.Cassel
2015_13_DAL_WAS,WAS,00-0029604,35,3.674407663086109,0.0,K.Cousins
2015_13_DEN_SD,DEN,00-0029682,28,-2.354731007155441,1.0,B.Osweiler
2015_13_DEN_SD,LAC,00-0022942,39,-11.93722085832907,1.0,P.Rivers
2015_13_GB_DET,DET,00-0026498,40,-1.7690987876241784,0.0,M.Stafford
2015_13_GB_DET,GB,00-0023459,42,5.5561107752721375,1.0,A.Rodgers
2015_13_HOU_BUF,BUF,00-0028118,24,6.427082408594251,0.0,T.Taylor
2015_13_HOU_BUF,HOU,00-0026625,46,3.510728572640801,1.0,B.Hoyer
2015_13_IND_PIT,IND,00-0007091,29,-11.828866235133328,2.0,M.Hasselbeck
2015_13_IND_PIT,IND,00-0024296,11,-1.8392514968290925,0.0,C.Whitehurst
2015_13_IND_PIT,PIT,00-0022924,40,21.448764116285908,0.0,B.Roethlisberger
2015_13_JAX_TEN,JAX,00-0031407,39,17.63229573347792,0.0,B.Bortles
2015_13_JAX_TEN,TEN,00-0032268,36,16.102879556710832,1.0,M.Mariota
2015_13_KC_OAK,KC,00-0023436,30,8.536105230901857,0.0,A.Smith
2015_13_KC_OAK,KC,00-0023534,1,-0.947,0.0,D.Colquitt
2015_13_KC_OAK,LV,00-0031280,52,-24.49019266584022,3.0,D.Carr
2015_13_NYJ_NYG,NYG,00-0022803,38,1.6608980904317008,1.0,E.Manning
2015_13_NYJ_NYG,NYJ,00-0023682,58,15.024744173775092,0.0,R.Fitzpatrick
2015_13_PHI_NE,NE,00-0019596,61,-8.394103714032099,2.0,T.Brady
2015_13_PHI_NE,NE,00-0026035,1,3.1290306355804205,0.0,D.Amendola
2015_13_PHI_NE,PHI,00-0027854,25,2.084876778710168,0.0,S.Bradford
2015_13_SEA_MIN,MIN,00-0031237,33,-16.25795254961122,1.0,T.Bridgewater
2015_13_SEA_MIN,SEA,00-0024279,2,-2.5924562426516786,0.0,T.Jackson
2015_13_SEA_MIN,SEA,00-0029263,32,28.960162175498787,0.0,R.Wilson
2015_13_SF_CHI,CHI,00-0024226,33,-8.232644867083028,1.0,J.Cutler
2015_13_SF_CHI,SF,00-0027948,42,1.8419734518101905,0.0,B.Gabbert
2015_14_ATL_CAR,ATL,00-0026143,37,-7.716724101162981,1.0,M.Ryan
2015_14_ATL_CAR,ATL,00-0030569,9,-7.418899911688641,1.0,S.Renfree
2015_14_ATL_CAR,CAR,00-0023645,6,-0.003978568565798923,0.0,D.Anderson
2015_14_ATL_CAR,CAR,00-0027939,23,17.103527582779282,0.0,C.Newton
2015_14_BUF_PHI,BUF,00-0028118,44,11.452229836519022,1.0,T.Taylor
2015_14_BUF_PHI,PHI,00-0027854,40,-5.090279620692783,1.0,S.Bradford
2015_14_DAL_GB,DAL,00-0023662,33,-18.97651429049438,1.0,M.Cassel
2015_14_DAL_GB,GB,00-0023459,39,8.460339600394946,0.0,A.Rodgers
2015_14_DET_STL,DET,00-0026498,51,-12.279067008930724,1.0,M.Stafford
2015_14_DET_STL,LA,00-0028986,24,-4.122252512315754,1.0,C.Keenum
2015_14_IND_JAX,IND,00-0007091,39,-10.664904984799941,0.0,M.Hasselbeck
2015_14_IND_JAX,IND,00-0024296,8,-13.611438563093543,1.0,C.Whitehurst
2015_14_IND_JAX,JAX,00-0031407,33,1.4826966509314596,0.0,B.Bortles
2015_14_MIN_ARI,ARI,00-0021429,38,13.52826108632858,0.0,C.Palmer
2015_14_MIN_ARI,MIN,00-0031237,40,16.53771590602484,0.0,T.Bridgewater
2015_14_NE_HOU,HOU,00-0026625,27,-17.704632090890982,0.0,B.Hoyer
2015_14_NE_HOU,HOU,00-0028090,3,-1.5186647763475776,0.0,T.Yates
2015_14_NE_HOU,NE,00-0019596,34,5.713504731122902,0.0,T.Brady
2015_14_NO_TB,NO,00-0020531,43,19.566023442432776,0.0,D.Brees
2015_14_NO_TB,TB,00-0031503,34,7.445559450815709,0.0,J.Winston
2015_14_NYG_MIA,MIA,00-0029701,42,0.4804236321722044,0.0,R.Tannehill
2015_14_NYG_MIA,NYG,00-0022803,31,23.344652723968213,0.0,E.Manning
2015_14_OAK_DEN,DEN,00-0029682,58,-5.878975886153014,0.0,B.Osweiler
2015_14_OAK_DEN,LV,00-0031280,33,-10.151462216132208,0.0,D.Carr
2015_14_PIT_CIN,CIN,00-0027973,5,1.3015451905084774,1.0,A.Dalton
2015_14_PIT_CIN,CIN,00-0031288,37,-2.9891912366358806,2.0,A.McCarron
2015_14_PIT_CIN,PIT,00-0022924,42,10.803163057076103,1.0,B.Roethlisberger
2015_14_SD_KC,KC,00-0023436,26,5.046522209647902,1.0,A.Smith
2015_14_SD_KC,LAC,00-0022942,49,-0.6648432788843053,1.0,P.Rivers
2015_14_SEA_BAL,BAL,00-0027659,41,-7.249371912155766,1.0,J.Clausen
2015_14_SEA_BAL,SEA,00-0024279,1,1.2171263110358268,0.0,T.Jackson
2015_14_SEA_BAL,SEA,00-0029263,33,29.873117059469223,0.0,R.Wilson
2015_14_SF_CLE,CLE,00-0031409,36,6.748326995384502,1.0,J.Manziel
2015_14_SF_CLE,SF,00-0027948,40,-12.15247062686229,0.0,B.Gabbert
2015_14_TEN_NYJ,NYJ,00-0023682,39,10.556675412856073,0.0,R.Fitzpatrick
2015_14_TEN_NYJ,TEN,00-0030789,1,3.954363552154973,0.0,A.Andrews
2015_14_TEN_NYJ,TEN,00-0032268,46,-10.504924904438667,1.0,M.Mariota
2015_14_WAS_CHI,CHI,00-0024226,34,5.276265608419479,0.0,J.Cutler
2015_14_WAS_CHI,WAS,00-0029604,35,14.473777912583706,1.0,K.Cousins
2015_15_ARI_PHI,ARI,00-0021429,34,12.681413078880244,0.0,C.Palmer
2015_15_ARI_PHI,ARI,00-0025430,1,-1.5557847106829286,0.0,D.Stanton
2015_15_ARI_PHI,PHI,00-0027854,44,-2.7709389322946434,2.0,S.Bradford
2015_15_ATL_JAX,ATL,00-0026143,37,4.642583127382677,1.0,M.Ryan
2015_15_ATL_JAX,JAX,00-0031407,42,-3.6508853263587158,1.0,B.Bortles
2015_15_BUF_WAS,BUF,00-0028118,39,5.187262199353427,0.0,T.Taylor
2015_15_BUF_WAS,WAS,00-0029604,30,24.524734637932852,0.0,K.Cousins
2015_15_CAR_NYG,CAR,00-0027939,49,16.453927349126175,0.0,C.Newton
2015_15_CAR_NYG,NYG,00-0022803,47,0.40169536421308294,1.0,E.Manning
2015_15_CHI_MIN,CHI,00-0024226,42,-12.08011223882017,1.0,J.Cutler
2015_15_CHI_MIN,MIN,00-0031237,24,21.285636407851335,0.0,T.Bridgewater
2015_15_CIN_SF,CIN,00-0031288,27,4.32740070616881,0.0,A.McCarron
2015_15_CIN_SF,SF,00-0027948,56,-13.320353200742309,3.0,B.Gabbert
2015_15_CLE_SEA,CLE,00-0031409,36,1.6485539568868237,1.0,J.Manziel
2015_15_CLE_SEA,SEA,00-0029263,35,18.310834868074167,0.0,R.Wilson
2015_15_DEN_PIT,DEN,00-0029682,49,5.089830817538314,1.0,B.Osweiler
2015_15_DEN_PIT,PIT,00-0022924,57,1.5077786436447065,2.0,B.Roethlisberger
2015_15_DET_NO,DET,00-0026498,30,14.365346886421321,0.0,M.Stafford
2015_15_DET_NO,NO,00-0020531,54,13.342521208477129,0.0,D.Brees
2015_15_GB_OAK,GB,00-0023459,41,-4.241811748354737,1.0,A.Rodgers
2015_15_GB_OAK,LV,00-0031280,53,-16.87811067530816,2.0,D.Carr
2015_15_HOU_IND,HOU,00-0028090,13,-6.256796751854915,1.0,T.Yates
2015_15_HOU_IND,HOU,00-0029677,20,1.660239057498984,0.0,B.Weeden
2015_15_HOU_IND,IND,00-0007091,33,-4.575399853267745,1.0,M.Hasselbeck
2015_15_HOU_IND,IND,00-0024296,3,-1.384221710730344,0.0,C.Whitehurst
2015_15_KC_BAL,BAL,00-0027659,52,-8.864850903279148,2.0,J.Clausen
2015_15_KC_BAL,KC,00-0023436,32,7.468627041002047,0.0,A.Smith
2015_15_MIA_SD,LAC,00-0022942,37,17.056509272421035,2.0,P.Rivers
2015_15_MIA_SD,MIA,00-0029701,36,1.505336276255548,0.0,R.Tannehill
2015_15_NYJ_DAL,DAL,00-0023662,9,-11.564847735589785,1.0,M.Cassel
2015_15_NYJ_DAL,DAL,00-0029234,26,-4.8129880467895205,3.0,K.Moore
2015_15_NYJ_DAL,NYJ,00-0023682,43,8.810790022868886,1.0,R.Fitzpatrick
2015_15_TB_STL,LA,00-0028986,19,12.134005204599816,0.0,C.Keenum
2015_15_TB_STL,TB,00-0031503,51,7.184605412695334,1.0,J.Winston
2015_15_TEN_NE,NE,00-0019596,37,12.528660210169555,0.0,T.Brady
2015_15_TEN_NE,TEN,00-0031266,31,1.1444301249284763,2.0,Z.Mettenberger
2015_15_TEN_NE,TEN,00-0032268,9,-11.017622621148572,0.0,M.Mariota
2015_16_CAR_ATL,ATL,00-0026143,33,20.217555422587402,0.0,M.Ryan
2015_16_CAR_ATL,CAR,00-0027939,34,-11.014413242468112,0.0,C.Newton
2015_16_CHI_TB,CHI,00-0024226,29,3.3755225903411326,0.0,J.Cutler
2015_16_CHI_TB,TB,00-0031503,31,11.257722977694357,1.0,J.Winston
2015_16_CIN_DEN,CIN,00-0031288,39,10.912556877096266,0.0,A.McCarron
2015_16_CIN_DEN,DEN,00-0029682,44,6.735059594094378,0.0,B.Osweiler
2015_16_CLE_KC,CLE,00-0031409,38,-11.213407901724032,1.0,J.Manziel
2015_16_CLE_KC,KC,00-0023436,27,3.8696294332073666,1.0,A.Smith
2015_16_DAL_BUF,BUF,00-0028118,26,0.8464021993700359,1.0,T.Taylor
2015_16_DAL_BUF,DAL,00-0029234,31,-3.99812389555764,1.0,K.Moore
2015_16_GB_ARI,ARI,00-0021429,29,4.249019582666522,1.0,C.Palmer
2015_16_GB_ARI,ARI,00-0025430,1,-0.40289094985928386,0.0,D.Stanton
2015_16_GB_ARI,GB,00-0023459,39,-24.110140954391564,1.0,A.Rodgers
2015_16_GB_ARI,GB,00-0028595,2,-1.9299032299313694,0.0,S.Tolzien
2015_16_HOU_TEN,HOU,00-0029677,27,11.703646949489642,0.0,B.Weeden
2015_16_HOU_TEN,HOU,00-0030120,2,0.19432505127042532,0.0,B.Daniels
2015_16_HOU_TEN,TEN,00-0031266,53,-12.673677925267722,1.0,Z.Mettenberger
2015_16_IND_MIA,IND,00-0007091,16,2.4323847157647833,0.0,M.Hasselbeck
2015_16_IND_MIA,IND,00-0024296,15,2.391112015058752,0.0,C.Whitehurst
2015_16_IND_MIA,MIA,00-0029701,46,3.0289809065886883,1.0,R.Tannehill
2015_16_JAX_NO,JAX,00-0031407,41,13.975628685541217,2.0,B.Bortles
2015_16_JAX_NO,NO,00-0020531,36,27.767877623850822,0.0,D.Brees
2015_16_NE_NYJ,NE,00-0019596,33,4.912707045532889,1.0,T.Brady
2015_16_NE_NYJ,NYJ,00-0023682,44,4.5073185587846964,0.0,R.Fitzpatrick
2015_16_NYG_MIN,MIN,00-0031237,30,-1.5793709976457788,0.0,T.Bridgewater
2015_16_NYG_MIN,NYG,00-0022803,33,-23.488841757996745,3.0,E.Manning
2015_16_NYG_MIN,NYG,00-0030586,5,5.547298305435106,0.0,R.Nassib
2015_16_PIT_BAL,BAL,00-0028012,42,8.55064919728665,0.0,R.Mallett
2015_16_PIT_BAL,PIT,00-0022924,37,-6.089897865164514,2.0,B.Roethlisberger
2015_16_SD_OAK,LAC,00-0022942,50,6.564341010892571,0.0,P.Rivers
2015_16_SD_OAK,LV,00-0031280,46,-4.586161234485492,1.0,D.Carr
2015_16_SF_DET,DET,00-0026498,42,6.796995925049875,0.0,M.Stafford
2015_16_SF_DET,SF,00-0027948,37,-6.180651808445812,0.0,B.Gabbert
2015_16_STL_SEA,LA,00-0028986,25,0.6714589785233036,0.0,C.Keenum
2015_16_STL_SEA,SEA,00-0029263,49,9.092378193830815,1.0,R.Wilson
2015_16_WAS_PHI,PHI,00-0027854,62,3.2840580965003436,0.0,S.Bradford
2015_16_WAS_PHI,WAS,00-0029604,49,20.72666827258324,0.0,K.Cousins
2015_17_BAL_CIN,BAL,00-0028012,56,-8.757580925219877,2.0,R.Mallett
2015_17_BAL_CIN,CIN,00-0031288,32,-0.1447968717745025,0.0,A.McCarron
2015_17_DET_CHI,CHI,00-0024226,28,1.218826137527791,3.0,J.Cutler
2015_17_DET_CHI,CHI,00-0027816,1,-1.465995630249381,0.0,M.Mariani
2015_17_DET_CHI,DET,00-0026498,46,11.820434855072499,0.0,M.Stafford
2015_17_JAX_HOU,HOU,00-0026625,42,-1.1060575184801578,1.0,B.Hoyer
2015_17_JAX_HOU,HOU,00-0029510,1,-0.9588559087133035,0.0,J.Grimes
2015_17_JAX_HOU,JAX,00-0031407,40,-26.735740121655,2.0,B.Bortles
2015_17_MIN_GB,GB,00-0023459,51,-12.266536402710834,1.0,A.Rodgers
2015_17_MIN_GB,MIN,00-0031237,23,-9.449520811480342,1.0,T.Bridgewater
2015_17_NE_MIA,MIA,00-0029701,40,18.117795592831982,0.0,R.Tannehill
2015_17_NE_MIA,NE,00-0019596,23,-3.784360116013117,0.0,T.Brady
2015_17_NE_MIA,NE,00-0031345,4,-3.1131341256259475,0.0,J.Garoppolo
2015_17_NO_ATL,ATL,00-0026143,37,13.744296345599459,1.0,M.Ryan
2015_17_NO_ATL,NO,00-0020531,42,12.348132405983057,0.0,D.Brees
2015_17_NO_ATL,NO,00-0029205,1,-0.38078289618715644,0.0,T.Cadet
2015_17_NYJ_BUF,BUF,00-0028118,34,5.1928535451040645,0.0,T.Taylor
2015_17_NYJ_BUF,NYJ,00-0023682,39,-5.78041515237139,3.0,R.Fitzpatrick
2015_17_OAK_KC,KC,00-0023436,32,-4.340807334403507,2.0,A.Smith
2015_17_OAK_KC,KC,00-0031203,1,-2.564316509407945,0.0,C.Santos
2015_17_OAK_KC,LV,00-0031280,40,-7.212251649558311,1.0,D.Carr
2015_17_PHI_NYG,NYG,00-0022803,44,-4.809305040403014,0.0,E.Manning
2015_17_PHI_NYG,PHI,00-0027854,39,17.077505123539595,1.0,S.Bradford
2015_17_PIT_CLE,CLE,00-0028957,54,-25.297018516970375,2.0,A.Davis
2015_17_PIT_CLE,PIT,00-0022924,37,11.599034888591754,2.0,B.Roethlisberger
2015_17_SD_DEN,DEN,00-0010346,10,0.09773983550435439,0.0,P.Manning
2015_17_SD_DEN,DEN,00-0029682,23,-2.9613166115013883,2.0,B.Osweiler
2015_17_SD_DEN,LAC,00-0022942,39,-6.252241836040776,1.0,P.Rivers
2015_17_SEA_ARI,ARI,00-0021429,25,0.2571647401365662,1.0,C.Palmer
2015_17_SEA_ARI,ARI,00-0025430,20,-10.79120821529068,2.0,D.Stanton
2015_17_SEA_ARI,SEA,00-0024279,4,2.73486368363956,0.0,T.Jackson
2015_17_SEA_ARI,SEA,00-0029263,29,14.748813248298928,0.0,R.Wilson
2015_17_STL_SF,LA,00-0028872,1,-3.27481108950451,0.0,J.Hekker
2015_17_STL_SF,LA,00-0028986,37,6.079862038235554,0.0,C.Keenum
2015_17_STL_SF,SF,00-0027948,46,-0.44841069915430465,1.0,B.Gabbert
2015_17_TB_CAR,CAR,00-0027939,30,15.983841346902725,0.0,C.Newton
2015_17_TB_CAR,TB,00-0031503,51,-6.558281770893508,2.0,J.Winston
2015_17_TEN_IND,IND,00-0026993,32,-4.651458615205532,1.0,J.Freeman
2015_17_TEN_IND,IND,00-0029531,10,3.3890308131230995,0.0,R.Lindley
2015_17_TEN_IND,TEN,00-0029623,17,-0.5631548078923378,0.0,A.Tanney
2015_17_TEN_IND,TEN,00-0031266,14,-13.616710303584114,1.0,Z.Mettenberger
2015_17_WAS_DAL,DAL,00-0029234,52,8.322529776225565,2.0,K.Moore
2015_17_WAS_DAL,WAS,00-0027688,12,6.690450982719826,0.0,C.McCoy
2015_17_WAS_DAL,WAS,00-0029604,15,12.726344248825306,0.0,K.Cousins
2016_01_BUF_BAL,BAL,00-0026158,37,3.035202485523395,0.0,J.Flacco
2016_01_BUF_BAL,BUF,00-0028118,27,-0.4906431640729658,0.0,T.Taylor
2016_01_CAR_DEN,CAR,00-0027939,35,0.7943416443760118,1.0,C.Newton
2016_01_CAR_DEN,DEN,00-0032156,31,-1.089670870656846,2.0,T.Siemian
2016_01_CHI_HOU,CHI,00-0024226,35,-5.3629730081011076,1.0,J.Cutler
2016_01_CHI_HOU,HOU,00-0029682,38,6.261424594054623,1.0,B.Osweiler
2016_01_CIN_NYJ,CIN,00-0027973,37,7.580591669412954,1.0,A.Dalton
2016_01_CIN_NYJ,NYJ,00-0023682,38,-1.5559277329372074,1.0,R.Fitzpatrick
2016_01_CLE_PHI,CLE,00-0029665,32,-9.607872468848683,1.0,R.Griffin III
2016_01_CLE_PHI,PHI,00-0032950,40,4.262327238019401,0.0,C.Wentz
2016_01_DET_IND,DET,00-0026498,41,22.738627032291575,0.0,M.Stafford
2016_01_DET_IND,IND,00-0029668,52,19.375553888249332,0.0,A.Luck
2016_01_GB_JAX,GB,00-0023459,36,9.266186277699262,0.0,A.Rodgers
2016_01_GB_JAX,JAX,00-0031407,42,4.33543254877947,1.0,B.Bortles
2016_01_LA_SF,LA,00-0028986,38,-23.53545562014915,2.0,C.Keenum
2016_01_LA_SF,SF,00-0027948,40,4.29409364919411,0.0,B.Gabbert
2016_01_MIA_SEA,MIA,00-0029701,34,-5.473228159331155,0.0,R.Tannehill
2016_01_MIA_SEA,SEA,00-0029263,48,-1.3360869548168886,1.0,R.Wilson
2016_01_MIN_TEN,MIN,00-0020679,34,9.361615550273907,0.0,S.Hill
2016_01_MIN_TEN,TEN,00-0032268,44,0.759261155988063,1.0,M.Mariota
2016_01_NE_ARI,ARI,00-0021429,40,8.298648470117078,0.0,C.Palmer
2016_01_NE_ARI,NE,00-0031345,37,13.973095504505705,0.0,J.Garoppolo
2016_01_NYG_DAL,DAL,00-0033077,44,1.1743457683758947,0.0,D.Prescott
2016_01_NYG_DAL,NYG,00-0022803,30,6.473165935545694,1.0,E.Manning
2016_01_OAK_NO,LV,00-0031280,41,13.620374118008828,0.0,D.Carr
2016_01_OAK_NO,NO,00-0020531,41,15.538718701143164,0.0,D.Brees
2016_01_PIT_WAS,PIT,00-0022924,38,14.946512912197816,1.0,B.Roethlisberger
2016_01_PIT_WAS,WAS,00-0029604,44,-0.9386135306831935,2.0,K.Cousins
2016_01_SD_KC,KC,00-0023436,53,6.426546434199638,1.0,A.Smith
2016_01_SD_KC,LAC,00-0022942,37,9.148071904259204,0.0,P.Rivers
2016_01_TB_ATL,ATL,00-0026143,45,8.229344904253104,0.0,M.Ryan
2016_01_TB_ATL,TB,00-0031503,33,13.118032968067123,1.0,J.Winston
2016_02_ATL_OAK,ATL,00-0026143,35,19.68766874931359,1.0,M.Ryan
2016_02_ATL_OAK,LV,00-0031280,48,8.817640896254147,0.0,D.Carr
2016_02_BAL_CLE,BAL,00-0026158,45,7.831333161851816,2.0,J.Flacco
2016_02_BAL_CLE,CLE,00-0021206,36,8.870624986525787,2.0,J.McCown
2016_02_CIN_PIT,CIN,00-0027973,57,5.432669600706908,0.0,A.Dalton
2016_02_CIN_PIT,PIT,00-0022924,39,7.3321056913233065,2.0,B.Roethlisberger
2016_02_DAL_WAS,DAL,00-0033077,35,17.86055798095783,0.0,D.Prescott
2016_02_DAL_WAS,WAS,00-0029604,49,5.4590984040445125,1.0,K.Cousins
2016_02_GB_MIN,GB,00-0023459,44,-4.0087439221388195,1.0,A.Rodgers
2016_02_GB_MIN,MIN,00-0027854,35,5.8090303562930785,0.0,S.Bradford
2016_02_IND_DEN,DEN,00-0032156,36,2.392726862954739,1.0,T.Siemian
2016_02_IND_DEN,IND,00-0029668,47,-11.241887599123789,1.0,A.Luck
2016_02_JAX_SD,JAX,00-0031407,55,-5.557974408871069,2.0,B.Bortles
2016_02_JAX_SD,LAC,00-0022942,28,8.34736595695505,0.0,P.Rivers
2016_02_JAX_SD,LAC,00-0024264,1,-0.9599702777341008,0.0,K.Clemens
2016_02_KC_HOU,HOU,00-0029682,35,1.3853381027029381,2.0,B.Osweiler
2016_02_KC_HOU,KC,00-0023436,42,-9.574057800687777,0.0,A.Smith
2016_02_MIA_NE,MIA,00-0029701,48,15.911111655812057,2.0,R.Tannehill
2016_02_MIA_NE,NE,00-0031345,26,17.941607106884476,0.0,J.Garoppolo
2016_02_MIA_NE,NE,00-0033119,12,1.405059146832511,0.0,J.Brissett
2016_02_NO_NYG,NO,00-0020531,46,-1.0085246839566313,0.0,D.Brees
2016_02_NO_NYG,NYG,00-0022803,43,6.0061102572380385,0.0,E.Manning
2016_02_NYJ_BUF,BUF,00-0028118,31,13.335264039278645,1.0,T.Taylor
2016_02_NYJ_BUF,BUF,00-0030526,1,0.7666973925661296,0.0,E.Manuel
2016_02_NYJ_BUF,NYJ,00-0023682,37,24.26497638816426,0.0,R.Fitzpatrick
2016_02_PHI_CHI,CHI,00-0024226,20,-12.674237975672737,1.0,J.Cutler
2016_02_PHI_CHI,CHI,00-0026625,12,0.04407171090133488,0.0,B.Hoyer
2016_02_PHI_CHI,PHI,00-0032950,38,4.850861806966324,0.0,C.Wentz
2016_02_SEA_LA,LA,00-0028986,34,-1.0209550983032525,0.0,C.Keenum
2016_02_SEA_LA,SEA,00-0029263,40,0.7629860248380331,0.0,R.Wilson
2016_02_SF_CAR,CAR,00-0027939,41,9.934641724197492,1.0,C.Newton
2016_02_SF_CAR,SF,00-0027948,40,-3.296932110753202,2.0,B.Gabbert
2016_02_TB_ARI,ARI,00-0021429,31,15.568731872374386,0.0,C.Palmer
2016_02_TB_ARI,ARI,00-0025430,4,-2.04971199168358,0.0,D.Stanton
2016_02_TB_ARI,TB,00-0031503,57,-19.590988842727043,4.0,J.Winston
2016_02_TEN_DET,DET,00-0026498,46,2.213791510061676,1.0,M.Stafford
2016_02_TEN_DET,TEN,00-0032268,39,8.490858757067473,1.0,M.Mariota
2016_03_ARI_BUF,ARI,00-0021429,56,-12.042941185694751,4.0,C.Palmer
2016_03_ARI_BUF,BUF,00-0028118,30,-6.467933977344215,1.0,T.Taylor
2016_03_ATL_NO,ATL,00-0026143,34,14.142303500262463,0.0,M.Ryan
2016_03_ATL_NO,NO,00-0020531,57,-0.9732188622708957,1.0,D.Brees
2016_03_BAL_JAX,BAL,00-0026158,43,-10.314526837109,2.0,J.Flacco
2016_03_BAL_JAX,JAX,00-0031407,44,-9.820113681248603,3.0,B.Bortles
2016_03_CHI_DAL,CHI,00-0026625,49,3.6454486181610264,0.0,B.Hoyer
2016_03_CHI_DAL,DAL,00-0033077,27,18.609502753383595,0.0,D.Prescott
2016_03_CLE_MIA,CLE,00-0028825,6,-0.08944873814471066,0.0,T.Pryor
2016_03_CLE_MIA,CLE,00-0033104,37,0.7731752747874538,0.0,C.Kessler
2016_03_CLE_MIA,MIA,00-0029701,39,-6.09043733386971,2.0,R.Tannehill
2016_03_DEN_CIN,CIN,00-0027973,39,-2.1448953476280086,1.0,A.Dalton
2016_03_DEN_CIN,DEN,00-0032156,39,19.544032218927676,0.0,T.Siemian
2016_03_DET_GB,DET,00-0026498,46,20.313900201118834,1.0,M.Stafford
2016_03_DET_GB,GB,00-0023459,28,12.891240069231142,0.0,A.Rodgers
2016_03_HOU_NE,HOU,00-0029682,44,-12.873894137039315,1.0,B.Osweiler
2016_03_HOU_NE,NE,00-0033119,22,-7.90416414660609,0.0,J.Brissett
2016_03_LA_TB,LA,00-0028986,27,-1.8848898215103507,1.0,C.Keenum
2016_03_LA_TB,TB,00-0031503,63,-1.8390947837021105,1.0,J.Winston
2016_03_MIN_CAR,CAR,00-0023645,1,-0.5784376915544271,0.0,D.Anderson
2016_03_MIN_CAR,CAR,00-0027939,45,-14.039039067095032,3.0,C.Newton
2016_03_MIN_CAR,MIN,00-0027854,30,-0.7077662917543037,0.0,S.Bradford
2016_03_NYJ_KC,KC,00-0023436,35,8.841009761084804,0.0,A.Smith
2016_03_NYJ_KC,NYJ,00-0023682,44,-27.82785776166411,6.0,R.Fitzpatrick
2016_03_OAK_TEN,LV,00-0031280,36,6.141731056626236,1.0,D.Carr
2016_03_OAK_TEN,TEN,00-0032268,36,-12.856755555805911,2.0,M.Mariota
2016_03_PIT_PHI,PHI,00-0032950,32,17.741483809188342,0.0,C.Wentz
2016_03_PIT_PHI,PIT,00-0022924,49,-13.733553362786228,1.0,B.Roethlisberger
2016_03_SD_IND,IND,00-0029668,40,-5.52643532338183,1.0,A.Luck
2016_03_SD_IND,LAC,00-0022942,42,6.875197721476443,0.0,P.Rivers
2016_03_SF_SEA,SEA,00-0029263,25,14.295050806715153,0.0,R.Wilson
2016_03_SF_SEA,SEA,00-0032462,9,1.6121210866748967,1.0,T.Boykin
2016_03_SF_SEA,SF,00-0027948,27,-8.468748931752312,1.0,B.Gabbert
2016_03_WAS_NYG,NYG,00-0022803,40,6.705538868838287,2.0,E.Manning
2016_03_WAS_NYG,WAS,00-0029604,36,8.833792328194,0.0,K.Cousins
2016_03_WAS_NYG,WAS,00-0030140,1,5.162058001733385,0.0,T.Way
2016_04_BUF_NE,BUF,00-0028118,44,11.639813348324656,0.0,T.Taylor
2016_04_BUF_NE,NE,00-0033119,33,-5.266843999385105,0.0,J.Brissett
2016_04_CAR_ATL,ATL,00-0026143,42,24.602874884775844,1.0,M.Ryan
2016_04_CAR_ATL,CAR,00-0023645,24,4.840332655163482,2.0,D.Anderson
2016_04_CAR_ATL,CAR,00-0027939,26,0.9446392472007732,0.0,C.Newton
2016_04_CLE_WAS,CLE,00-0033104,41,5.503392576020872,1.0,C.Kessler
2016_04_CLE_WAS,WAS,00-0029604,30,2.2577417171949232,1.0,K.Cousins
2016_04_DAL_SF,DAL,00-0033077,35,11.93293271207514,0.0,D.Prescott
2016_04_DAL_SF,SF,00-0027948,25,-0.5812588558876755,1.0,B.Gabbert
2016_04_DEN_TB,DEN,00-0032156,10,1.7636382423806936,0.0,T.Siemian
2016_04_DEN_TB,DEN,00-0033108,25,8.352368167634035,0.0,P.Lynch
2016_04_DEN_TB,TB,00-0031503,43,-12.769530379096977,2.0,J.Winston
2016_04_DET_CHI,CHI,00-0026625,38,13.49757874956347,0.0,B.Hoyer
2016_04_DET_CHI,DET,00-0026498,40,-2.1249895211492302,2.0,M.Stafford
2016_04_IND_JAX,IND,00-0029668,51,-4.634053184665683,1.0,A.Luck
2016_04_IND_JAX,JAX,00-0031407,42,6.016179038021731,0.0,B.Bortles
2016_04_KC_PIT,KC,00-0023436,55,-3.250095511434334,1.0,A.Smith
2016_04_KC_PIT,PIT,00-0022924,30,20.76545608100435,0.0,B.Roethlisberger
2016_04_LA_ARI,ARI,00-0021429,39,-0.7968335398523383,1.0,C.Palmer
2016_04_LA_ARI,ARI,00-0025430,10,-3.8886228281189688,2.0,D.Stanton
2016_04_LA_ARI,LA,00-0028986,33,4.526838873845403,0.0,C.Keenum
2016_04_MIA_CIN,CIN,00-0027973,32,9.134967903557639,0.0,A.Dalton
2016_04_MIA_CIN,MIA,00-0029701,30,-11.84039222355932,1.0,R.Tannehill
2016_04_NO_SD,LAC,00-0022942,46,8.20749278675535,1.0,P.Rivers
2016_04_NO_SD,NO,00-0020531,38,8.440751285670558,2.0,D.Brees
2016_04_NYG_MIN,MIN,00-0027854,38,6.913961293620087,0.0,S.Bradford
2016_04_NYG_MIN,NYG,00-0022803,45,-12.696255987568293,1.0,E.Manning
2016_04_OAK_BAL,BAL,00-0026158,54,-6.181674303900229,0.0,J.Flacco
2016_04_OAK_BAL,LV,00-0031280,35,8.25035632448271,0.0,D.Carr
2016_04_SEA_NYJ,NYJ,00-0023682,47,4.408113479297309,3.0,R.Fitzpatrick
2016_04_SEA_NYJ,SEA,00-0029263,35,16.929540676956112,0.0,R.Wilson
2016_04_TEN_HOU,HOU,00-0029682,39,1.5718642229829607,2.0,B.Osweiler
2016_04_TEN_HOU,TEN,00-0032268,33,-2.935711373930258,1.0,M.Mariota
2016_05_ARI_SF,ARI,00-0025430,29,-5.992530710067834,0.0,D.Stanton
2016_05_ARI_SF,SF,00-0027948,44,-11.102537671715254,2.0,B.Gabbert
2016_05_ATL_DEN,ATL,00-0026143,31,5.771259745800677,0.0,M.Ryan
2016_05_ATL_DEN,DEN,00-0033108,45,-5.481338804941849,1.0,P.Lynch
2016_05_BUF_LA,BUF,00-0028118,27,0.8629440205389436,0.0,T.Taylor
2016_05_BUF_LA,LA,00-0028986,35,-9.737132434727995,2.0,C.Keenum
2016_05_CHI_IND,CHI,00-0026625,43,17.62364125706954,0.0,B.Hoyer
2016_05_CHI_IND,IND,00-0029668,46,6.409095737600229,0.0,A.Luck
2016_05_CIN_DAL,CIN,00-0027973,50,6.6884049271658546,0.0,A.Dalton
2016_05_CIN_DAL,DAL,00-0033077,27,8.489720355224563,0.0,D.Prescott
2016_05_HOU_MIN,HOU,00-0029682,46,-18.031926721777797,1.0,B.Osweiler
2016_05_HOU_MIN,MIN,00-0027854,32,13.422233257522315,0.0,S.Bradford
2016_05_NE_CLE,CLE,00-0024296,28,0.7636545856804586,1.0,C.Whitehurst
2016_05_NE_CLE,CLE,00-0028825,4,-4.394489441998303,0.0,T.Pryor
2016_05_NE_CLE,CLE,00-0033104,8,4.173592265113257,0.0,C.Kessler
2016_05_NE_CLE,NE,00-0019596,43,27.24435090592037,0.0,T.Brady
2016_05_NE_CLE,NE,00-0031345,1,-1.3836828656494617,0.0,J.Garoppolo
2016_05_NYG_GB,GB,00-0023459,47,1.6443415588362407,2.0,A.Rodgers
2016_05_NYG_GB,NYG,00-0022803,39,-7.0223191626658545,0.0,E.Manning
2016_05_NYG_GB,NYG,00-0031235,1,-1.2853892985731363,0.0,O.Beckham
2016_05_NYJ_PIT,NYJ,00-0023682,42,0.5370043041044252,0.0,R.Fitzpatrick
2016_05_NYJ_PIT,PIT,00-0022924,48,17.2367391787659,0.0,B.Roethlisberger
2016_05_PHI_DET,DET,00-0026498,31,1.9239787852092594,0.0,M.Stafford
2016_05_PHI_DET,PHI,00-0032950,36,7.985761819540567,1.0,C.Wentz
2016_05_SD_OAK,LAC,00-0022942,32,17.52776388438644,2.0,P.Rivers
2016_05_SD_OAK,LV,00-0031280,46,7.094663379324511,1.0,D.Carr
2016_05_TB_CAR,CAR,00-0023645,29,-4.450231546489616,2.0,D.Anderson
2016_05_TB_CAR,TB,00-0031503,35,5.916938149786981,0.0,J.Winston
2016_05_TEN_MIA,MIA,00-0029701,24,-10.223195197444966,2.0,R.Tannehill
2016_05_TEN_MIA,TEN,00-0032268,32,7.419362460685594,0.0,M.Mariota
2016_05_WAS_BAL,BAL,00-0026158,50,-9.603346776391845,0.0,J.Flacco
2016_05_WAS_BAL,BAL,00-0029597,1,-2.8866333242040128,0.0,J.Tucker
2016_05_WAS_BAL,WAS,00-0029604,41,2.5089160405180055,1.0,K.Cousins
2016_06_ATL_SEA,ATL,00-0026143,46,4.476523703920176,1.0,M.Ryan
2016_06_ATL_SEA,SEA,00-0029263,41,8.782911962276444,0.0,R.Wilson
2016_06_BAL_NYG,BAL,00-0026158,50,-1.1031524509977055,0.0,J.Flacco
2016_06_BAL_NYG,NYG,00-0022803,47,15.545795002978245,2.0,E.Manning
2016_06_CAR_NO,CAR,00-0027939,50,5.1079285397598095,1.0,C.Newton
2016_06_CAR_NO,NO,00-0020531,49,19.616249911783804,1.0,D.Brees
2016_06_CIN_NE,CIN,00-0027973,34,12.93161175277237,0.0,A.Dalton
2016_06_CIN_NE,NE,00-0019596,39,18.23117770101472,0.0,T.Brady
2016_06_CLE_TEN,CLE,00-0028825,1,-0.4097980293445289,0.0,T.Pryor
2016_06_CLE_TEN,CLE,00-0033104,48,9.362171376886316,0.0,C.Kessler
2016_06_CLE_TEN,TEN,00-0032268,29,12.055813180901737,1.0,M.Mariota
2016_06_DAL_GB,DAL,00-0033077,29,6.877887776597362,1.0,D.Prescott
2016_06_DAL_GB,GB,00-0023459,45,5.003438690517127,1.0,A.Rodgers
2016_06_DEN_SD,DEN,00-0032156,53,-2.4045801023415634,0.0,T.Siemian
2016_06_DEN_SD,LAC,00-0022942,31,2.645858633335495,0.0,P.Rivers
2016_06_IND_HOU,HOU,00-0029682,40,4.241729190194959,1.0,B.Osweiler
2016_06_IND_HOU,IND,00-0029668,41,3.7780720582015728,1.0,A.Luck
2016_06_JAX_CHI,CHI,00-0026625,50,2.4244281289924334,0.0,B.Hoyer
2016_06_JAX_CHI,JAX,00-0031407,36,-0.5228129934335932,1.0,B.Bortles
2016_06_KC_OAK,KC,00-0023436,24,10.195480104286112,0.0,A.Smith
2016_06_KC_OAK,KC,00-0026995,1,-0.43459909211378545,0.0,J.Maclin
2016_06_KC_OAK,LV,00-0031280,37,-8.939099704421226,1.0,D.Carr
2016_06_LA_DET,DET,00-0026498,35,19.191158532106993,0.0,M.Stafford
2016_06_LA_DET,LA,00-0028986,35,22.377367754816078,1.0,C.Keenum
2016_06_NYJ_ARI,ARI,00-0021429,34,7.582801799086155,0.0,C.Palmer
2016_06_NYJ_ARI,ARI,00-0025430,1,1.0621442428673618,0.0,D.Stanton
2016_06_NYJ_ARI,NYJ,00-0023682,32,-7.173125959818325,1.0,R.Fitzpatrick
2016_06_NYJ_ARI,NYJ,00-0030565,8,-4.959546159196179,1.0,G.Smith
2016_06_PHI_WAS,PHI,00-0032950,27,-4.33907937898919,0.0,C.Wentz
2016_06_PHI_WAS,WAS,00-0029604,35,2.8726143385379412,1.0,K.Cousins
2016_06_PIT_MIA,MIA,00-0029701,32,8.917325144203694,0.0,R.Tannehill
2016_06_PIT_MIA,PIT,00-0022924,37,-5.464829606018495,2.0,B.Roethlisberger
2016_06_PIT_MIA,PIT,00-0030524,1,-1.3720901948399842,0.0,L.Jones
2016_06_SF_BUF,BUF,00-0028118,31,10.972547636830129,0.0,T.Taylor
2016_06_SF_BUF,BUF,00-0030526,2,-2.016267141792923,0.0,E.Manuel
2016_06_SF_BUF,SF,00-0027974,36,2.2871633423824314,0.0,C.Kaepernick
2016_07_BAL_NYJ,BAL,00-0026158,46,-16.4463319677105,2.0,J.Flacco
2016_07_BAL_NYJ,NYJ,00-0023682,17,-2.0379430841599255,0.0,R.Fitzpatrick
2016_07_BAL_NYJ,NYJ,00-0030565,11,2.959447698201984,0.0,G.Smith
2016_07_BUF_MIA,BUF,00-0028118,39,3.8786072110255203,0.0,T.Taylor
2016_07_BUF_MIA,MIA,00-0029701,31,4.797681948771047,0.0,R.Tannehill
2016_07_CHI_GB,CHI,00-0026625,11,-2.1727101509459317,0.0,B.Hoyer
2016_07_CHI_GB,CHI,00-0030533,16,-6.763308798072494,2.0,M.Barkley
2016_07_CHI_GB,GB,00-0023459,59,10.409086894466018,0.0,A.Rodgers
2016_07_CLE_CIN,CIN,00-0027973,31,12.429358238048401,0.0,A.Dalton
2016_07_CLE_CIN,CLE,00-0032784,28,-4.539404892537277,2.0,K.Hogan
2016_07_CLE_CIN,CLE,00-0033104,11,5.360751126485411,0.0,C.Kessler
2016_07_HOU_DEN,DEN,00-0032156,25,1.975954123974292,0.0,T.Siemian
2016_07_HOU_DEN,HOU,00-0029682,44,-15.19069023413439,0.0,B.Osweiler
2016_07_IND_TEN,IND,00-0029668,43,17.10298543426471,0.0,A.Luck
2016_07_IND_TEN,TEN,00-0025825,1,-0.947,0.0,B.Kern
2016_07_IND_TEN,TEN,00-0032268,39,-0.36468587219549997,0.0,M.Mariota
2016_07_MIN_PHI,MIN,00-0027854,47,-19.288233440431245,1.0,S.Bradford
2016_07_MIN_PHI,PHI,00-0032950,28,-6.552153912091054,2.0,C.Wentz
2016_07_NE_PIT,NE,00-0019596,29,15.278787819319405,0.0,T.Brady
2016_07_NE_PIT,PIT,00-0030524,46,0.09653065138912487,1.0,L.Jones
2016_07_NO_KC,KC,00-0023436,25,10.536170755280182,0.0,A.Smith
2016_07_NO_KC,NO,00-0020531,48,12.656939676875481,1.0,D.Brees
2016_07_NYG_LA,LA,00-0028986,57,-15.610106419462566,4.0,C.Keenum
2016_07_NYG_LA,NYG,00-0022803,37,-2.230522930170401,0.0,E.Manning
2016_07_OAK_JAX,JAX,00-0031407,47,-7.332535140671247,2.0,B.Bortles
2016_07_OAK_JAX,LV,00-0031280,38,1.9615584090974596,0.0,D.Carr
2016_07_SD_ATL,ATL,00-0026143,38,3.850515710351459,1.0,M.Ryan
2016_07_SD_ATL,LAC,00-0022942,48,7.5828103116193395,1.0,P.Rivers
2016_07_SD_ATL,LAC,00-0029269,1,-0.5070287110283971,0.0,T.Benjamin
2016_07_SEA_ARI,ARI,00-0021429,54,-0.18265547710195884,0.0,C.Palmer
2016_07_SEA_ARI,SEA,00-0029263,38,-5.845648136716723,0.0,R.Wilson
2016_07_TB_SF,SF,00-0027974,44,-5.893613281495114,1.0,C.Kaepernick
2016_07_TB_SF,TB,00-0031503,32,15.283660001831402,1.0,J.Winston
2016_07_WAS_DET,DET,00-0026498,34,11.167945483584887,0.0,M.Stafford
2016_07_WAS_DET,WAS,00-0029604,41,12.003612380462132,0.0,K.Cousins
2016_08_ARI_CAR,ARI,00-0021429,55,-3.6309048544643447,1.0,C.Palmer
2016_08_ARI_CAR,CAR,00-0027939,28,2.5295316568835142,0.0,C.Newton
2016_08_DET_HOU,DET,00-0026498,42,-1.1767389156024668,0.0,M.Stafford
2016_08_DET_HOU,HOU,00-0029682,32,-0.6808269784641205,1.0,B.Osweiler
2016_08_GB_ATL,ATL,00-0026143,38,12.449088232084998,0.0,M.Ryan
2016_08_GB_ATL,GB,00-0023459,47,14.473119549977127,0.0,A.Rodgers
2016_08_JAX_TEN,JAX,00-0031407,58,10.144063769083004,0.0,B.Bortles
2016_08_JAX_TEN,TEN,00-0023662,2,-2.071971055760514,0.0,M.Cassel
2016_08_JAX_TEN,TEN,00-0032268,24,17.64987945074972,0.0,M.Mariota
2016_08_KC_IND,IND,00-0029668,48,-6.53028190752957,1.0,A.Luck
2016_08_KC_IND,KC,00-0023436,21,8.16541065427009,0.0,A.Smith
2016_08_KC_IND,KC,00-0029567,24,5.9601136288851695,0.0,N.Foles
2016_08_MIN_CHI,CHI,00-0024226,33,8.137520423455952,0.0,J.Cutler
2016_08_MIN_CHI,MIN,00-0027854,42,0.7700674544468873,0.0,S.Bradford
2016_08_NE_BUF,BUF,00-0028118,42,-12.044221368447966,0.0,T.Taylor
2016_08_NE_BUF,BUF,00-0030526,4,2.577229393573478,0.0,E.Manuel
2016_08_NE_BUF,NE,00-0019596,38,23.335920657011993,0.0,T.Brady
2016_08_NE_BUF,NE,00-0031345,1,-1.2955636661499739,0.0,J.Garoppolo
2016_08_NYJ_CLE,CLE,00-0021206,53,5.55175957073102,2.0,J.McCown
2016_08_NYJ_CLE,CLE,00-0032784,2,-0.6782640457386151,0.0,K.Hogan
2016_08_NYJ_CLE,NYJ,00-0023682,38,6.471254242617876,0.0,R.Fitzpatrick
2016_08_OAK_TB,LV,00-0031280,62,15.931680073091474,0.0,D.Carr
2016_08_OAK_TB,TB,00-0031503,38,1.9205681760545334,0.0,J.Winston
2016_08_PHI_DAL,DAL,00-0029000,1,-1.1910355943255126,0.0,C.Beasley
2016_08_PHI_DAL,DAL,00-0033077,44,4.2077030072838895,1.0,D.Prescott
2016_08_PHI_DAL,PHI,00-0030990,1,-0.3457150326576084,0.0,J.Huff
2016_08_PHI_DAL,PHI,00-0032950,46,3.468694299406547,0.0,C.Wentz
2016_08_SD_DEN,DEN,00-0032156,39,-8.253082427477905,1.0,T.Siemian
2016_08_SD_DEN,LAC,00-0022942,52,-22.314109496304567,3.0,P.Rivers
2016_08_SEA_NO,NO,00-0020531,38,8.994353621886258,0.0,D.Brees
2016_08_SEA_NO,SEA,00-0023742,1,-1.156725954147987,0.0,J.Ryan
2016_08_SEA_NO,SEA,00-0029263,36,-2.995890234519284,1.0,R.Wilson
2016_08_SEA_NO,SEA,00-0032475,1,3.3772827613865957,0.0,T.McEvoy
2016_08_WAS_CIN,CIN,00-0027973,47,7.344410893771071,1.0,A.Dalton
2016_08_WAS_CIN,WAS,00-0029604,57,23.646517805295556,1.0,K.Cousins
2016_09_ATL_TB,ATL,00-0026143,37,18.97018527835487,0.0,M.Ryan
2016_09_ATL_TB,TB,00-0030520,12,7.129216017943807,0.0,M.Glennon
2016_09_ATL_TB,TB,00-0031503,40,15.690673421544489,0.0,J.Winston
2016_09_BUF_SEA,BUF,00-0028118,47,9.713268979785836,1.0,T.Taylor
2016_09_BUF_SEA,SEA,00-0029263,31,9.227324086932894,0.0,R.Wilson
2016_09_CAR_LA,CAR,00-0027939,37,-1.0532894215898465,0.0,C.Newton
2016_09_CAR_LA,LA,00-0028986,50,-3.0195613464259274,1.0,C.Keenum
2016_09_DAL_CLE,CLE,00-0033104,32,-1.0707062909408416,0.0,C.Kessler
2016_09_DAL_CLE,DAL,00-0026898,1,1.7979858988546766,0.0,M.Sanchez
2016_09_DAL_CLE,DAL,00-0033077,29,24.757434500264935,0.0,D.Prescott
2016_09_DEN_OAK,DEN,00-0032156,39,-2.223717886742649,1.0,T.Siemian
2016_09_DEN_OAK,LV,00-0031280,34,-1.1986701526687158,0.0,D.Carr
2016_09_DET_MIN,DET,00-0026498,36,-3.2192678613188566,1.0,M.Stafford
2016_09_DET_MIN,MIN,00-0027854,42,5.372779030330612,0.0,S.Bradford
2016_09_IND_GB,GB,00-0023459,52,6.2467502627539195,1.0,A.Rodgers
2016_09_IND_GB,IND,00-0029668,41,3.517498382737997,2.0,A.Luck
2016_09_JAX_KC,JAX,00-0031407,47,2.837752637363898,1.0,B.Bortles
2016_09_JAX_KC,KC,00-0029567,35,-12.390239537169569,0.0,N.Foles
2016_09_NO_SF,NO,00-0020531,40,17.904536164549327,0.0,D.Brees
2016_09_NO_SF,SF,00-0027974,42,7.997971400291195,1.0,C.Kaepernick
2016_09_NYJ_MIA,MIA,00-0029701,29,1.2248153138393705,0.0,R.Tannehill
2016_09_NYJ_MIA,MIA,00-0031382,1,-0.384655223460868,0.0,J.Landry
2016_09_NYJ_MIA,NYJ,00-0023682,33,-4.388838931812893,2.0,R.Fitzpatrick
2016_09_NYJ_MIA,NYJ,00-0031568,2,0.10288987676066341,0.0,B.Petty
2016_09_PHI_NYG,NYG,00-0022803,37,-0.34367012296570465,2.0,E.Manning
2016_09_PHI_NYG,PHI,00-0032950,49,-0.9997984874817485,2.0,C.Wentz
2016_09_PIT_BAL,BAL,00-0026158,34,-2.6249670012122173,1.0,J.Flacco
2016_09_PIT_BAL,BAL,00-0028012,1,-0.25898164976388216,0.0,R.Mallett
2016_09_PIT_BAL,PIT,00-0022924,48,-5.730833731824532,1.0,B.Roethlisberger
2016_09_TEN_SD,LAC,00-0022942,34,12.947610714408786,0.0,P.Rivers
2016_09_TEN_SD,TEN,00-0032268,42,4.652992729796097,2.0,M.Mariota
2016_10_ATL_PHI,ATL,00-0026143,35,-1.408245329763945,1.0,M.Ryan
2016_10_ATL_PHI,PHI,00-0032950,39,2.9626578938985695,0.0,C.Wentz
2016_10_CHI_TB,CHI,00-0024226,35,-19.743665648242988,2.0,J.Cutler
2016_10_CHI_TB,TB,00-0031503,37,11.225167582743898,1.0,J.Winston
2016_10_CIN_NYG,CIN,00-0027973,33,-2.7977466221895537,1.0,A.Dalton
2016_10_CIN_NYG,NYG,00-0022803,46,-5.146004032576457,2.0,E.Manning
2016_10_CLE_BAL,BAL,00-0026158,44,6.905162987676215,2.0,J.Flacco
2016_10_CLE_BAL,CLE,00-0021206,16,-13.898547845426947,2.0,J.McCown
2016_10_CLE_BAL,CLE,00-0032784,1,-0.7268319791182876,0.0,K.Hogan
2016_10_CLE_BAL,CLE,00-0033104,19,-2.537236166826915,0.0,C.Kessler
2016_10_DAL_PIT,DAL,00-0033077,36,12.83573849344379,0.0,D.Prescott
2016_10_DAL_PIT,PIT,00-0022924,51,12.039488254279872,0.0,B.Roethlisberger
2016_10_DEN_NO,DEN,00-0032156,48,3.972973807369421,2.0,T.Siemian
2016_10_DEN_NO,NO,00-0020531,31,5.443914300929913,2.0,D.Brees
2016_10_GB_TEN,GB,00-0023459,58,8.519337765125108,2.0,A.Rodgers
2016_10_GB_TEN,GB,00-0031589,4,-2.330918602703605,0.0,B.Hundley
2016_10_GB_TEN,TEN,00-0028009,1,2.297442984418012,0.0,D.Murray
2016_10_GB_TEN,TEN,00-0032268,29,19.02505426456054,0.0,M.Mariota
2016_10_HOU_JAX,HOU,00-0029682,31,0.6523327807735193,0.0,B.Osweiler
2016_10_HOU_JAX,JAX,00-0031407,53,1.2235280806611772,1.0,B.Bortles
2016_10_KC_CAR,CAR,00-0027939,40,0.01865453713168108,1.0,C.Newton
2016_10_KC_CAR,KC,00-0023436,45,-6.301679787593865,1.0,A.Smith
2016_10_LA_NYJ,LA,00-0028986,35,0.060241985639874596,0.0,C.Keenum
2016_10_LA_NYJ,NYJ,00-0031568,33,-4.661399642413016,1.0,B.Petty
2016_10_MIA_SD,LAC,00-0022942,47,-9.120267733012938,4.0,P.Rivers
2016_10_MIA_SD,MIA,00-0029701,26,15.247267896492428,0.0,R.Tannehill
2016_10_MIN_WAS,MIN,00-0027854,43,8.510864541807678,1.0,S.Bradford
2016_10_MIN_WAS,WAS,00-0029604,34,11.397569688534224,0.0,K.Cousins
2016_10_SEA_NE,NE,00-0019596,35,12.257354499469121,1.0,T.Brady
2016_10_SEA_NE,SEA,00-0029263,42,16.92486064537395,0.0,R.Wilson
2016_10_SF_ARI,ARI,00-0021429,51,1.0521921874084743,2.0,C.Palmer
2016_10_SF_ARI,SF,00-0027974,39,4.362148974295101,0.0,C.Kaepernick
2016_11_ARI_MIN,ARI,00-0021429,43,-17.957700126885733,2.0,C.Palmer
2016_11_ARI_MIN,MIN,00-0027854,30,-1.9963063162548345,0.0,S.Bradford
2016_11_BAL_DAL,BAL,00-0026158,37,5.158085416198045,0.0,J.Flacco
2016_11_BAL_DAL,DAL,00-0033077,39,18.271363275659525,0.0,D.Prescott
2016_11_BUF_CIN,BUF,00-0028118,34,-5.993935008407112,1.0,T.Taylor
2016_11_BUF_CIN,CIN,00-0027973,44,-8.26546748453984,2.0,A.Dalton
2016_11_CHI_NYG,CHI,00-0024226,34,3.6250762089605444,1.0,J.Cutler
2016_11_CHI_NYG,NYG,00-0022803,37,8.754055096814888,0.0,E.Manning
2016_11_GB_WAS,GB,00-0023459,46,22.63881110106133,0.0,A.Rodgers
2016_11_GB_WAS,GB,00-0031589,3,-3.773732701665722,1.0,B.Hundley
2016_11_GB_WAS,WAS,00-0029604,33,22.44737631662027,0.0,K.Cousins
2016_11_HOU_OAK,HOU,00-0029682,43,11.363617927365121,1.0,B.Osweiler
2016_11_HOU_OAK,LV,00-0031280,31,11.897871300958885,1.0,D.Carr
2016_11_JAX_DET,DET,00-0026498,37,3.18100231149241,0.0,M.Stafford
2016_11_JAX_DET,JAX,00-0031407,36,-2.7509225108267645,2.0,B.Bortles
2016_11_MIA_LA,LA,00-0033106,34,-9.171164684375176,0.0,J.Goff
2016_11_MIA_LA,MIA,00-0029701,39,-5.52168344380334,1.0,R.Tannehill
2016_11_NE_SF,NE,00-0019596,43,9.350410847501776,0.0,T.Brady
2016_11_NE_SF,SF,00-0027974,37,2.1627008110392545,0.0,C.Kaepernick
2016_11_NO_CAR,CAR,00-0027939,35,-2.020541295646041,0.0,C.Newton
2016_11_NO_CAR,NO,00-0020531,47,-0.11629093223517195,1.0,D.Brees
2016_11_PHI_SEA,PHI,00-0032950,48,-7.136964505610988,2.0,C.Wentz
2016_11_PHI_SEA,SEA,00-0028434,1,2.0046004552859813,0.0,D.Baldwin
2016_11_PHI_SEA,SEA,00-0029263,36,6.615197509869124,0.0,R.Wilson
2016_11_PIT_CLE,CLE,00-0021206,33,-9.880825792788528,0.0,J.McCown
2016_11_PIT_CLE,CLE,00-0033104,19,1.0356005405051376,1.0,C.Kessler
2016_11_PIT_CLE,PIT,00-0022924,37,3.676148001109259,0.0,B.Roethlisberger
2016_11_TB_KC,KC,00-0023436,32,8.623471983744722,1.0,A.Smith
2016_11_TB_KC,TB,00-0031503,43,19.043806703311652,0.0,J.Winston
2016_11_TEN_IND,IND,00-0029668,34,8.97500669922637,1.0,A.Luck
2016_11_TEN_IND,TEN,00-0032268,45,6.597592619860588,0.0,M.Mariota
2016_12_ARI_ATL,ARI,00-0021429,48,1.2805144002376423,1.0,C.Palmer
2016_12_ARI_ATL,ATL,00-0026143,39,7.505481463216711,1.0,M.Ryan
2016_12_CAR_OAK,CAR,00-0027939,33,-3.706407887133304,1.0,C.Newton
2016_12_CAR_OAK,LV,00-0030419,1,-1.4628772772848606,0.0,M.McGloin
2016_12_CAR_OAK,LV,00-0031280,41,10.356555829217005,1.0,D.Carr
2016_12_CIN_BAL,BAL,00-0026158,39,-1.9112980717663266,1.0,J.Flacco
2016_12_CIN_BAL,CIN,00-0027973,53,2.867573086884071,0.0,A.Dalton
2016_12_GB_PHI,GB,00-0023459,41,25.371857997102403,0.0,A.Rodgers
2016_12_GB_PHI,PHI,00-0032950,44,1.5162528204555121,1.0,C.Wentz
2016_12_JAX_BUF,BUF,00-0028118,27,5.274099157657474,0.0,T.Taylor
2016_12_JAX_BUF,JAX,00-0031407,33,4.37075620534597,0.0,B.Bortles
2016_12_KC_DEN,DEN,00-0032156,42,18.00797272825068,0.0,T.Siemian
2016_12_KC_DEN,KC,00-0023436,51,-5.647593151730865,0.0,A.Smith
2016_12_LA_NO,LA,00-0033106,34,-8.939149735029787,1.0,J.Goff
2016_12_LA_NO,NO,00-0020531,37,8.862033663666807,0.0,D.Brees
2016_12_LA_NO,NO,00-0030663,1,4.872772316914052,0.0,W.Snead
2016_12_MIN_DET,DET,00-0026498,43,0.40651407983747,0.0,M.Stafford
2016_12_MIN_DET,MIN,00-0027854,37,-5.460332979706741,1.0,S.Bradford
2016_12_NE_NYJ,NE,00-0019596,51,5.40454019463008,0.0,T.Brady
2016_12_NE_NYJ,NYJ,00-0023682,34,5.439033432233511,0.0,R.Fitzpatrick
2016_12_NYG_CLE,CLE,00-0021206,49,-15.993624427992346,0.0,J.McCown
2016_12_NYG_CLE,CLE,00-0032257,1,-0.49236056790687144,0.0,D.Johnson Jr.
2016_12_NYG_CLE,NYG,00-0022803,28,7.539777708647307,0.0,E.Manning
2016_12_PIT_IND,IND,00-0027145,1,5.0364618439925835,0.0,P.McAfee
2016_12_PIT_IND,IND,00-0028595,40,-10.377625872816331,2.0,S.Tolzien
2016_12_PIT_IND,PIT,00-0022924,20,14.739823248470202,0.0,B.Roethlisberger
2016_12_PIT_IND,PIT,00-0030524,1,-1.480701636406593,0.0,L.Jones
2016_12_SD_HOU,HOU,00-0029682,39,-2.8393987988817555,3.0,B.Osweiler
2016_12_SD_HOU,LAC,00-0022942,31,7.288748106123146,1.0,P.Rivers
2016_12_SEA_TB,SEA,00-0029263,45,-14.507775065536784,2.0,R.Wilson
2016_12_SEA_TB,TB,00-0031503,30,8.857709138058102,1.0,J.Winston
2016_12_SF_MIA,MIA,00-0029701,34,15.477533617119665,0.0,R.Tannehill
2016_12_SF_MIA,SF,00-0027974,53,13.985613487302066,1.0,C.Kaepernick
2016_12_TEN_CHI,CHI,00-0030533,54,2.7821804474806413,2.0,M.Barkley
2016_12_TEN_CHI,TEN,00-0032268,25,14.53183252022853,0.0,M.Mariota
2016_12_WAS_DAL,DAL,00-0033077,27,13.531466738650831,0.0,D.Prescott
2016_12_WAS_DAL,WAS,00-0029604,54,25.20786157469554,0.0,K.Cousins
2016_13_BUF_OAK,BUF,00-0028118,41,-7.1302805926962325,1.0,T.Taylor
2016_13_BUF_OAK,LV,00-0031280,36,8.881810660186607,0.0,D.Carr
2016_13_CAR_SEA,CAR,00-0023645,1,-5.252269348595291,1.0,D.Anderson
2016_13_CAR_SEA,CAR,00-0027939,33,-0.5418220316059887,0.0,C.Newton
2016_13_CAR_SEA,SEA,00-0029263,41,7.274238815651565,1.0,R.Wilson
2016_13_CAR_SEA,SEA,00-0032462,3,3.0808822153967452,0.0,T.Boykin
2016_13_DAL_MIN,DAL,00-0033077,25,-1.6330139192397768,0.0,D.Prescott
2016_13_DAL_MIN,MIN,00-0020679,2,-0.6365222346503288,0.0,S.Hill
2016_13_DAL_MIN,MIN,00-0027854,49,-1.2608659644928442,0.0,S.Bradford
2016_13_DAL_MIN,MIN,00-0031376,1,-0.48066623765043914,0.0,J.McKinnon
2016_13_DEN_JAX,DEN,00-0033108,28,-10.865178290810498,0.0,P.Lynch
2016_13_DEN_JAX,JAX,00-0031407,45,-24.66846690357957,2.0,B.Bortles
2016_13_DET_NO,DET,00-0026498,48,15.796323311481501,0.0,M.Stafford
2016_13_DET_NO,NO,00-0020531,44,-7.596196864144032,3.0,D.Brees
2016_13_HOU_GB,GB,00-0023459,33,7.806064267526381,0.0,A.Rodgers
2016_13_HOU_GB,HOU,00-0029682,40,3.999887964077061,0.0,B.Osweiler
2016_13_IND_NYJ,IND,00-0028595,1,1.1524982560658827,0.0,S.Tolzien
2016_13_IND_NYJ,IND,00-0029668,32,29.732080747949688,0.0,A.Luck
2016_13_IND_NYJ,NYJ,00-0023682,13,-1.8502337783575058,1.0,R.Fitzpatrick
2016_13_IND_NYJ,NYJ,00-0031568,26,-9.88684936054051,2.0,B.Petty
2016_13_KC_ATL,ATL,00-0026143,41,-3.507894170896496,1.0,M.Ryan
2016_13_KC_ATL,KC,00-0023436,26,10.487886166665703,0.0,A.Smith
2016_13_LA_NE,LA,00-0033106,36,-15.79827528377652,2.0,J.Goff
2016_13_LA_NE,NE,00-0019596,46,0.9025088588648695,0.0,T.Brady
2016_13_MIA_BAL,BAL,00-0026158,46,17.472731887130067,1.0,J.Flacco
2016_13_MIA_BAL,BAL,00-0028012,3,-1.9751527241314761,0.0,R.Mallett
2016_13_MIA_BAL,MIA,00-0029701,43,-11.680096155764645,3.0,R.Tannehill
2016_13_NYG_PIT,NYG,00-0022803,41,-16.983289890835294,2.0,E.Manning
2016_13_NYG_PIT,PIT,00-0022924,39,11.585713606956014,1.0,B.Roethlisberger
2016_13_NYG_PIT,PIT,00-0030496,1,-0.5972102339146659,0.0,L.Bell
2016_13_PHI_CIN,CIN,00-0027973,31,26.683325949778045,0.0,A.Dalton
2016_13_PHI_CIN,PHI,00-0032950,63,-1.2978817959083244,3.0,C.Wentz
2016_13_SF_CHI,CHI,00-0030533,20,7.52758562178959,0.0,M.Barkley
2016_13_SF_CHI,SF,00-0027948,12,-4.214594829827547,0.0,B.Gabbert
2016_13_SF_CHI,SF,00-0027974,12,-10.41758453397975,0.0,C.Kaepernick
2016_13_TB_SD,LAC,00-0022942,31,-1.811264744418057,2.0,P.Rivers
2016_13_TB_SD,TB,00-0031503,33,12.304693698269407,1.0,J.Winston
2016_13_WAS_ARI,ARI,00-0021429,47,14.032383163562066,0.0,C.Palmer
2016_13_WAS_ARI,WAS,00-0029604,39,0.29019832839932835,1.0,K.Cousins
2016_14_ARI_MIA,ARI,00-0021429,38,-7.584788275709559,2.0,C.Palmer
2016_14_ARI_MIA,MIA,00-0025708,5,1.8398866029747296,0.0,M.Moore
2016_14_ARI_MIA,MIA,00-0029701,23,6.935191589756869,1.0,R.Tannehill
2016_14_ATL_LA,ATL,00-0022787,2,-2.1800809365231544,0.0,M.Schaub
2016_14_ATL_LA,ATL,00-0026143,30,15.777171324007213,0.0,M.Ryan
2016_14_ATL_LA,LA,00-0033106,44,-17.825302035955247,2.0,J.Goff
2016_14_BAL_NE,BAL,00-0026158,55,4.066853300235277,1.0,J.Flacco
2016_14_BAL_NE,NE,00-0019596,39,13.045121677743737,1.0,T.Brady
2016_14_CHI_DET,CHI,00-0030533,33,3.82697681117141,0.0,M.Barkley
2016_14_CHI_DET,DET,00-0026498,41,-1.0976518496856418,2.0,M.Stafford
2016_14_CIN_CLE,CIN,00-0027973,34,4.481392445527035,0.0,A.Dalton
2016_14_CIN_CLE,CLE,00-0029665,33,-11.861256674653001,1.0,R.Griffin III
2016_14_DAL_NYG,DAL,00-0033077,40,-21.21402647752832,2.0,D.Prescott
2016_14_DAL_NYG,NYG,00-0022803,31,-11.911230934993029,1.0,E.Manning
2016_14_DEN_TEN,DEN,00-0032156,54,2.530372954802444,0.0,T.Siemian
2016_14_DEN_TEN,DEN,00-0032943,1,3.530556734651327,0.0,R.Dixon
2016_14_DEN_TEN,TEN,00-0028009,1,-0.4525394884403795,0.0,D.Murray
2016_14_DEN_TEN,TEN,00-0032268,24,-8.566553088570345,0.0,M.Mariota
2016_14_HOU_IND,HOU,00-0029682,25,-5.414098556255538,1.0,B.Osweiler
2016_14_HOU_IND,IND,00-0029668,46,-9.350159618645495,2.0,A.Luck
2016_14_MIN_JAX,JAX,00-0031407,43,1.8072723469231304,0.0,B.Bortles
2016_14_MIN_JAX,MIN,00-0027854,36,16.445139074881606,0.0,S.Bradford
2016_14_NO_TB,NO,00-0020531,42,-4.8159429431594845,3.0,D.Brees
2016_14_NO_TB,TB,00-0031503,31,4.864290295464646,0.0,J.Winston
2016_14_NYJ_SF,NYJ,00-0031568,44,-3.501834402606918,1.0,B.Petty
2016_14_NYJ_SF,SF,00-0027974,30,-7.842070381651215,0.0,C.Kaepernick
2016_14_OAK_KC,KC,00-0023436,28,-0.6108589676441625,1.0,A.Smith
2016_14_OAK_KC,LV,00-0031280,44,-18.89552431015032,0.0,D.Carr
2016_14_PIT_BUF,BUF,00-0028118,32,2.0990637236682232,1.0,T.Taylor
2016_14_PIT_BUF,PIT,00-0022924,31,-6.061734731600154,3.0,B.Roethlisberger
2016_14_SD_CAR,CAR,00-0027939,31,-9.26074501552808,1.0,C.Newton
2016_14_SD_CAR,LAC,00-0022942,45,-8.978705234135907,3.0,P.Rivers
2016_14_SEA_GB,GB,00-0023459,24,13.694505836756434,0.0,A.Rodgers
2016_14_SEA_GB,GB,00-0031589,2,-1.558077106384232,0.0,B.Hundley
2016_14_SEA_GB,SEA,00-0029263,46,-20.806595181464218,5.0,R.Wilson
2016_14_WAS_PHI,PHI,00-0032950,52,3.625095998865919,1.0,C.Wentz
2016_14_WAS_PHI,WAS,00-0029604,25,3.935615200356353,1.0,K.Cousins
2016_15_CAR_WAS,CAR,00-0027939,40,4.251449062089631,0.0,C.Newton
2016_15_CAR_WAS,WAS,00-0029604,49,-5.48588176965583,1.0,K.Cousins
2016_15_CLE_BUF,BUF,00-0028118,30,11.188871548988576,0.0,T.Taylor
2016_15_CLE_BUF,BUF,00-0030526,1,-0.929833595699165,0.0,E.Manuel
2016_15_CLE_BUF,CLE,00-0029665,37,2.707684380023558,0.0,R.Griffin III
2016_15_DET_NYG,DET,00-0026498,42,-1.275430303874642,1.0,M.Stafford
2016_15_DET_NYG,NYG,00-0022803,30,5.091754569922507,0.0,E.Manning
2016_15_GB_CHI,CHI,00-0030533,44,4.819785662016302,3.0,M.Barkley
2016_15_GB_CHI,GB,00-0023459,37,0.8412998567774954,0.0,A.Rodgers
2016_15_IND_MIN,IND,00-0029668,29,15.295297942811843,0.0,A.Luck
2016_15_IND_MIN,MIN,00-0027854,47,-12.134248742442098,1.0,S.Bradford
2016_15_JAX_HOU,HOU,00-0029682,11,-12.260128573514521,2.0,B.Osweiler
2016_15_JAX_HOU,HOU,00-0031064,37,4.534355706530823,0.0,T.Savage
2016_15_JAX_HOU,JAX,00-0031407,31,-15.077939876333138,1.0,B.Bortles
2016_15_LA_SEA,LA,00-0028872,1,-2.6423553130589426,0.0,J.Hekker
2016_15_LA_SEA,LA,00-0028986,9,-7.028828831913415,0.0,C.Keenum
2016_15_LA_SEA,LA,00-0033106,29,-6.604254085294912,0.0,J.Goff
2016_15_LA_SEA,SEA,00-0029263,30,12.717342362053996,1.0,R.Wilson
2016_15_MIA_NYJ,MIA,00-0025708,19,14.982073193736142,1.0,M.Moore
2016_15_MIA_NYJ,NYJ,00-0023682,12,-7.5674945553106845,1.0,R.Fitzpatrick
2016_15_MIA_NYJ,NYJ,00-0031568,39,-11.343620077776764,2.0,B.Petty
2016_15_NE_DEN,DEN,00-0032156,45,-14.30645092899578,1.0,T.Siemian
2016_15_NE_DEN,NE,00-0019596,34,-0.3432804194393717,0.0,T.Brady
2016_15_NO_ARI,ARI,00-0021429,41,13.654744290521311,0.0,C.Palmer
2016_15_NO_ARI,NO,00-0020531,51,13.1051965472575,0.0,D.Brees
2016_15_OAK_SD,LAC,00-0022942,33,2.425301728473875,1.0,P.Rivers
2016_15_OAK_SD,LV,00-0031280,34,5.861939439920764,1.0,D.Carr
2016_15_PHI_BAL,BAL,00-0026158,32,-6.681442502102465,1.0,J.Flacco
2016_15_PHI_BAL,PHI,00-0032950,46,-6.745715511046582,1.0,C.Wentz
2016_15_PIT_CIN,CIN,00-0027973,28,-4.766980152513688,1.0,A.Dalton
2016_15_PIT_CIN,PIT,00-0022924,37,13.744076261582427,0.0,B.Roethlisberger
2016_15_SF_ATL,ATL,00-0022787,1,2.035490466398187,0.0,M.Schaub
2016_15_SF_ATL,ATL,00-0026143,24,20.514761085756675,0.0,M.Ryan
2016_15_SF_ATL,SF,00-0027974,36,0.7964894670876674,0.0,C.Kaepernick
2016_15_TB_DAL,DAL,00-0033077,41,9.702088720807781,0.0,D.Prescott
2016_15_TB_DAL,TB,00-0031503,40,-2.68025288606709,3.0,J.Winston
2016_15_TEN_KC,KC,00-0023436,31,-1.415542841831582,1.0,A.Smith
2016_15_TEN_KC,TEN,00-0032268,34,-0.33677432230906346,1.0,M.Mariota
2016_16_ARI_SEA,ARI,00-0021429,27,9.776698061719463,0.0,C.Palmer
2016_16_ARI_SEA,ARI,00-0022921,1,-0.5623792777769268,0.0,L.Fitzgerald
2016_16_ARI_SEA,SEA,00-0029263,53,6.692741761877837,0.0,R.Wilson
2016_16_ATL_CAR,ATL,00-0026143,39,11.295725885226151,0.0,M.Ryan
2016_16_ATL_CAR,CAR,00-0027939,48,-16.52453456655016,2.0,C.Newton
2016_16_BAL_PIT,BAL,00-0026158,47,5.219419434028685,1.0,J.Flacco
2016_16_BAL_PIT,PIT,00-0022924,31,4.184286949435161,2.0,B.Roethlisberger
2016_16_CIN_HOU,CIN,00-0027973,44,-5.680333833941107,1.0,A.Dalton
2016_16_CIN_HOU,HOU,00-0031064,34,-8.208092770333808,0.0,T.Savage
2016_16_DEN_KC,DEN,00-0032156,43,-10.414003821990825,1.0,T.Siemian
2016_16_DEN_KC,KC,00-0023436,38,3.7997625369160453,1.0,A.Smith
2016_16_DEN_KC,KC,00-0029688,1,2.2973533822223544,0.0,D.Poe
2016_16_DET_DAL,DAL,00-0027902,1,1.7572321020415984,0.0,D.Bryant
2016_16_DET_DAL,DAL,00-0033077,24,16.770865251717623,0.0,D.Prescott
2016_16_DET_DAL,DET,00-0026498,50,-2.981870563804093,1.0,M.Stafford
2016_16_IND_OAK,IND,00-0029668,33,10.490181011752084,2.0,A.Luck
2016_16_IND_OAK,LV,00-0030419,3,-0.1018271247157827,0.0,M.McGloin
2016_16_IND_OAK,LV,00-0031280,33,11.525097901525442,0.0,D.Carr
2016_16_MIA_BUF,BUF,00-0028118,45,20.860548092437053,0.0,T.Taylor
2016_16_MIA_BUF,MIA,00-0025708,29,7.2499567390413056,1.0,M.Moore
2016_16_MIN_GB,GB,00-0023459,44,14.424977770416785,0.0,A.Rodgers
2016_16_MIN_GB,GB,00-0031589,1,-0.53352114954032,0.0,B.Hundley
2016_16_MIN_GB,MIN,00-0027854,55,8.878973473874925,0.0,S.Bradford
2016_16_NYG_PHI,NYG,00-0022803,63,-3.311488256744569,3.0,E.Manning
2016_16_NYG_PHI,PHI,00-0026544,1,1.5969057810143568,0.0,C.Daniel
2016_16_NYG_PHI,PHI,00-0032950,26,1.8595912802055632,1.0,C.Wentz
2016_16_NYJ_NE,NE,00-0019596,28,12.429932066112793,0.0,T.Brady
2016_16_NYJ_NE,NE,00-0031345,2,-0.20198040967807174,0.0,J.Garoppolo
2016_16_NYJ_NE,NYJ,00-0023682,22,-8.322920752404636,2.0,R.Fitzpatrick
2016_16_NYJ_NE,NYJ,00-0031568,5,-7.072273966157809,1.0,B.Petty
2016_16_SD_CLE,CLE,00-0029665,35,0.8469716909850451,0.0,R.Griffin III
2016_16_SD_CLE,CLE,00-0033104,5,-2.7653268243884668,0.0,C.Kessler
2016_16_SD_CLE,LAC,00-0022942,45,9.879011372623307,1.0,P.Rivers
2016_16_SF_LA,LA,00-0033106,29,-13.037795948621351,2.0,J.Goff
2016_16_SF_LA,SF,00-0027974,45,7.389390084310435,1.0,C.Kaepernick
2016_16_TB_NO,NO,00-0020531,37,7.852626744551469,0.0,D.Brees
2016_16_TB_NO,TB,00-0031503,40,5.3609024691587,2.0,J.Winston
2016_16_TEN_JAX,JAX,00-0031407,41,12.284155915484721,0.0,B.Bortles
2016_16_TEN_JAX,JAX,00-0031431,1,2.714935635041911,0.0,M.Lee
2016_16_TEN_JAX,TEN,00-0023662,23,-6.906263597891666,1.0,M.Cassel
2016_16_TEN_JAX,TEN,00-0032268,23,0.48837232919413776,0.0,M.Mariota
2016_16_WAS_CHI,CHI,00-0030533,41,-5.517094490015607,5.0,M.Barkley
2016_16_WAS_CHI,WAS,00-0029604,31,9.011278314305576,0.0,K.Cousins
2016_17_ARI_LA,ARI,00-0021429,39,7.720991225161992,1.0,C.Palmer
2016_17_ARI_LA,ARI,00-0025430,4,-2.3198695314931683,1.0,D.Stanton
2016_17_ARI_LA,LA,00-0028872,1,2.3060158148873597,0.0,J.Hekker
2016_17_ARI_LA,LA,00-0032245,6,-12.610296838334762,1.0,S.Mannion
2016_17_ARI_LA,LA,00-0033106,27,-16.946433203376692,0.0,J.Goff
2016_17_ARI_LA,LA,00-0033111,1,-7.610064131906256,1.0,P.Cooper
2016_17_BAL_CIN,BAL,00-0026158,52,-12.118523099372396,1.0,J.Flacco
2016_17_BAL_CIN,BAL,00-0028012,2,-1.9811723162420094,1.0,R.Mallett
2016_17_BAL_CIN,CIN,00-0027973,30,3.5464654629417685,0.0,A.Dalton
2016_17_BUF_NYJ,BUF,00-0030526,24,-6.252810582377181,0.0,E.Manuel
2016_17_BUF_NYJ,BUF,00-0033098,12,-8.04058968659956,1.0,C.Jones
2016_17_BUF_NYJ,NYJ,00-0023682,31,5.348763266735259,0.0,R.Fitzpatrick
2016_17_CAR_TB,CAR,00-0027939,36,-6.405938431776874,3.0,C.Newton
2016_17_CAR_TB,TB,00-0031503,40,-8.917694313110756,1.0,J.Winston
2016_17_CHI_MIN,CHI,00-0030533,15,-8.783007705317797,2.0,M.Barkley
2016_17_CHI_MIN,CHI,00-0031076,6,-2.2586181573569775,0.0,D.Fales
2016_17_CHI_MIN,CHI,00-0031912,1,2.0902007045806386,0.0,C.Meredith
2016_17_CHI_MIN,MIN,00-0020679,1,-3.01699171011569,0.0,S.Hill
2016_17_CHI_MIN,MIN,00-0027854,34,14.158747987753333,1.0,S.Bradford
2016_17_CLE_PIT,CLE,00-0029665,45,4.3936086284661675,1.0,R.Griffin III
2016_17_CLE_PIT,PIT,00-0030524,41,8.322990577493329,1.0,L.Jones
2016_17_DAL_PHI,DAL,00-0021678,4,3.706004136125557,0.0,T.Romo
2016_17_DAL_PHI,DAL,00-0026898,21,-14.251990600859367,2.0,M.Sanchez
2016_17_DAL_PHI,DAL,00-0033077,9,0.22400817773725512,0.0,D.Prescott
2016_17_DAL_PHI,PHI,00-0032950,46,3.1019277045509157,0.0,C.Wentz
2016_17_GB_DET,DET,00-0026498,43,9.791066874474113,1.0,M.Stafford
2016_17_GB_DET,GB,00-0023459,47,17.780257050526775,0.0,A.Rodgers
2016_17_HOU_TEN,HOU,00-0029682,43,7.656850230334957,0.0,B.Osweiler
2016_17_HOU_TEN,HOU,00-0031064,9,-7.17071321234107,0.0,T.Savage
2016_17_HOU_TEN,TEN,00-0023662,31,-3.637311648379756,1.0,M.Cassel
2016_17_JAX_IND,IND,00-0029668,44,5.018054566793222,1.0,A.Luck
2016_17_JAX_IND,JAX,00-0031407,42,-0.18483810593990557,0.0,B.Bortles
2016_17_KC_SD,KC,00-0023436,33,13.500904562192014,1.0,A.Smith
2016_17_KC_SD,LAC,00-0022942,39,2.371851267188247,2.0,P.Rivers
2016_17_NE_MIA,MIA,00-0025708,34,5.51520913024433,1.0,M.Moore
2016_17_NE_MIA,NE,00-0019596,34,16.760303127539206,0.0,T.Brady
2016_17_NE_MIA,NE,00-0031345,1,-0.7555448330240324,0.0,J.Garoppolo
2016_17_NO_ATL,ATL,00-0026143,37,17.979193255506985,0.0,M.Ryan
2016_17_NO_ATL,NO,00-0020531,52,6.37757560794724,1.0,D.Brees
2016_17_NYG_WAS,NYG,00-0022803,28,-0.686371595984367,0.0,E.Manning
2016_17_NYG_WAS,WAS,00-0029604,39,-4.362095550706011,2.0,K.Cousins
2016_17_OAK_DEN,DEN,00-0032156,27,6.865229503631728,1.0,T.Siemian
2016_17_OAK_DEN,LV,00-0030419,11,-4.604569359216839,0.0,M.McGloin
2016_17_OAK_DEN,LV,00-0032893,24,-13.115068341445177,1.0,C.Cook
2016_17_SEA_SF,SEA,00-0029263,34,5.3912565444482095,0.0,R.Wilson
2016_17_SEA_SF,SEA,00-0032462,7,0.8827169156284072,0.0,T.Boykin
2016_17_SEA_SF,SF,00-0027974,27,4.298939456755761,0.0,C.Kaepernick
2017_01_ARI_DET,ARI,00-0021429,50,-10.9967784725128,3.0,C.Palmer
2017_01_ARI_DET,DET,00-0026498,45,-0.3780023471082963,1.0,M.Stafford
2017_01_ATL_CHI,ATL,00-0026143,33,15.470923549040846,0.0,M.Ryan
2017_01_ATL_CHI,CHI,00-0030520,44,-6.959356361303449,0.0,M.Glennon
2017_01_BAL_CIN,BAL,00-0026158,18,-0.33616890582106107,1.0,J.Flacco
2017_01_BAL_CIN,CIN,00-0027973,36,-29.3641997606901,4.0,A.Dalton
2017_01_CAR_SF,CAR,00-0027939,25,3.6411982236727582,1.0,C.Newton
2017_01_CAR_SF,SF,00-0026625,39,-15.565704636508599,1.0,B.Hoyer
2017_01_IND_LA,IND,00-0028595,23,-22.97723009817354,2.0,S.Tolzien
2017_01_IND_LA,IND,00-0033119,3,2.1368086596485227,0.0,J.Brissett
2017_01_IND_LA,LA,00-0032245,1,-0.16481252433732152,0.0,S.Mannion
2017_01_IND_LA,LA,00-0033106,30,10.693913710332072,0.0,J.Goff
2017_01_JAX_HOU,HOU,00-0031064,19,-21.26434271701146,0.0,T.Savage
2017_01_JAX_HOU,HOU,00-0033537,29,-15.004685161606176,1.0,D.Watson
2017_01_JAX_HOU,JAX,00-0031407,21,1.9233279938492993,0.0,B.Bortles
2017_01_KC_NE,KC,00-0023436,39,17.783866723591927,0.0,A.Smith
2017_01_KC_NE,NE,00-0019596,40,0.5537979307693806,0.0,T.Brady
2017_01_LAC_DEN,DEN,00-0032156,37,6.8737092902740144,1.0,T.Siemian
2017_01_LAC_DEN,LAC,00-0022942,34,2.61878241105674,1.0,P.Rivers
2017_01_NO_MIN,MIN,00-0027854,33,21.09610446850119,0.0,S.Bradford
2017_01_NO_MIN,NO,00-0020531,38,9.74175846369394,0.0,D.Brees
2017_01_NYG_DAL,DAL,00-0033077,41,7.299054688198705,0.0,D.Prescott
2017_01_NYG_DAL,NYG,00-0022803,41,-6.144037329682906,1.0,E.Manning
2017_01_NYJ_BUF,BUF,00-0028118,33,6.9969367298763245,1.0,T.Taylor
2017_01_NYJ_BUF,NYJ,00-0021206,41,-12.847889092306808,2.0,J.McCown
2017_01_OAK_TEN,LV,00-0031280,35,8.174942018363643,0.0,D.Carr
2017_01_OAK_TEN,TEN,00-0032268,43,3.5209725946219574,0.0,M.Mariota
2017_01_PHI_WAS,PHI,00-0032950,44,9.304098365167022,1.0,C.Wentz
2017_01_PHI_WAS,WAS,00-0029604,47,-12.531683623540072,1.0,K.Cousins
2017_01_PIT_CLE,CLE,00-0033899,40,-2.086896753554468,1.0,D.Kizer
2017_01_PIT_CLE,PIT,00-0022924,37,4.366299214656465,1.0,B.Roethlisberger
2017_01_SEA_GB,GB,00-0023459,49,6.189397523702125,1.0,A.Rodgers
2017_01_SEA_GB,SEA,00-0029263,32,-7.627078799761916,0.0,R.Wilson
2017_02_ARI_IND,ARI,00-0021429,40,1.3363821162992866,1.0,C.Palmer
2017_02_ARI_IND,IND,00-0033119,43,-5.738669195753063,1.0,J.Brissett
2017_02_BUF_CAR,BUF,00-0028118,35,-3.9514012950138633,0.0,T.Taylor
2017_02_BUF_CAR,CAR,00-0027939,40,1.9697002267312187,0.0,C.Newton
2017_02_CHI_TB,CHI,00-0030520,46,-6.689081509364769,2.0,M.Glennon
2017_02_CHI_TB,TB,00-0023682,1,-0.9053828078322113,0.0,R.Fitzpatrick
2017_02_CHI_TB,TB,00-0031503,33,10.081732012443883,0.0,J.Winston
2017_02_CLE_BAL,BAL,00-0026158,36,6.668946375061708,1.0,J.Flacco
2017_02_CLE_BAL,CLE,00-0032784,12,2.1290780997659366,1.0,K.Hogan
2017_02_CLE_BAL,CLE,00-0033899,37,-14.061986962042283,3.0,D.Kizer
2017_02_DAL_DEN,DAL,00-0033077,55,-19.47717292362052,2.0,D.Prescott
2017_02_DAL_DEN,DEN,00-0032156,38,5.379932563083965,1.0,T.Siemian
2017_02_DET_NYG,DET,00-0026498,27,1.6761325024458253,0.0,M.Stafford
2017_02_DET_NYG,NYG,00-0022803,37,-8.44907601873274,1.0,E.Manning
2017_02_GB_ATL,ATL,00-0026143,32,9.122893382297308,0.0,M.Ryan
2017_02_GB_ATL,GB,00-0023459,55,5.17300129825708,1.0,A.Rodgers
2017_02_HOU_CIN,CIN,00-0027973,39,-9.72550183926139,0.0,A.Dalton
2017_02_HOU_CIN,HOU,00-0033537,31,0.7381406592693267,0.0,D.Watson
2017_02_MIA_LAC,LAC,00-0022942,40,11.509182655356804,0.0,P.Rivers
2017_02_MIA_LAC,MIA,00-0024226,35,8.720214477728994,0.0,J.Cutler
2017_02_MIA_LAC,MIA,00-0031382,1,-0.4277720359386876,0.0,J.Landry
2017_02_MIN_PIT,MIN,00-0028986,39,-9.502037767529304,0.0,C.Keenum
2017_02_MIN_PIT,MIN,00-0029493,1,-2.6640026818495244,0.0,R.Quigley
2017_02_MIN_PIT,PIT,00-0022924,37,4.236415731875784,0.0,B.Roethlisberger
2017_02_NE_NO,NE,00-0019596,42,25.038683427548307,0.0,T.Brady
2017_02_NE_NO,NO,00-0020531,45,2.5924650042380986,0.0,D.Brees
2017_02_NYJ_OAK,LV,00-0031280,28,16.918562717881287,0.0,D.Carr
2017_02_NYJ_OAK,NYJ,00-0021206,31,1.8845255499569653,0.0,J.McCown
2017_02_PHI_KC,KC,00-0023436,34,4.7646781896099135,0.0,A.Smith
2017_02_PHI_KC,PHI,00-0032950,56,9.200345747375964,1.0,C.Wentz
2017_02_SF_SEA,SEA,00-0029263,45,-0.3393705785503882,0.0,R.Wilson
2017_02_SF_SEA,SF,00-0026625,29,-15.90883575279266,1.0,B.Hoyer
2017_02_TEN_JAX,JAX,00-0031407,40,-9.256419388405735,2.0,B.Bortles
2017_02_TEN_JAX,TEN,00-0032268,30,3.6498493941193364,1.0,M.Mariota
2017_02_WAS_LA,LA,00-0028872,1,4.4090333031490445,0.0,J.Hekker
2017_02_WAS_LA,LA,00-0033106,28,-0.7745608967385813,1.0,J.Goff
2017_02_WAS_LA,WAS,00-0029604,30,5.508926584555152,0.0,K.Cousins
2017_03_ATL_DET,ATL,00-0026143,37,-5.598445749078715,3.0,M.Ryan
2017_03_ATL_DET,DET,00-0026498,49,-3.9092698427206196,0.0,M.Stafford
2017_03_BAL_JAX,BAL,00-0026158,20,-19.04083689377876,2.0,J.Flacco
2017_03_BAL_JAX,BAL,00-0028012,9,0.9251651564845815,0.0,R.Mallett
2017_03_BAL_JAX,JAX,00-0026197,2,-2.141747591085732,0.0,C.Henne
2017_03_BAL_JAX,JAX,00-0031407,34,17.041188307137148,0.0,B.Bortles
2017_03_CIN_GB,CIN,00-0027973,30,6.120329956164891,0.0,A.Dalton
2017_03_CIN_GB,GB,00-0023459,51,-3.132349168533704,1.0,A.Rodgers
2017_03_CLE_IND,CLE,00-0033899,52,-2.6818167913588695,3.0,D.Kizer
2017_03_CLE_IND,IND,00-0033119,29,8.254781296933821,0.0,J.Brissett
2017_03_DAL_ARI,ARI,00-0021429,55,0.6752561184907862,0.0,C.Palmer
2017_03_DAL_ARI,DAL,00-0033077,19,3.7008593581267633,0.0,D.Prescott
2017_03_DEN_BUF,BUF,00-0028118,33,5.664863995517814,0.0,T.Taylor
2017_03_DEN_BUF,DEN,00-0032156,46,-5.861713907619015,2.0,T.Siemian
2017_03_HOU_NE,HOU,00-0033537,39,7.3866085206208165,2.0,D.Watson
2017_03_HOU_NE,NE,00-0019596,42,11.944974794329145,0.0,T.Brady
2017_03_KC_LAC,KC,00-0023436,27,-2.8286698525168257,0.0,A.Smith
2017_03_KC_LAC,LAC,00-0022942,42,-10.303560873260722,3.0,P.Rivers
2017_03_LA_SF,LA,00-0033106,28,22.501889730672232,0.0,J.Goff
2017_03_LA_SF,SF,00-0026625,43,4.350929637396693,1.0,B.Hoyer
2017_03_MIA_NYJ,MIA,00-0024226,48,-11.04369950457476,1.0,J.Cutler
2017_03_MIA_NYJ,MIA,00-0033400,1,-1.3209619605913758,1.0,M.Haack
2017_03_MIA_NYJ,NYJ,00-0021206,26,9.781417342853658,0.0,J.McCown
2017_03_NO_CAR,CAR,00-0023645,7,-2.828233440290205,0.0,D.Anderson
2017_03_NO_CAR,CAR,00-0027939,31,-13.720069594836396,3.0,C.Newton
2017_03_NO_CAR,NO,00-0020531,30,12.856830931815825,0.0,D.Brees
2017_03_NYG_PHI,NYG,00-0022803,47,8.630013820722255,2.0,E.Manning
2017_03_NYG_PHI,PHI,00-0032950,37,-2.762897090636835,0.0,C.Wentz
2017_03_OAK_WAS,LV,00-0031280,36,-20.502997353792484,2.0,D.Carr
2017_03_OAK_WAS,WAS,00-0029604,32,18.733121551907992,0.0,K.Cousins
2017_03_PIT_CHI,CHI,00-0030520,25,-8.93758257637458,1.0,M.Glennon
2017_03_PIT_CHI,PIT,00-0022924,43,-2.221089028036815,0.0,B.Roethlisberger
2017_03_SEA_TEN,SEA,00-0029263,56,11.469114383202513,0.0,R.Wilson
2017_03_SEA_TEN,TEN,00-0032268,34,1.746669177133347,0.0,M.Mariota
2017_03_TB_MIN,MIN,00-0028986,36,22.884337820613133,0.0,C.Keenum
2017_03_TB_MIN,TB,00-0031503,43,-0.3504117486011342,3.0,J.Winston
2017_04_BUF_ATL,ATL,00-0026143,44,-10.78757788169619,2.0,M.Ryan
2017_04_BUF_ATL,BUF,00-0028118,25,6.766980933849956,0.0,T.Taylor
2017_04_CAR_NE,CAR,00-0027939,33,19.181861285121567,1.0,C.Newton
2017_04_CAR_NE,NE,00-0019596,48,9.75852805372757,0.0,T.Brady
2017_04_CHI_GB,CHI,00-0030520,34,-5.450456441393497,2.0,M.Glennon
2017_04_CHI_GB,GB,00-0023459,28,10.812180428940337,0.0,A.Rodgers
2017_04_CHI_GB,GB,00-0031589,1,-0.5545822973363101,0.0,B.Hundley
2017_04_CIN_CLE,CIN,00-0027973,37,14.597214337863978,0.0,A.Dalton
2017_04_CIN_CLE,CLE,00-0032784,9,1.292495532979956,0.0,K.Hogan
2017_04_CIN_CLE,CLE,00-0033899,38,-15.51013266882498,1.0,D.Kizer
2017_04_DET_MIN,DET,00-0026498,38,-2.320318493915707,0.0,M.Stafford
2017_04_DET_MIN,MIN,00-0028986,32,-4.759232060538384,0.0,C.Keenum
2017_04_IND_SEA,IND,00-0033119,35,-13.992159710044817,1.0,J.Brissett
2017_04_IND_SEA,SEA,00-0029263,34,14.410129896921095,2.0,R.Wilson
2017_04_JAX_NYJ,JAX,00-0031407,38,-10.707083744868124,1.0,B.Bortles
2017_04_JAX_NYJ,NYJ,00-0021206,35,-3.745771235985969,1.0,J.McCown
2017_04_JAX_NYJ,NYJ,00-0032449,1,2.48630293936003,0.0,L.Edwards
2017_04_LA_DAL,DAL,00-0033077,41,5.110808753893244,1.0,D.Prescott
2017_04_LA_DAL,LA,00-0033106,37,6.8767468498902655,0.0,J.Goff
2017_04_NO_MIA,MIA,00-0024226,32,-9.650678538542707,1.0,J.Cutler
2017_04_NO_MIA,NO,00-0020531,41,15.194764987556491,0.0,D.Brees
2017_04_NYG_TB,NYG,00-0022803,52,9.544451465209079,0.0,E.Manning
2017_04_NYG_TB,TB,00-0031503,42,6.716576795391317,0.0,J.Winston
2017_04_OAK_DEN,DEN,00-0032156,31,-0.12398803150445259,0.0,T.Siemian
2017_04_OAK_DEN,LV,00-0030526,18,-1.7383439340295497,1.0,E.Manuel
2017_04_OAK_DEN,LV,00-0031280,20,-0.18883386527886614,0.0,D.Carr
2017_04_PHI_LAC,LAC,00-0022942,40,11.079447538502613,0.0,P.Rivers
2017_04_PHI_LAC,PHI,00-0032950,34,11.625541870647954,0.0,C.Wentz
2017_04_PIT_BAL,BAL,00-0026158,51,-11.611048871912026,2.0,J.Flacco
2017_04_PIT_BAL,PIT,00-0022924,32,3.864860048826017,1.0,B.Roethlisberger
2017_04_SF_ARI,ARI,00-0021429,57,-2.378461149281065,1.0,C.Palmer
2017_04_SF_ARI,SF,00-0026625,52,-7.185287423197121,1.0,B.Hoyer
2017_04_TEN_HOU,HOU,00-0031064,1,-1.5276060508331284,0.0,T.Savage
2017_04_TEN_HOU,HOU,00-0033537,36,20.058988056679958,1.0,D.Watson
2017_04_TEN_HOU,TEN,00-0023662,12,-22.404021326627117,2.0,M.Cassel
2017_04_TEN_HOU,TEN,00-0032268,10,-1.1156246773898602,2.0,M.Mariota
2017_04_WAS_KC,KC,00-0023436,43,8.130498430574791,0.0,A.Smith
2017_04_WAS_KC,WAS,00-0029604,27,13.23498274865024,0.0,K.Cousins
2017_05_ARI_PHI,ARI,00-0021429,46,2.056290352934468,0.0,C.Palmer
2017_05_ARI_PHI,PHI,00-0032950,34,17.07031213982338,1.0,C.Wentz
2017_05_BAL_OAK,BAL,00-0026158,26,8.878376485561322,0.0,J.Flacco
2017_05_BAL_OAK,LV,00-0030526,30,0.8381822530633016,0.0,E.Manuel
2017_05_BUF_CIN,BUF,00-0028118,44,-6.534907787293922,1.0,T.Taylor
2017_05_BUF_CIN,CIN,00-0027973,38,6.465326012460968,2.0,A.Dalton
2017_05_CAR_DET,CAR,00-0027939,37,16.868929455768903,0.0,C.Newton
2017_05_CAR_DET,DET,00-0026498,41,-6.222526245994986,0.0,M.Stafford
2017_05_GB_DAL,DAL,00-0033077,39,7.669168329266812,1.0,D.Prescott
2017_05_GB_DAL,GB,00-0023459,38,12.386337663146609,0.0,A.Rodgers
2017_05_JAX_PIT,JAX,00-0031407,17,-0.3855250285123475,1.0,B.Bortles
2017_05_JAX_PIT,PIT,00-0022924,57,-20.016211560991458,5.0,B.Roethlisberger
2017_05_KC_HOU,HOU,00-0033537,36,13.857707247458398,0.0,D.Watson
2017_05_KC_HOU,KC,00-0023436,43,27.498476402075394,0.0,A.Smith
2017_05_LAC_NYG,LAC,00-0022942,45,4.922853653879201,1.0,P.Rivers
2017_05_LAC_NYG,NYG,00-0022803,42,-9.536285429450682,1.0,E.Manning
2017_05_MIN_CHI,CHI,00-0031079,1,6.29359512636438,0.0,P.O'Donnell
2017_05_MIN_CHI,CHI,00-0033869,29,-9.217634387663566,1.0,M.Trubisky
2017_05_MIN_CHI,MIN,00-0027854,15,-8.081198960947704,0.0,S.Bradford
2017_05_MIN_CHI,MIN,00-0028986,22,7.5682187070488,0.0,C.Keenum
2017_05_NE_TB,NE,00-0019596,45,1.5359908783033045,1.0,T.Brady
2017_05_NE_TB,TB,00-0031503,49,0.35007566014240776,0.0,J.Winston
2017_05_NYJ_CLE,CLE,00-0032784,20,7.031704762077425,1.0,K.Hogan
2017_05_NYJ_CLE,CLE,00-0033899,21,-4.560730270530355,1.0,D.Kizer
2017_05_NYJ_CLE,NYJ,00-0021206,33,-0.49564869670061107,1.0,J.McCown
2017_05_SEA_LA,LA,00-0033106,49,-6.559621875450187,2.0,J.Goff
2017_05_SEA_LA,SEA,00-0029263,42,-8.245499783722172,1.0,R.Wilson
2017_05_SEA_LA,SEA,00-0032475,1,-2.076302295550704,1.0,T.McEvoy
2017_05_SF_IND,IND,00-0033119,43,-1.1980083623202624,1.0,J.Brissett
2017_05_SF_IND,SF,00-0026625,48,14.966218616768014,0.0,B.Hoyer
2017_05_TEN_MIA,MIA,00-0024226,28,-11.887618047037963,1.0,J.Cutler
2017_05_TEN_MIA,MIA,00-0029878,1,-0.3691921569406986,0.0,M.Gray
2017_05_TEN_MIA,TEN,00-0023662,38,-15.802568767199519,0.0,M.Cassel
2017_06_CHI_BAL,BAL,00-0026158,45,-23.793702990320252,2.0,J.Flacco
2017_06_CHI_BAL,CHI,00-0033556,1,3.5461971901822835,0.0,T.Cohen
2017_06_CHI_BAL,CHI,00-0033869,22,-3.0708357585518566,0.0,M.Trubisky
2017_06_CLE_HOU,CLE,00-0032784,45,-23.55038628554365,3.0,K.Hogan
2017_06_CLE_HOU,HOU,00-0033537,32,-2.262321816342336,1.0,D.Watson
2017_06_DET_NO,DET,00-0026498,59,-24.41253963192662,3.0,M.Stafford
2017_06_DET_NO,NO,00-0020531,30,-10.26774504352171,2.0,D.Brees
2017_06_GB_MIN,GB,00-0023459,4,-1.6521385284140706,0.0,A.Rodgers
2017_06_GB_MIN,GB,00-0031589,38,-13.746125062908222,3.0,B.Hundley
2017_06_GB_MIN,MIN,00-0028986,39,-0.12706630782010375,1.0,C.Keenum
2017_06_IND_TEN,IND,00-0033119,41,-0.31841294154931843,0.0,J.Brissett
2017_06_IND_TEN,TEN,00-0032268,33,3.9585591114274186,1.0,M.Mariota
2017_06_LAC_OAK,LAC,00-0022942,37,7.914049455935111,0.0,P.Rivers
2017_06_LAC_OAK,LV,00-0031280,31,-7.787864608497189,2.0,D.Carr
2017_06_LA_JAX,JAX,00-0031407,42,-6.079005043325438,1.0,B.Bortles
2017_06_LA_JAX,LA,00-0033106,26,-3.185259124182476,0.0,J.Goff
2017_06_MIA_ATL,ATL,00-0026143,36,3.963621374824494,1.0,M.Ryan
2017_06_MIA_ATL,MIA,00-0024226,33,1.4348430730943975,1.0,J.Cutler
2017_06_NE_NYJ,NE,00-0019596,38,12.770783685792688,1.0,T.Brady
2017_06_NE_NYJ,NYJ,00-0021206,52,12.657744714495083,2.0,J.McCown
2017_06_NYG_DEN,DEN,00-0029682,3,0.0342344299715478,0.0,B.Osweiler
2017_06_NYG_DEN,DEN,00-0032156,55,-8.491210373470462,2.0,T.Siemian
2017_06_NYG_DEN,NYG,00-0022803,22,0.848180848257907,0.0,E.Manning
2017_06_PHI_CAR,CAR,00-0027939,57,-12.26055478555698,3.0,C.Newton
2017_06_PHI_CAR,PHI,00-0032950,35,-0.9808770131983673,0.0,C.Wentz
2017_06_PIT_KC,KC,00-0023436,39,0.34048775859105307,0.0,A.Smith
2017_06_PIT_KC,PIT,00-0022924,26,3.522620546116345,1.0,B.Roethlisberger
2017_06_SF_WAS,SF,00-0026625,12,-7.174072573892772,0.0,B.Hoyer
2017_06_SF_WAS,SF,00-0033936,39,7.5367883470761585,1.0,C.Beathard
2017_06_SF_WAS,WAS,00-0029604,39,19.95892335599985,1.0,K.Cousins
2017_06_TB_ARI,ARI,00-0021429,24,9.12084734262218,1.0,C.Palmer
2017_06_TB_ARI,TB,00-0023682,38,7.797120757226599,2.0,R.Fitzpatrick
2017_06_TB_ARI,TB,00-0031503,10,-0.7265593304764479,0.0,J.Winston
2017_07_ARI_LA,ARI,00-0021429,19,-4.548338713589814,1.0,C.Palmer
2017_07_ARI_LA,ARI,00-0025430,16,-10.600817758939229,1.0,D.Stanton
2017_07_ARI_LA,LA,00-0033106,39,3.6711409653480036,1.0,J.Goff
2017_07_ATL_NE,ATL,00-0026143,37,7.112736200893105,0.0,M.Ryan
2017_07_ATL_NE,NE,00-0019596,32,15.280169209471266,0.0,T.Brady
2017_07_BAL_MIN,BAL,00-0026158,44,-5.747244961660035,0.0,J.Flacco
2017_07_BAL_MIN,MIN,00-0028986,32,0.8237733441736514,1.0,C.Keenum
2017_07_CAR_CHI,CAR,00-0027939,43,-12.051122595101441,2.0,C.Newton
2017_07_CAR_CHI,CHI,00-0033869,12,-3.3314293884061525,0.0,M.Trubisky
2017_07_CIN_PIT,CIN,00-0027973,36,-10.009563300060108,2.0,A.Dalton
2017_07_CIN_PIT,PIT,00-0022924,24,5.661554440154264,0.0,B.Roethlisberger
2017_07_CIN_PIT,PIT,00-0028954,1,4.970928155875299,0.0,R.Golden
2017_07_DAL_SF,DAL,00-0033077,27,14.129709930726793,0.0,D.Prescott
2017_07_DAL_SF,DAL,00-0033662,2,-3.471498803177383,0.0,C.Rush
2017_07_DAL_SF,SF,00-0033936,45,-17.46157791137375,0.0,C.Beathard
2017_07_DEN_LAC,DEN,00-0032156,42,-14.066932315588929,1.0,T.Siemian
2017_07_DEN_LAC,LAC,00-0022942,29,0.8682070312206633,0.0,P.Rivers
2017_07_JAX_IND,IND,00-0033119,51,-14.272605164616834,0.0,J.Brissett
2017_07_JAX_IND,JAX,00-0031407,29,19.492479647167595,0.0,B.Bortles
2017_07_JAX_IND,JAX,00-0031431,1,-0.37339910480659455,0.0,M.Lee
2017_07_KC_OAK,KC,00-0023436,37,22.002175956677323,0.0,A.Smith
2017_07_KC_OAK,LV,00-0031280,53,21.57685598606889,0.0,D.Carr
2017_07_NO_GB,GB,00-0031589,28,-1.1354286268391502,1.0,B.Hundley
2017_07_NO_GB,NO,00-0020531,39,14.260343742037037,2.0,D.Brees
2017_07_NYJ_MIA,MIA,00-0024226,18,-0.6507385286677163,1.0,J.Cutler
2017_07_NYJ_MIA,MIA,00-0025708,22,4.10388650780078,1.0,M.Moore
2017_07_NYJ_MIA,NYJ,00-0021206,31,3.7301244283735286,1.0,J.McCown
2017_07_SEA_NYG,NYG,00-0022803,40,-17.5741615594878,0.0,E.Manning
2017_07_SEA_NYG,SEA,00-0029263,41,12.599911070624849,0.0,R.Wilson
2017_07_TB_BUF,BUF,00-0028118,37,14.559171380956823,0.0,T.Taylor
2017_07_TB_BUF,TB,00-0031503,45,20.889413243205887,1.0,J.Winston
2017_07_TEN_CLE,CLE,00-0033104,21,-5.765820941239768,1.0,C.Kessler
2017_07_TEN_CLE,CLE,00-0033899,20,-4.619222642221329,2.0,D.Kizer
2017_07_TEN_CLE,TEN,00-0032268,37,3.8307746177712394,0.0,M.Mariota
2017_07_WAS_PHI,PHI,00-0032950,32,18.472873484919354,1.0,C.Wentz
2017_07_WAS_PHI,WAS,00-0029604,45,3.78447123599428,1.0,K.Cousins
2017_08_ATL_NYJ,ATL,00-0026143,32,10.604217430553934,0.0,M.Ryan
2017_08_ATL_NYJ,NYJ,00-0021206,35,6.2267790159852945,0.0,J.McCown
2017_08_CAR_TB,CAR,00-0027939,34,-2.653738670849254,1.0,C.Newton
2017_08_CAR_TB,TB,00-0031503,44,-16.624994134220103,2.0,J.Winston
2017_08_CHI_NO,CHI,00-0033869,37,-5.976938939827024,1.0,M.Trubisky
2017_08_CHI_NO,NO,00-0020531,31,4.663997282999858,0.0,D.Brees
2017_08_DAL_WAS,DAL,00-0033077,25,0.1149968020983907,0.0,D.Prescott
2017_08_DAL_WAS,WAS,00-0029604,43,-6.489363234910867,1.0,K.Cousins
2017_08_DEN_KC,DEN,00-0032156,42,-12.126471023911364,3.0,T.Siemian
2017_08_DEN_KC,KC,00-0023436,34,-3.8445422701380307,0.0,A.Smith
2017_08_DEN_KC,KC,00-0033040,1,-5.1403229686548,1.0,T.Hill
2017_08_HOU_SEA,HOU,00-0033537,39,13.89660078956901,3.0,D.Watson
2017_08_HOU_SEA,SEA,00-0029263,45,17.540631556609373,1.0,R.Wilson
2017_08_IND_CIN,CIN,00-0027973,33,9.598075005485502,0.0,A.Dalton
2017_08_IND_CIN,IND,00-0033119,44,-4.621340094870575,1.0,J.Brissett
2017_08_LAC_NE,LAC,00-0022942,31,1.8997440665782133,1.0,P.Rivers
2017_08_LAC_NE,NE,00-0019596,50,9.12134471137032,0.0,T.Brady
2017_08_MIA_BAL,BAL,00-0026158,16,3.5738112840550005,0.0,J.Flacco
2017_08_MIA_BAL,BAL,00-0028012,8,-2.555913090545684,0.0,R.Mallett
2017_08_MIA_BAL,MIA,00-0025708,47,-31.46507013242271,2.0,M.Moore
2017_08_MIN_CLE,CLE,00-0033899,39,-12.31927577840391,0.0,D.Kizer
2017_08_MIN_CLE,MIN,00-0028986,44,6.244690908988787,1.0,C.Keenum
2017_08_OAK_BUF,BUF,00-0028118,28,7.532323801381379,0.0,T.Taylor
2017_08_OAK_BUF,LV,00-0031280,49,-0.3889545216807164,2.0,D.Carr
2017_08_PIT_DET,DET,00-0026498,48,8.741032108132803,0.0,M.Stafford
2017_08_PIT_DET,PIT,00-0022924,31,10.89399607959271,1.0,B.Roethlisberger
2017_08_SF_PHI,PHI,00-0032950,37,-4.488231615970863,1.0,C.Wentz
2017_08_SF_PHI,SF,00-0033936,45,-15.561412727501443,2.0,C.Beathard
2017_09_ARI_SF,ARI,00-0025430,30,1.8933407168359166,1.0,D.Stanton
2017_09_ARI_SF,SF,00-0033936,58,-13.847422323592207,1.0,C.Beathard
2017_09_ATL_CAR,ATL,00-0026143,40,-1.4847640123785597,1.0,M.Ryan
2017_09_ATL_CAR,CAR,00-0027939,27,0.44508671528241806,0.0,C.Newton
2017_09_BAL_TEN,BAL,00-0024417,1,5.173857766436413,0.0,S.Koch
2017_09_BAL_TEN,BAL,00-0026158,55,-0.34820794642189057,2.0,J.Flacco
2017_09_BAL_TEN,TEN,00-0032268,31,0.34774430590032956,1.0,M.Mariota
2017_09_BUF_NYJ,BUF,00-0028118,49,0.0349947442591656,0.0,T.Taylor
2017_09_BUF_NYJ,NYJ,00-0021206,23,9.406055048890664,0.0,J.McCown
2017_09_CIN_JAX,CIN,00-0027973,20,-2.327363280171994,0.0,A.Dalton
2017_09_CIN_JAX,JAX,00-0031407,39,14.275298346358749,0.0,B.Bortles
2017_09_DEN_PHI,DEN,00-0029682,41,-7.654836866442183,2.0,B.Osweiler
2017_09_DEN_PHI,PHI,00-0029567,2,-3.167179778305581,0.0,N.Foles
2017_09_DEN_PHI,PHI,00-0032950,29,15.4994021442632,0.0,C.Wentz
2017_09_DET_GB,DET,00-0026498,34,33.548489813344894,0.0,M.Stafford
2017_09_DET_GB,GB,00-0031589,42,-8.835258611940965,0.0,B.Hundley
2017_09_IND_HOU,HOU,00-0031064,46,-9.432338712141739,0.0,T.Savage
2017_09_IND_HOU,IND,00-0033119,34,1.9222135908352107,0.0,J.Brissett
2017_09_KC_DAL,DAL,00-0033077,36,14.082600225519855,0.0,D.Prescott
2017_09_KC_DAL,KC,00-0023436,39,2.513046311761654,1.0,A.Smith
2017_09_LA_NYG,LA,00-0033106,22,25.026323212862426,0.0,J.Goff
2017_09_LA_NYG,NYG,00-0022803,38,1.4746610939275193,1.0,E.Manning
2017_09_LA_NYG,NYG,00-0030565,2,-1.5587105160811916,0.0,G.Smith
2017_09_OAK_MIA,LV,00-0031280,31,11.993590778660966,1.0,D.Carr
2017_09_OAK_MIA,MIA,00-0024226,43,12.04316472443944,0.0,J.Cutler
2017_09_TB_NO,NO,00-0020531,29,12.418205638427292,0.0,D.Brees
2017_09_TB_NO,TB,00-0023682,19,-6.380376240964679,0.0,R.Fitzpatrick
2017_09_TB_NO,TB,00-0031503,16,-2.956512386131723,0.0,J.Winston
2017_09_WAS_SEA,SEA,00-0029263,55,-0.4642817678220288,2.0,R.Wilson
2017_09_WAS_SEA,WAS,00-0029604,38,0.3036429975007766,0.0,K.Cousins
2017_10_CIN_TEN,CIN,00-0027973,36,-3.3542790295323357,0.0,A.Dalton
2017_10_CIN_TEN,TEN,00-0032268,51,-2.259262451605839,1.0,M.Mariota
2017_10_CLE_DET,CLE,00-0033104,6,-7.127368705580011,0.0,C.Kessler
2017_10_CLE_DET,CLE,00-0033899,42,4.624215841941732,1.0,D.Kizer
2017_10_CLE_DET,DET,00-0026498,32,4.631748012386817,1.0,M.Stafford
2017_10_DAL_ATL,ATL,00-0026143,30,10.38711172970061,1.0,M.Ryan
2017_10_DAL_ATL,DAL,00-0033077,43,-9.210477813741491,0.0,D.Prescott
2017_10_GB_CHI,CHI,00-0033869,40,4.420296231509752,0.0,M.Trubisky
2017_10_GB_CHI,GB,00-0031589,29,8.08659494880709,0.0,B.Hundley
2017_10_HOU_LA,HOU,00-0031064,40,-17.639614767021328,2.0,T.Savage
2017_10_HOU_LA,LA,00-0028872,1,-2.2480251833912916,0.0,J.Hekker
2017_10_HOU_LA,LA,00-0033106,41,9.105452021938856,0.0,J.Goff
2017_10_LAC_JAX,JAX,00-0031407,58,-8.481447393071557,2.0,B.Bortles
2017_10_LAC_JAX,LAC,00-0022942,37,-0.29448160953295677,1.0,P.Rivers
2017_10_MIA_CAR,CAR,00-0027939,35,19.627076838909865,0.0,C.Newton
2017_10_MIA_CAR,MIA,00-0024226,37,5.466564233065583,1.0,J.Cutler
2017_10_MIN_WAS,MIN,00-0028986,30,14.871236544270346,2.0,C.Keenum
2017_10_MIN_WAS,WAS,00-0029604,47,2.718118909693492,1.0,K.Cousins
2017_10_NE_DEN,DEN,00-0029682,33,-0.6812333424444574,1.0,B.Osweiler
2017_10_NE_DEN,NE,00-0019596,35,11.874299223489622,0.0,T.Brady
2017_10_NE_DEN,NE,00-0026625,3,0.9090714501799084,0.0,B.Hoyer
2017_10_NO_BUF,BUF,00-0028118,22,-13.976349951922707,1.0,T.Taylor
2017_10_NO_BUF,BUF,00-0033958,10,5.084323030197993,0.0,N.Peterman
2017_10_NO_BUF,NO,00-0020531,26,15.359478012457316,0.0,D.Brees
2017_10_NYG_SF,NYG,00-0022803,40,8.579226597555866,0.0,E.Manning
2017_10_NYG_SF,SF,00-0033936,25,19.12749673188978,1.0,C.Beathard
2017_10_NYJ_TB,NYJ,00-0021206,45,-3.18204775598133,1.0,J.McCown
2017_10_NYJ_TB,TB,00-0023682,37,-2.6843118533391186,1.0,R.Fitzpatrick
2017_10_PIT_IND,IND,00-0033119,30,-1.6821907995012948,1.0,J.Brissett
2017_10_PIT_IND,PIT,00-0022924,34,6.772586726012802,1.0,B.Roethlisberger
2017_10_SEA_ARI,ARI,00-0025430,50,-2.0476796860124393,0.0,D.Stanton
2017_10_SEA_ARI,SEA,00-0029263,38,4.680974207978206,0.0,R.Wilson
2017_11_ARI_HOU,ARI,00-0027948,38,-0.9606924759864341,2.0,B.Gabbert
2017_11_ARI_HOU,HOU,00-0031064,34,0.3425992425798037,1.0,T.Savage
2017_11_ATL_SEA,ATL,00-0026143,29,14.845835512298006,0.0,M.Ryan
2017_11_ATL_SEA,SEA,00-0023742,1,-2.359139459207654,0.0,J.Ryan
2017_11_ATL_SEA,SEA,00-0029263,51,5.094389852144723,1.0,R.Wilson
2017_11_BAL_GB,BAL,00-0026158,31,-6.200586802511379,1.0,J.Flacco
2017_11_BAL_GB,GB,00-0031589,45,-27.057333070697496,3.0,B.Hundley
2017_11_BUF_LAC,BUF,00-0028118,26,3.28060568443645,0.0,T.Taylor
2017_11_BUF_LAC,BUF,00-0033958,15,-21.61270423338283,5.0,N.Peterman
2017_11_BUF_LAC,LAC,00-0022942,32,9.9312620272021,0.0,P.Rivers
2017_11_BUF_LAC,LAC,00-0024264,5,2.8222428977605887,0.0,K.Clemens
2017_11_CIN_DEN,CIN,00-0027973,27,4.951331271848176,0.0,A.Dalton
2017_11_CIN_DEN,DEN,00-0029682,49,-7.793690877837549,1.0,B.Osweiler
2017_11_DET_CHI,CHI,00-0033869,33,5.368524597850351,0.0,M.Trubisky
2017_11_DET_CHI,DET,00-0026498,36,9.730990229890457,0.0,M.Stafford
2017_11_JAX_CLE,CLE,00-0033899,39,-31.09804231999442,2.0,D.Kizer
2017_11_JAX_CLE,JAX,00-0031407,33,-5.522467291612194,0.0,B.Bortles
2017_11_KC_NYG,KC,00-0023436,45,-7.053758320265559,2.0,A.Smith
2017_11_KC_NYG,KC,00-0030506,1,-2.9973920532502234,1.0,T.Kelce
2017_11_KC_NYG,NYG,00-0022803,36,1.361912435598239,0.0,E.Manning
2017_11_KC_NYG,NYG,00-0027994,1,-4.046502808923833,1.0,S.Vereen
2017_11_LA_MIN,LA,00-0033106,39,1.3545572727452964,0.0,J.Goff
2017_11_LA_MIN,MIN,00-0028986,40,13.746695564030436,0.0,C.Keenum
2017_11_NE_OAK,LV,00-0031280,51,1.2870347862627822,1.0,D.Carr
2017_11_NE_OAK,NE,00-0019596,38,19.603818314353475,0.0,T.Brady
2017_11_PHI_DAL,DAL,00-0033077,35,-28.426936648700117,3.0,D.Prescott
2017_11_PHI_DAL,DAL,00-0033662,1,-0.8632725204806775,0.0,C.Rush
2017_11_PHI_DAL,PHI,00-0032950,29,8.198942392654795,0.0,C.Wentz
2017_11_TB_MIA,MIA,00-0024226,13,-8.461108925577719,3.0,J.Cutler
2017_11_TB_MIA,MIA,00-0025708,29,15.268213222874085,0.0,M.Moore
2017_11_TB_MIA,TB,00-0023682,40,6.906187041758157,0.0,R.Fitzpatrick
2017_11_TEN_PIT,PIT,00-0022924,49,11.891034118818443,0.0,B.Roethlisberger
2017_11_TEN_PIT,TEN,00-0027690,1,-0.8350026871776208,0.0,E.Decker
2017_11_TEN_PIT,TEN,00-0032268,39,-7.364254315501272,4.0,M.Mariota
2017_11_WAS_NO,NO,00-0020531,42,10.002459161229982,1.0,D.Brees
2017_11_WAS_NO,WAS,00-0029604,37,16.186573512849385,0.0,K.Cousins
2017_12_BUF_KC,BUF,00-0028118,34,3.8469717287505327,0.0,T.Taylor
2017_12_BUF_KC,KC,00-0023436,41,-10.449744255914638,1.0,A.Smith
2017_12_CAR_NYJ,CAR,00-0027939,33,-1.132906986792114,0.0,C.Newton
2017_12_CAR_NYJ,NYJ,00-0021206,39,-3.2617556750832986,0.0,J.McCown
2017_12_CHI_PHI,CHI,00-0033869,37,-12.269633543904048,2.0,M.Trubisky
2017_12_CHI_PHI,PHI,00-0029567,3,1.861009058135096,0.0,N.Foles
2017_12_CHI_PHI,PHI,00-0032950,40,7.418049023218859,0.0,C.Wentz
2017_12_CLE_CIN,CIN,00-0027973,31,8.117917721469887,0.0,A.Dalton
2017_12_CLE_CIN,CLE,00-0033104,2,-2.3957767167594284,0.0,C.Kessler
2017_12_CLE_CIN,CLE,00-0033899,39,4.814663156758384,0.0,D.Kizer
2017_12_DEN_OAK,DEN,00-0032156,24,9.934022984001786,0.0,T.Siemian
2017_12_DEN_OAK,DEN,00-0033108,19,-15.365237146499567,1.0,P.Lynch
2017_12_DEN_OAK,LV,00-0031280,26,5.922512447454405,0.0,D.Carr
2017_12_GB_PIT,GB,00-0031589,31,11.293789368781825,0.0,B.Hundley
2017_12_GB_PIT,PIT,00-0022924,50,15.929468300223927,2.0,B.Roethlisberger
2017_12_HOU_BAL,BAL,00-0024417,1,4.251229121990036,0.0,S.Koch
2017_12_HOU_BAL,BAL,00-0026158,36,-10.045631881964708,0.0,J.Flacco
2017_12_HOU_BAL,HOU,00-0031064,39,-3.9748324062772458,2.0,T.Savage
2017_12_JAX_ARI,ARI,00-0027948,44,-5.076076282844998,1.0,B.Gabbert
2017_12_JAX_ARI,JAX,00-0031407,35,-9.168628514981036,1.0,B.Bortles
2017_12_LAC_DAL,DAL,00-0033077,30,-15.713460903512779,2.0,D.Prescott
2017_12_LAC_DAL,LAC,00-0022942,33,31.32698382298488,0.0,P.Rivers
2017_12_MIA_NE,MIA,00-0025708,42,-8.077994458893937,2.0,M.Moore
2017_12_MIA_NE,NE,00-0019596,29,8.555890520452522,1.0,T.Brady
2017_12_MIN_DET,DET,00-0026498,38,-1.3114170372890666,1.0,M.Stafford
2017_12_MIN_DET,MIN,00-0028986,35,17.41891277694053,0.0,C.Keenum
2017_12_NO_LA,LA,00-0033106,47,8.368471322942261,1.0,J.Goff
2017_12_NO_LA,LA,00-0033908,1,-0.39829582814127207,0.0,C.Kupp
2017_12_NO_LA,NO,00-0020531,36,-1.0229061812952311,0.0,D.Brees
2017_12_NYG_WAS,NYG,00-0022803,32,-17.59151643853373,1.0,E.Manning
2017_12_NYG_WAS,WAS,00-0029604,38,-9.779880424292571,1.0,K.Cousins
2017_12_SEA_SF,SEA,00-0029263,38,6.187899959103875,1.0,R.Wilson
2017_12_SEA_SF,SF,00-0031345,3,4.0860416777431965,0.0,J.Garoppolo
2017_12_SEA_SF,SF,00-0033936,42,-16.13067830565733,1.0,C.Beathard
2017_12_TB_ATL,ATL,00-0026143,34,16.551115344977536,0.0,M.Ryan
2017_12_TB_ATL,ATL,00-0029632,1,4.45806786720641,0.0,M.Sanu
2017_12_TB_ATL,TB,00-0023682,47,3.9906763411991757,0.0,R.Fitzpatrick
2017_12_TEN_IND,IND,00-0033119,38,-4.444256499568411,0.0,J.Brissett
2017_12_TEN_IND,TEN,00-0032268,26,-1.9861145530738202,2.0,M.Mariota
2017_13_CAR_NO,CAR,00-0027939,31,0.7801371262758039,0.0,C.Newton
2017_13_CAR_NO,CAR,00-0031363,1,-2.962943117134273,0.0,M.Palardy
2017_13_CAR_NO,NO,00-0020531,37,5.945060637199179,0.0,D.Brees
2017_13_CLE_LAC,CLE,00-0033899,36,-2.605926652833672,1.0,D.Kizer
2017_13_CLE_LAC,LAC,00-0022942,44,15.237301395890091,0.0,P.Rivers
2017_13_DEN_MIA,DEN,00-0032156,47,-27.82122318836942,3.0,T.Siemian
2017_13_DEN_MIA,MIA,00-0024226,34,-8.312142421329812,2.0,J.Cutler
2017_13_DEN_MIA,MIA,00-0031076,1,-1.250685332575813,0.0,D.Fales
2017_13_DET_BAL,BAL,00-0026158,36,5.921441111052124,0.0,J.Flacco
2017_13_DET_BAL,DET,00-0026498,34,7.297819886208087,1.0,M.Stafford
2017_13_DET_BAL,DET,00-0032431,5,-6.670547595946118,1.0,J.Rudock
2017_13_HOU_TEN,HOU,00-0031064,52,10.450919974418495,1.0,T.Savage
2017_13_HOU_TEN,TEN,00-0032268,28,3.7560640632348856,0.0,M.Mariota
2017_13_IND_JAX,IND,00-0033119,43,-6.444025092272748,2.0,J.Brissett
2017_13_IND_JAX,JAX,00-0029304,2,3.5463922925265505,0.0,B.Nortman
2017_13_IND_JAX,JAX,00-0031407,39,20.391494544086168,0.0,B.Bortles
2017_13_KC_NYJ,KC,00-0023436,36,21.80788416056772,0.0,A.Smith
2017_13_KC_NYJ,NYJ,00-0021206,38,21.8618396341254,0.0,J.McCown
2017_13_LA_ARI,ARI,00-0027948,42,-16.779526364033828,2.0,B.Gabbert
2017_13_LA_ARI,LA,00-0033106,32,3.680347383150889,1.0,J.Goff
2017_13_MIN_ATL,ATL,00-0026143,30,-1.429531228146944,0.0,M.Ryan
2017_13_MIN_ATL,MIN,00-0028986,33,4.831079839845188,0.0,C.Keenum
2017_13_NE_BUF,BUF,00-0027796,1,-0.6011579819023609,0.0,J.Webb
2017_13_NE_BUF,BUF,00-0028118,24,-9.385513754995413,1.0,T.Taylor
2017_13_NE_BUF,BUF,00-0033958,17,-11.862297413521446,0.0,N.Peterman
2017_13_NE_BUF,NE,00-0019596,33,12.500992370592707,1.0,T.Brady
2017_13_NYG_OAK,LV,00-0031280,37,11.903667229448697,0.0,D.Carr
2017_13_NYG_OAK,NYG,00-0030565,40,-8.415804400715505,0.0,G.Smith
2017_13_PHI_SEA,PHI,00-0032950,49,2.9563010365328957,1.0,C.Wentz
2017_13_PHI_SEA,SEA,00-0029263,35,9.383787620841758,0.0,R.Wilson
2017_13_PIT_CIN,CIN,00-0027973,38,6.775319388563315,0.0,A.Dalton
2017_13_PIT_CIN,PIT,00-0022924,41,2.2311750000430015,1.0,B.Roethlisberger
2017_13_SF_CHI,CHI,00-0033869,20,-0.676009681134019,0.0,M.Trubisky
2017_13_SF_CHI,SF,00-0031345,40,11.541542457983207,1.0,J.Garoppolo
2017_13_TB_GB,GB,00-0031589,28,-6.864670464685293,1.0,B.Hundley
2017_13_TB_GB,TB,00-0031503,41,0.8385878836026261,0.0,J.Winston
2017_13_WAS_DAL,DAL,00-0033077,27,-1.0543757918759877,0.0,D.Prescott
2017_13_WAS_DAL,WAS,00-0029604,43,-5.437511752359569,2.0,K.Cousins
2017_14_BAL_PIT,BAL,00-0026158,35,7.845589233846143,1.0,J.Flacco
2017_14_BAL_PIT,PIT,00-0022924,68,17.19431179794907,0.0,B.Roethlisberger
2017_14_CHI_CIN,CHI,00-0033869,33,13.559397022297835,0.0,M.Trubisky
2017_14_CHI_CIN,CIN,00-0027973,31,-8.73703612072859,1.0,A.Dalton
2017_14_CHI_CIN,CIN,00-0031288,9,-3.588688193820417,0.0,A.McCarron
2017_14_DAL_NYG,DAL,00-0033077,33,17.654850869585147,0.0,D.Prescott
2017_14_DAL_NYG,NYG,00-0022803,46,-8.96089992224006,2.0,E.Manning
2017_14_DET_TB,DET,00-0026498,44,15.384567710687406,2.0,M.Stafford
2017_14_DET_TB,TB,00-0031503,42,2.044632141274633,2.0,J.Winston
2017_14_GB_CLE,CLE,00-0033899,31,7.7994700538693,2.0,D.Kizer
2017_14_GB_CLE,GB,00-0031589,50,15.001247322972631,0.0,B.Hundley
2017_14_IND_BUF,BUF,00-0027796,6,-4.634323290665634,1.0,J.Webb
2017_14_IND_BUF,BUF,00-0033958,10,0.31460530997719616,0.0,N.Peterman
2017_14_IND_BUF,IND,00-0033119,24,-4.1584576379391365,0.0,J.Brissett
2017_14_MIN_CAR,CAR,00-0027939,27,-2.4591487874859013,1.0,C.Newton
2017_14_MIN_CAR,MIN,00-0028986,56,-6.641308520438065,2.0,C.Keenum
2017_14_NE_MIA,MIA,00-0024226,41,3.023850638670925,0.0,J.Cutler
2017_14_NE_MIA,NE,00-0019596,45,-6.7076675817192335,2.0,T.Brady
2017_14_NO_ATL,ATL,00-0026143,29,-4.105686549787036,3.0,M.Ryan
2017_14_NO_ATL,NO,00-0020531,37,1.38071291474031,1.0,D.Brees
2017_14_NYJ_DEN,DEN,00-0032156,35,3.5760967953995273,0.0,T.Siemian
2017_14_NYJ_DEN,NYJ,00-0021206,17,-13.526593883056194,1.0,J.McCown
2017_14_NYJ_DEN,NYJ,00-0031568,10,-7.821248080930673,0.0,B.Petty
2017_14_OAK_KC,KC,00-0023436,41,2.997256101741757,1.0,A.Smith
2017_14_OAK_KC,LV,00-0031280,45,-6.773784868957475,2.0,D.Carr
2017_14_PHI_LA,LA,00-0033106,29,0.5125966499617789,0.0,J.Goff
2017_14_PHI_LA,PHI,00-0029567,11,-1.756526941373584,0.0,N.Foles
2017_14_PHI_LA,PHI,00-0032950,45,18.46889563478965,1.0,C.Wentz
2017_14_SEA_JAX,JAX,00-0031407,28,10.601605981089449,0.0,B.Bortles
2017_14_SEA_JAX,SEA,00-0029263,35,1.192200723151986,3.0,R.Wilson
2017_14_SF_HOU,HOU,00-0028090,30,6.450742868016587,0.0,T.Yates
2017_14_SF_HOU,HOU,00-0031064,14,-6.310458829250883,0.0,T.Savage
2017_14_SF_HOU,SF,00-0031345,35,8.171844672945662,1.0,J.Garoppolo
2017_14_TEN_ARI,ARI,00-0027948,36,-8.104656378369114,0.0,B.Gabbert
2017_14_TEN_ARI,TEN,00-0032268,35,-15.737788512752012,2.0,M.Mariota
2017_14_WAS_LAC,LAC,00-0022942,33,11.45789111252813,0.0,P.Rivers
2017_14_WAS_LAC,LAC,00-0024264,3,-12.563038175867405,1.0,K.Clemens
2017_14_WAS_LAC,WAS,00-0029604,31,-9.622904865304008,1.0,K.Cousins
2017_15_ARI_WAS,ARI,00-0027948,48,-22.50504738822412,1.0,B.Gabbert
2017_15_ARI_WAS,WAS,00-0029604,28,3.1659455670387295,0.0,K.Cousins
2017_15_ATL_TB,ATL,00-0026143,35,9.67259106793264,0.0,M.Ryan
2017_15_ATL_TB,TB,00-0031503,38,14.71720826649107,0.0,J.Winston
2017_15_BAL_CLE,BAL,00-0026158,43,5.592744440860102,0.0,J.Flacco
2017_15_BAL_CLE,CLE,00-0033899,43,-18.981811049352768,2.0,D.Kizer
2017_15_CHI_DET,CHI,00-0033869,48,-2.6628818094813305,3.0,M.Trubisky
2017_15_CHI_DET,DET,00-0026498,37,1.0709030662151982,0.0,M.Stafford
2017_15_CIN_MIN,CIN,00-0027973,25,-21.273937300546095,2.0,A.Dalton
2017_15_CIN_MIN,CIN,00-0031288,6,0.9996580987353809,0.0,A.McCarron
2017_15_CIN_MIN,MIN,00-0028986,26,7.5364672682508695,0.0,C.Keenum
2017_15_CIN_MIN,MIN,00-0031237,2,-7.34884924441576,1.0,T.Bridgewater
2017_15_DAL_OAK,DAL,00-0033077,31,0.6938575240167504,2.0,D.Prescott
2017_15_DAL_OAK,LV,00-0031280,41,2.6085555923706076,0.0,D.Carr
2017_15_DEN_IND,DEN,00-0029682,20,19.82203615052856,0.0,B.Osweiler
2017_15_DEN_IND,DEN,00-0032156,11,-2.449862783018034,1.0,T.Siemian
2017_15_DEN_IND,IND,00-0033119,35,-1.6183053046813032,0.0,J.Brissett
2017_15_GB_CAR,CAR,00-0027939,36,15.289328798635768,0.0,C.Newton
2017_15_GB_CAR,GB,00-0023459,52,2.276620979826741,3.0,A.Rodgers
2017_15_HOU_JAX,HOU,00-0028090,35,-14.010838781483471,1.0,T.Yates
2017_15_HOU_JAX,JAX,00-0031407,30,18.676863357374373,0.0,B.Bortles
2017_15_LAC_KC,KC,00-0023436,33,5.7387019986561345,0.0,A.Smith
2017_15_LAC_KC,LAC,00-0022942,38,-6.735179257171694,3.0,P.Rivers
2017_15_LA_SEA,LA,00-0032245,2,-3.449966907617636,0.0,S.Mannion
2017_15_LA_SEA,LA,00-0033106,23,2.0717904986092606,1.0,J.Goff
2017_15_LA_SEA,SEA,00-0029263,42,-17.911308203532826,0.0,R.Wilson
2017_15_MIA_BUF,BUF,00-0028118,35,7.353701884887414,0.0,T.Taylor
2017_15_MIA_BUF,MIA,00-0024226,53,-8.246533710993411,3.0,J.Cutler
2017_15_NE_PIT,NE,00-0019596,38,7.43092020876137,1.0,T.Brady
2017_15_NE_PIT,PIT,00-0022924,34,13.070426703541003,1.0,B.Roethlisberger
2017_15_NYJ_NO,NO,00-0020531,36,7.444066824993925,1.0,D.Brees
2017_15_NYJ_NO,NYJ,00-0031568,43,-9.549436470752724,2.0,B.Petty
2017_15_PHI_NYG,NYG,00-0022803,59,10.026504860071192,1.0,E.Manning
2017_15_PHI_NYG,PHI,00-0029567,39,10.507238372306917,0.0,N.Foles
2017_15_TEN_SF,SF,00-0031345,45,15.160048412800716,0.0,J.Garoppolo
2017_15_TEN_SF,TEN,00-0032268,34,13.17899999576806,0.0,M.Mariota
2017_16_ATL_NO,ATL,00-0026143,42,4.8685417817579335,1.0,M.Ryan
2017_16_ATL_NO,NO,00-0020531,29,-3.0042819757945836,1.0,D.Brees
2017_16_BUF_NE,BUF,00-0028118,46,-4.212485891706077,0.0,T.Taylor
2017_16_BUF_NE,NE,00-0019596,30,2.78524678916712,1.0,T.Brady
2017_16_CLE_CHI,CHI,00-0033869,32,0.9432449178420939,0.0,M.Trubisky
2017_16_CLE_CHI,CLE,00-0033899,40,-12.219786924583094,2.0,D.Kizer
2017_16_DEN_WAS,DEN,00-0029682,46,-18.540391188217647,1.0,B.Osweiler
2017_16_DEN_WAS,WAS,00-0029604,39,10.090192990016075,1.0,K.Cousins
2017_16_DET_CIN,CIN,00-0027973,44,-1.0887844029639577,1.0,A.Dalton
2017_16_DET_CIN,DET,00-0026498,38,-5.591478741868893,1.0,M.Stafford
2017_16_IND_BAL,BAL,00-0026158,40,8.093921982114939,0.0,J.Flacco
2017_16_IND_BAL,IND,00-0033119,37,6.603615181179455,0.0,J.Brissett
2017_16_JAX_SF,JAX,00-0031407,55,1.635727083588229,3.0,B.Bortles
2017_16_JAX_SF,SF,00-0031345,32,12.720005159578832,1.0,J.Garoppolo
2017_16_LAC_NYJ,LAC,00-0022942,40,6.853066385218666,0.0,P.Rivers
2017_16_LAC_NYJ,NYJ,00-0031568,34,-11.435981845483184,1.0,B.Petty
2017_16_LA_TEN,LA,00-0028872,1,-3.4150009765289724,0.0,J.Hekker
2017_16_LA_TEN,LA,00-0033106,40,15.356659644126847,0.0,J.Goff
2017_16_LA_TEN,TEN,00-0032268,42,-1.0754472473827659,1.0,M.Mariota
2017_16_MIA_KC,KC,00-0023436,42,17.062995149800233,0.0,A.Smith
2017_16_MIA_KC,MIA,00-0024226,38,5.971212622820581,0.0,J.Cutler
2017_16_MIN_GB,GB,00-0031589,45,-22.216434427769855,2.0,B.Hundley
2017_16_MIN_GB,MIN,00-0028986,28,-3.1143215295718942,0.0,C.Keenum
2017_16_NYG_ARI,ARI,00-0022921,1,1.2412540030200034,0.0,L.Fitzgerald
2017_16_NYG_ARI,ARI,00-0025430,36,-6.939217711624622,2.0,D.Stanton
2017_16_NYG_ARI,NYG,00-0022803,48,-20.127277092949953,2.0,E.Manning
2017_16_OAK_PHI,LV,00-0031280,32,-16.196513875526268,2.0,D.Carr
2017_16_OAK_PHI,PHI,00-0029567,40,-16.282053964658594,1.0,N.Foles
2017_16_PIT_HOU,HOU,00-0028090,23,-15.28579797927523,1.0,T.Yates
2017_16_PIT_HOU,HOU,00-0031800,3,-1.6910453299060464,0.0,T.Heinicke
2017_16_PIT_HOU,PIT,00-0022924,29,13.048886514433265,0.0,B.Roethlisberger
2017_16_PIT_HOU,PIT,00-0030524,1,-1.0639554047957063,0.0,L.Jones
2017_16_SEA_DAL,DAL,00-0033077,40,-13.285955099105845,2.0,D.Prescott
2017_16_SEA_DAL,SEA,00-0029263,26,-0.2132031515648123,0.0,R.Wilson
2017_16_TB_CAR,CAR,00-0023645,1,-1.3662371939913975,0.0,D.Anderson
2017_16_TB_CAR,CAR,00-0027939,30,-10.436617679610912,1.0,C.Newton
2017_16_TB_CAR,TB,00-0031503,35,8.57762138517471,0.0,J.Winston
2017_17_ARI_SEA,ARI,00-0025430,35,-4.9507820117468935,1.0,D.Stanton
2017_17_ARI_SEA,SEA,00-0029263,35,0.32918452326007763,0.0,R.Wilson
2017_17_BUF_MIA,BUF,00-0028118,35,10.335210445017124,0.0,T.Taylor
2017_17_BUF_MIA,MIA,00-0024226,2,-1.1445422610267997,0.0,J.Cutler
2017_17_BUF_MIA,MIA,00-0031076,46,-1.707368845989076,1.0,D.Fales
2017_17_CAR_ATL,ATL,00-0026143,47,7.184460977560141,0.0,M.Ryan
2017_17_CAR_ATL,CAR,00-0027939,39,-12.495548169382237,3.0,C.Newton
2017_17_CHI_MIN,CHI,00-0033556,1,-0.4769312294665724,0.0,T.Cohen
2017_17_CHI_MIN,CHI,00-0033869,38,-18.40206086293337,0.0,M.Trubisky
2017_17_CHI_MIN,MIN,00-0028986,31,-0.9685739275725087,0.0,C.Keenum
2017_17_CIN_BAL,BAL,00-0026158,48,-18.082896414938254,1.0,J.Flacco
2017_17_CIN_BAL,CIN,00-0027973,44,2.6749739483106794,0.0,A.Dalton
2017_17_CLE_PIT,CLE,00-0033899,41,12.022551898666471,1.0,D.Kizer
2017_17_CLE_PIT,PIT,00-0030524,30,-2.7689164524781518,1.0,L.Jones
2017_17_DAL_PHI,DAL,00-0033077,33,1.2934051443007775,0.0,D.Prescott
2017_17_DAL_PHI,PHI,00-0029567,11,-7.927666953764856,1.0,N.Foles
2017_17_DAL_PHI,PHI,00-0032792,27,-8.7072476936155,0.0,N.Sudfeld
2017_17_GB_DET,DET,00-0026498,32,10.062605948961211,0.0,M.Stafford
2017_17_GB_DET,DET,00-0027891,1,1.053,0.0,G.Tate
2017_17_GB_DET,GB,00-0028002,1,0.6066524784546345,0.0,R.Cobb
2017_17_GB_DET,GB,00-0031589,30,-11.678634972405078,2.0,B.Hundley
2017_17_GB_DET,GB,00-0032630,7,-3.5542538697482087,0.0,J.Callahan
2017_17_HOU_IND,HOU,00-0028090,27,0.610387516814078,1.0,T.Yates
2017_17_HOU_IND,IND,00-0033119,29,1.9883709183514837,0.0,J.Brissett
2017_17_JAX_TEN,JAX,00-0031407,36,-10.849873733320756,2.0,B.Bortles
2017_17_JAX_TEN,TEN,00-0032268,28,-1.1188508621465338,0.0,M.Mariota
2017_17_KC_DEN,DEN,00-0033108,39,-4.251774366037365,2.0,P.Lynch
2017_17_KC_DEN,KC,00-0030151,1,-1.1561214048415422,0.0,T.Bray
2017_17_KC_DEN,KC,00-0033873,39,8.138479683729523,1.0,P.Mahomes
2017_17_NO_TB,NO,00-0020531,32,8.964781196312355,0.0,D.Brees
2017_17_NO_TB,TB,00-0031503,59,13.365635200936952,3.0,J.Winston
2017_17_NYJ_NE,NE,00-0019596,39,-2.1985605307714358,0.0,T.Brady
2017_17_NYJ_NE,NE,00-0026625,3,-2.6543952613137662,0.0,B.Hoyer
2017_17_NYJ_NE,NYJ,00-0031568,40,-1.905546386102316,0.0,B.Petty
2017_17_OAK_LAC,LAC,00-0022942,39,20.023209623035918,0.0,P.Rivers
2017_17_OAK_LAC,LV,00-0031280,31,-1.0285284479262358,1.0,D.Carr
2017_17_SF_LA,LA,00-0032245,37,-12.42569298083562,0.0,S.Mannion
2017_17_SF_LA,SF,00-0031345,33,8.718401678609933,2.0,J.Garoppolo
2017_17_WAS_NYG,NYG,00-0022803,31,-13.648675634970548,1.0,E.Manning
2017_17_WAS_NYG,WAS,00-0029604,40,-22.48400423504512,3.0,K.Cousins
2018_01_ATL_PHI,ATL,00-0026143,49,-10.77664500154659,1.0,M.Ryan
2018_01_ATL_PHI,PHI,00-0029567,36,-11.164289463953674,1.0,N.Foles
2018_01_ATL_PHI,PHI,00-0031549,1,1.931480368715711,0.0,N.Agholor
2018_01_BUF_BAL,BAL,00-0026158,36,8.984330046490426,0.0,J.Flacco
2018_01_BUF_BAL,BAL,00-0034796,6,-2.3669420848600566,0.0,L.Jackson
2018_01_BUF_BAL,BUF,00-0033958,22,-24.76722254026013,2.0,N.Peterman
2018_01_BUF_BAL,BUF,00-0034857,20,-1.8173398104063643,0.0,J.Allen
2018_01_CHI_GB,CHI,00-0033869,43,-5.282999347885013,0.0,M.Trubisky
2018_01_CHI_GB,GB,00-0023459,33,10.229146669982685,0.0,A.Rodgers
2018_01_CHI_GB,GB,00-0033899,9,-7.904370742791798,1.0,D.Kizer
2018_01_CIN_IND,CIN,00-0027973,32,3.152558836321816,1.0,A.Dalton
2018_01_CIN_IND,IND,00-0029668,56,8.977687318429933,1.0,A.Luck
2018_01_DAL_CAR,CAR,00-0027939,29,-1.3400009997712914,0.0,C.Newton
2018_01_DAL_CAR,DAL,00-0033077,39,-8.005905783104943,0.0,D.Prescott
2018_01_HOU_NE,HOU,00-0033537,42,-4.949233257501255,1.0,D.Watson
2018_01_HOU_NE,NE,00-0019596,41,8.182893924308008,1.0,T.Brady
2018_01_JAX_NYG,JAX,00-0031407,35,-4.5525169594935315,1.0,B.Bortles
2018_01_JAX_NYG,NYG,00-0022803,40,-12.206362025155498,1.0,E.Manning
2018_01_KC_LAC,KC,00-0033873,29,13.670489196864477,0.0,P.Mahomes
2018_01_KC_LAC,LAC,00-0022942,54,16.117956372414145,1.0,P.Rivers
2018_01_LA_OAK,LA,00-0033106,34,5.476922014947328,0.0,J.Goff
2018_01_LA_OAK,LV,00-0031280,42,-12.793296280159,3.0,D.Carr
2018_01_NYJ_DET,DET,00-0023662,6,-8.034381276112981,1.0,M.Cassel
2018_01_NYJ_DET,DET,00-0026498,47,-15.625543369776615,4.0,M.Stafford
2018_01_NYJ_DET,NYJ,00-0034869,23,7.283899776113685,1.0,S.Darnold
2018_01_PIT_CLE,CLE,00-0028118,53,-12.242904009850463,1.0,T.Taylor
2018_01_PIT_CLE,PIT,00-0022924,46,-4.277149996528773,3.0,B.Roethlisberger
2018_01_SEA_DEN,DEN,00-0028986,40,-3.8372416100535447,3.0,C.Keenum
2018_01_SEA_DEN,SEA,00-0029263,40,5.22007204108203,2.0,R.Wilson
2018_01_SF_MIN,MIN,00-0029604,43,0.00013954432877705258,0.0,K.Cousins
2018_01_SF_MIN,SF,00-0031345,38,-12.925663177773336,3.0,J.Garoppolo
2018_01_TB_NO,NO,00-0020531,47,23.326555751027698,0.0,D.Brees
2018_01_TB_NO,TB,00-0023682,34,29.23419809481573,0.0,R.Fitzpatrick
2018_01_TEN_MIA,MIA,00-0029701,29,2.210084789735221,2.0,R.Tannehill
2018_01_TEN_MIA,TEN,00-0027948,22,-6.951273646496702,1.0,B.Gabbert
2018_01_TEN_MIA,TEN,00-0032268,17,-10.585951674459764,2.0,M.Mariota
2018_01_WAS_ARI,ARI,00-0027854,38,-14.440175142706604,1.0,S.Bradford
2018_01_WAS_ARI,WAS,00-0023436,36,12.737418283715321,0.0,A.Smith
2018_02_ARI_LA,ARI,00-0027854,28,-13.068715461879037,1.0,S.Bradford
2018_02_ARI_LA,LA,00-0033106,35,16.00131085128291,1.0,J.Goff
2018_02_BAL_CIN,BAL,00-0026158,59,-8.579040785211859,2.0,J.Flacco
2018_02_BAL_CIN,CIN,00-0027973,42,9.404591333770956,0.0,A.Dalton
2018_02_CAR_ATL,ATL,00-0026143,31,16.700484944856726,1.0,M.Ryan
2018_02_CAR_ATL,CAR,00-0027939,50,6.1476761077618125,1.0,C.Newton
2018_02_CLE_NO,CLE,00-0028118,35,-0.5967242764878464,1.0,T.Taylor
2018_02_CLE_NO,NO,00-0020531,38,3.469323783522916,0.0,D.Brees
2018_02_DET_SF,DET,00-0026498,56,6.104848764150461,0.0,M.Stafford
2018_02_DET_SF,SF,00-0031345,33,5.697173190875681,0.0,J.Garoppolo
2018_02_HOU_TEN,HOU,00-0033537,39,8.723790291341912,1.0,D.Watson
2018_02_HOU_TEN,TEN,00-0027948,21,-0.5225280869957727,0.0,B.Gabbert
2018_02_HOU_TEN,TEN,00-0032764,1,0.44136215187609196,0.0,D.Henry
2018_02_HOU_TEN,TEN,00-0033132,1,7.646471031475812,0.0,K.Byard
2018_02_IND_WAS,IND,00-0029668,33,0.15816884580999613,2.0,A.Luck
2018_02_IND_WAS,WAS,00-0023436,49,1.314583041729101,0.0,A.Smith
2018_02_KC_PIT,KC,00-0033873,31,30.25522594730137,0.0,P.Mahomes
2018_02_KC_PIT,PIT,00-0022924,64,19.25488344315989,0.0,B.Roethlisberger
2018_02_LAC_BUF,BUF,00-0034857,40,-0.8706561732549334,2.0,J.Allen
2018_02_LAC_BUF,LAC,00-0022942,30,18.10088932496577,0.0,P.Rivers
2018_02_MIA_NYJ,MIA,00-0029701,27,-5.637412711221259,0.0,R.Tannehill
2018_02_MIA_NYJ,NYJ,00-0034869,45,-6.472341291466057,2.0,S.Darnold
2018_02_MIN_GB,GB,00-0023459,47,3.2909939417263425,0.0,A.Rodgers
2018_02_MIN_GB,MIN,00-0029604,53,15.174183062404154,1.0,K.Cousins
2018_02_NE_JAX,JAX,00-0031407,50,23.239634456242168,1.0,B.Bortles
2018_02_NE_JAX,NE,00-0019596,38,6.823103810007666,0.0,T.Brady
2018_02_NYG_DAL,DAL,00-0033077,25,-2.1361278085322812,0.0,D.Prescott
2018_02_NYG_DAL,NYG,00-0022803,51,-7.751126950866045,0.0,E.Manning
2018_02_OAK_DEN,DEN,00-0028986,37,-0.7536554581161239,1.0,C.Keenum
2018_02_OAK_DEN,LV,00-0031280,33,10.02736494758944,0.0,D.Carr
2018_02_PHI_TB,PHI,00-0029567,51,-3.697017179174674,0.0,N.Foles
2018_02_PHI_TB,TB,00-0023682,35,19.270699014305137,1.0,R.Fitzpatrick
2018_02_SEA_CHI,CHI,00-0033869,39,-0.6111309580263651,2.0,M.Trubisky
2018_02_SEA_CHI,SEA,00-0029263,42,-10.254800545546459,1.0,R.Wilson
2018_03_BUF_MIN,BUF,00-0034857,29,10.738542666579294,0.0,J.Allen
2018_03_BUF_MIN,MIN,00-0029604,61,-21.952352836393285,1.0,K.Cousins
2018_03_CHI_ARI,ARI,00-0027854,22,-4.122015894157812,2.0,S.Bradford
2018_03_CHI_ARI,ARI,00-0034343,9,-0.6012002498027869,1.0,J.Rosen
2018_03_CHI_ARI,CHI,00-0033869,40,-3.17452156567355,1.0,M.Trubisky
2018_03_CIN_CAR,CAR,00-0027939,27,3.663279678381514,0.0,C.Newton
2018_03_CIN_CAR,CIN,00-0027973,47,3.470906215868595,4.0,A.Dalton
2018_03_DAL_SEA,DAL,00-0033077,40,-12.81068300966113,2.0,D.Prescott
2018_03_DAL_SEA,SEA,00-0029263,28,8.012911418506341,0.0,R.Wilson
2018_03_DEN_BAL,BAL,00-0026158,41,6.409745048640063,0.0,J.Flacco
2018_03_DEN_BAL,DEN,00-0028986,37,-7.07734198088292,1.0,C.Keenum
2018_03_GB_WAS,GB,00-0023459,49,-3.9591979146926173,0.0,A.Rodgers
2018_03_GB_WAS,GB,00-0034162,1,-0.6521800860646181,0.0,J.Scott
2018_03_GB_WAS,WAS,00-0023436,24,7.21965340222232,1.0,A.Smith
2018_03_IND_PHI,IND,00-0029668,43,-9.157433551278963,0.0,A.Luck
2018_03_IND_PHI,IND,00-0033119,1,-0.1577712714788504,0.0,J.Brissett
2018_03_IND_PHI,PHI,00-0032950,44,-6.1954825882795745,1.0,C.Wentz
2018_03_LAC_LA,LA,00-0033106,38,22.08431281203163,1.0,J.Goff
2018_03_LAC_LA,LAC,00-0022942,31,9.17517190068802,0.0,P.Rivers
2018_03_LAC_LA,LAC,00-0030279,1,-1.5853307330980897,0.0,K.Allen
2018_03_NE_DET,DET,00-0026498,37,5.605460242904645,1.0,M.Stafford
2018_03_NE_DET,NE,00-0019596,28,-10.869922926241998,1.0,T.Brady
2018_03_NO_ATL,ATL,00-0026143,43,22.004088284826373,0.0,M.Ryan
2018_03_NO_ATL,NO,00-0020531,51,21.322133565966958,0.0,D.Brees
2018_03_NYG_HOU,HOU,00-0033537,47,16.17765535220756,1.0,D.Watson
2018_03_NYG_HOU,NYG,00-0022803,33,15.53474240148605,0.0,E.Manning
2018_03_NYJ_CLE,CLE,00-0028118,18,-9.03680728841573,0.0,T.Taylor
2018_03_NYJ_CLE,CLE,00-0031382,1,1.053,0.0,J.Landry
2018_03_NYJ_CLE,CLE,00-0034855,24,9.266856938987313,0.0,B.Mayfield
2018_03_NYJ_CLE,NYJ,00-0034869,33,-2.0185071221248907,2.0,S.Darnold
2018_03_OAK_MIA,LV,00-0031280,42,9.376027565700332,2.0,D.Carr
2018_03_OAK_MIA,MIA,00-0029701,26,14.442236728267744,0.0,R.Tannehill
2018_03_OAK_MIA,MIA,00-0030669,1,4.3519763082731515,0.0,A.Wilson
2018_03_PIT_TB,PIT,00-0022924,41,12.520667470851526,1.0,B.Roethlisberger
2018_03_PIT_TB,TB,00-0023682,57,7.604226704425583,3.0,R.Fitzpatrick
2018_03_SF_KC,KC,00-0033873,41,20.74804479255195,0.0,P.Mahomes
2018_03_SF_KC,SF,00-0031345,37,8.571284784886814,0.0,J.Garoppolo
2018_03_TEN_JAX,JAX,00-0031407,40,-6.600861742390791,0.0,B.Bortles
2018_03_TEN_JAX,TEN,00-0027948,5,-3.64401145465672,0.0,B.Gabbert
2018_03_TEN_JAX,TEN,00-0032268,24,1.0912835840921584,0.0,M.Mariota
2018_04_BAL_PIT,BAL,00-0026158,44,11.536173811514567,0.0,J.Flacco
2018_04_BAL_PIT,PIT,00-0022924,49,-5.851337649511663,1.0,B.Roethlisberger
2018_04_BUF_GB,BUF,00-0034857,43,-21.14158437855076,2.0,J.Allen
2018_04_BUF_GB,GB,00-0023459,46,2.7360712499888002,1.0,A.Rodgers
2018_04_CIN_ATL,ATL,00-0026143,43,16.958076102897977,0.0,M.Ryan
2018_04_CIN_ATL,CIN,00-0027973,47,15.971314216322533,1.0,A.Dalton
2018_04_CLE_OAK,CLE,00-0034855,46,-3.2649030349992056,2.0,B.Mayfield
2018_04_CLE_OAK,LV,00-0031280,61,4.069611852877148,2.0,D.Carr
2018_04_DET_DAL,DAL,00-0033077,31,8.030378406450588,0.0,D.Prescott
2018_04_DET_DAL,DET,00-0026498,34,16.30507113527192,0.0,M.Stafford
2018_04_HOU_IND,HOU,00-0033537,50,11.221497462336352,1.0,D.Watson
2018_04_HOU_IND,IND,00-0029668,70,11.987612420165357,0.0,A.Luck
2018_04_KC_DEN,DEN,00-0028986,37,-5.368589956611619,1.0,C.Keenum
2018_04_KC_DEN,KC,00-0033873,47,11.538037768946833,0.0,P.Mahomes
2018_04_MIA_NE,MIA,00-0029682,6,6.0783943115966395,0.0,B.Osweiler
2018_04_MIA_NE,MIA,00-0029701,22,-12.372161184815923,1.0,R.Tannehill
2018_04_MIA_NE,NE,00-0019596,35,11.914712483420145,2.0,T.Brady
2018_04_MIN_LA,LA,00-0028872,1,-2.717895060777664,0.0,J.Hekker
2018_04_MIN_LA,LA,00-0033106,35,27.754719100698384,0.0,J.Goff
2018_04_MIN_LA,MIN,00-0029604,57,16.261492215400523,0.0,K.Cousins
2018_04_NO_NYG,NO,00-0020531,33,5.2123040438362835,0.0,D.Brees
2018_04_NO_NYG,NO,00-0033357,2,2.545289164816495,0.0,T.Hill
2018_04_NO_NYG,NYG,00-0022803,46,5.867951785505182,0.0,E.Manning
2018_04_NYJ_JAX,JAX,00-0031407,43,17.554007816856746,1.0,B.Bortles
2018_04_NYJ_JAX,NYJ,00-0034869,40,-8.987807567138894,0.0,S.Darnold
2018_04_PHI_TEN,PHI,00-0032950,56,2.958512236438613,0.0,C.Wentz
2018_04_PHI_TEN,TEN,00-0032268,49,11.950258708713537,1.0,M.Mariota
2018_04_SEA_ARI,ARI,00-0034343,30,4.19801696255485,0.0,J.Rosen
2018_04_SEA_ARI,SEA,00-0029263,29,-1.367652191555531,0.0,R.Wilson
2018_04_SF_LAC,LAC,00-0022942,41,-1.05004021060819,1.0,P.Rivers
2018_04_SF_LAC,SF,00-0033936,42,-2.9019122140278304,2.0,C.Beathard
2018_04_TB_CHI,CHI,00-0033869,28,25.63880185041499,0.0,M.Trubisky
2018_04_TB_CHI,TB,00-0023682,20,-6.230911494878396,1.0,R.Fitzpatrick
2018_04_TB_CHI,TB,00-0031503,23,2.7156889197649434,2.0,J.Winston
2018_05_ARI_SF,ARI,00-0034343,25,-3.6385559572372586,0.0,J.Rosen
2018_05_ARI_SF,SF,00-0033936,61,-5.345163438915327,2.0,C.Beathard
2018_05_ATL_PIT,ATL,00-0022787,7,-2.4365082403528504,0.0,M.Schaub
2018_05_ATL_PIT,ATL,00-0026143,45,0.3259119300546063,0.0,M.Ryan
2018_05_ATL_PIT,PIT,00-0022924,31,12.628763596178032,1.0,B.Roethlisberger
2018_05_BAL_CLE,BAL,00-0026158,59,-9.579532732295085,1.0,J.Flacco
2018_05_BAL_CLE,BAL,00-0034796,1,-0.49082890385761857,0.0,L.Jackson
2018_05_BAL_CLE,CLE,00-0034855,49,-2.7481229834882006,1.0,B.Mayfield
2018_05_DAL_HOU,DAL,00-0033077,33,-4.596870862274011,2.0,D.Prescott
2018_05_DAL_HOU,HOU,00-0033537,51,5.72892115992044,1.0,D.Watson
2018_05_DEN_NYJ,DEN,00-0028986,56,-1.5007869123036794,1.0,C.Keenum
2018_05_DEN_NYJ,NYJ,00-0034869,23,3.9209119713375697,1.0,S.Darnold
2018_05_GB_DET,DET,00-0026498,29,7.110421192929359,0.0,M.Stafford
2018_05_GB_DET,GB,00-0023459,60,14.58092610808111,0.0,A.Rodgers
2018_05_IND_NE,IND,00-0029668,60,5.489264950767945,2.0,A.Luck
2018_05_IND_NE,NE,00-0019596,44,9.879804473090307,2.0,T.Brady
2018_05_JAX_KC,JAX,00-0031407,68,-16.095017243816983,4.0,B.Bortles
2018_05_JAX_KC,KC,00-0033873,41,10.743089833284978,2.0,P.Mahomes
2018_05_LA_SEA,LA,00-0033106,35,11.369545578258112,2.0,J.Goff
2018_05_LA_SEA,SEA,00-0029263,23,8.241571439912867,0.0,R.Wilson
2018_05_MIA_CIN,CIN,00-0027973,34,0.6068005587172416,1.0,A.Dalton
2018_05_MIA_CIN,MIA,00-0029701,37,-14.633197465736885,2.0,R.Tannehill
2018_05_MIN_PHI,MIN,00-0029604,39,10.214356421319149,0.0,K.Cousins
2018_05_MIN_PHI,PHI,00-0032950,41,-0.13152676577447275,0.0,C.Wentz
2018_05_NYG_CAR,CAR,00-0027939,37,-0.7227635784419761,2.0,C.Newton
2018_05_NYG_CAR,NYG,00-0022803,38,3.3095842299078226,2.0,E.Manning
2018_05_NYG_CAR,NYG,00-0031235,1,5.627907112706453,0.0,O.Beckham
2018_05_OAK_LAC,LAC,00-0022942,28,19.1448427965183,0.0,P.Rivers
2018_05_OAK_LAC,LV,00-0031280,35,0.2982697746383618,1.0,D.Carr
2018_05_TEN_BUF,BUF,00-0034721,1,-2.963832698354963,0.0,C.Bojorquez
2018_05_TEN_BUF,BUF,00-0034857,22,-6.932534208461027,1.0,J.Allen
2018_05_TEN_BUF,TEN,00-0032268,30,-1.9232442393703901,1.0,M.Mariota
2018_05_WAS_NO,NO,00-0020531,32,26.503057763678953,0.0,D.Brees
2018_05_WAS_NO,WAS,00-0023436,43,-10.305790173137076,1.0,A.Smith
2018_06_ARI_MIN,ARI,00-0034343,35,-11.858432476811934,1.0,J.Rosen
2018_06_ARI_MIN,MIN,00-0029604,38,-12.809940174254052,1.0,K.Cousins
2018_06_BAL_TEN,BAL,00-0026158,38,9.959941884677391,1.0,J.Flacco
2018_06_BAL_TEN,TEN,00-0032268,28,-10.720472480054013,0.0,M.Mariota
2018_06_BUF_HOU,BUF,00-0033958,13,-5.486211082116753,2.0,N.Peterman
2018_06_BUF_HOU,BUF,00-0034857,23,-4.660875007730088,0.0,J.Allen
2018_06_BUF_HOU,HOU,00-0030564,1,-0.4455960457562469,0.0,D.Hopkins
2018_06_BUF_HOU,HOU,00-0033537,33,-16.94928094489819,2.0,D.Watson
2018_06_CAR_WAS,CAR,00-0027939,44,10.764121081784188,1.0,C.Newton
2018_06_CAR_WAS,WAS,00-0023436,42,-6.728732208234613,0.0,A.Smith
2018_06_CHI_MIA,CHI,00-0033869,36,12.197910457616672,1.0,M.Trubisky
2018_06_CHI_MIA,MIA,00-0029682,45,9.637567307704895,2.0,B.Osweiler
2018_06_IND_NYJ,IND,00-0029668,45,-5.004960002370729,3.0,A.Luck
2018_06_IND_NYJ,NYJ,00-0034869,33,12.881813056552428,1.0,S.Darnold
2018_06_JAX_DAL,DAL,00-0033077,37,6.151043700004866,0.0,D.Prescott
2018_06_JAX_DAL,JAX,00-0031407,31,-12.791259071731474,1.0,B.Bortles
2018_06_KC_NE,KC,00-0033873,37,8.641257490072626,2.0,P.Mahomes
2018_06_KC_NE,NE,00-0019596,38,4.636791962517056,0.0,T.Brady
2018_06_LAC_CLE,CLE,00-0034855,53,-22.516928569927703,2.0,B.Mayfield
2018_06_LAC_CLE,LAC,00-0022942,21,4.576883916219231,1.0,P.Rivers
2018_06_LAC_CLE,LAC,00-0030565,1,0.24944937998060945,0.0,G.Smith
2018_06_LA_DEN,DEN,00-0028986,44,1.2510607374968004,1.0,C.Keenum
2018_06_LA_DEN,LA,00-0033106,35,-2.7414621896777116,1.0,J.Goff
2018_06_PHI_NYG,NYG,00-0022803,47,-15.449423364383255,1.0,E.Manning
2018_06_PHI_NYG,PHI,00-0032950,39,20.498015734339635,0.0,C.Wentz
2018_06_PIT_CIN,CIN,00-0027973,45,4.625507544435095,0.0,A.Dalton
2018_06_PIT_CIN,PIT,00-0022924,47,20.10177144029413,0.0,B.Roethlisberger
2018_06_SEA_OAK,LV,00-0031280,40,-10.102017479603106,0.0,D.Carr
2018_06_SEA_OAK,SEA,00-0029263,26,14.394281542304071,1.0,R.Wilson
2018_06_SF_GB,GB,00-0023459,51,8.27456339102708,0.0,A.Rodgers
2018_06_SF_GB,SF,00-0033936,28,11.665140882395745,1.0,C.Beathard
2018_06_TB_ATL,ATL,00-0026143,43,18.76624299072346,0.0,M.Ryan
2018_06_TB_ATL,TB,00-0031503,46,14.374017629882982,2.0,J.Winston
2018_07_BUF_IND,BUF,00-0023645,33,-22.78009707366518,3.0,D.Anderson
2018_07_BUF_IND,IND,00-0029668,24,9.939102923497558,0.0,A.Luck
2018_07_CAR_PHI,CAR,00-0027939,45,10.29278938732762,0.0,C.Newton
2018_07_CAR_PHI,PHI,00-0032950,41,6.500292709377525,0.0,C.Wentz
2018_07_CIN_KC,CIN,00-0027973,31,-11.209622573272936,1.0,A.Dalton
2018_07_CIN_KC,CIN,00-0032436,5,2.67040609306423,0.0,J.Driskel
2018_07_CIN_KC,KC,00-0033873,43,22.926911167091507,1.0,P.Mahomes
2018_07_CLE_TB,CLE,00-0034855,42,-2.163081213948317,0.0,B.Mayfield
2018_07_CLE_TB,TB,00-0031503,63,0.47690045872057085,2.0,J.Winston
2018_07_DAL_WAS,DAL,00-0033077,44,3.1318481101722635,0.0,D.Prescott
2018_07_DAL_WAS,WAS,00-0023436,29,5.330270390497096,0.0,A.Smith
2018_07_DEN_ARI,ARI,00-0034343,46,-37.0386979155159,3.0,J.Rosen
2018_07_DEN_ARI,DEN,00-0027685,1,2.5614739569136873,0.0,E.Sanders
2018_07_DEN_ARI,DEN,00-0028986,24,0.6374542359553113,1.0,C.Keenum
2018_07_DET_MIA,DET,00-0026498,24,14.721880399574433,0.0,M.Stafford
2018_07_DET_MIA,MIA,00-0029682,36,8.256564352664725,0.0,B.Osweiler
2018_07_HOU_JAX,HOU,00-0033537,28,1.1416873588562333,0.0,D.Watson
2018_07_HOU_JAX,JAX,00-0031407,17,-8.414297380542848,0.0,B.Bortles
2018_07_HOU_JAX,JAX,00-0033104,36,-4.953669557580724,1.0,C.Kessler
2018_07_LA_SF,LA,00-0033106,26,9.00999414161291,0.0,J.Goff
2018_07_LA_SF,SF,00-0033936,35,-21.5474015801164,2.0,C.Beathard
2018_07_MIN_NYJ,MIN,00-0029604,41,2.2275522055612367,0.0,K.Cousins
2018_07_MIN_NYJ,NYJ,00-0034869,47,-25.432236888426246,3.0,S.Darnold
2018_07_NE_CHI,CHI,00-0033869,57,4.6178166516107,2.0,M.Trubisky
2018_07_NE_CHI,NE,00-0019596,38,14.334146248429962,1.0,T.Brady
2018_07_NO_BAL,BAL,00-0026158,40,7.772040934942197,0.0,J.Flacco
2018_07_NO_BAL,BAL,00-0034796,1,-0.41335801791504334,0.0,L.Jackson
2018_07_NO_BAL,NO,00-0020531,31,7.135005423553389,0.0,D.Brees
2018_07_NYG_ATL,ATL,00-0026143,42,17.43686496719754,0.0,M.Ryan
2018_07_NYG_ATL,NYG,00-0022803,44,11.89039108969845,0.0,E.Manning
2018_07_TEN_LAC,LAC,00-0022942,28,15.844671225181626,0.0,P.Rivers
2018_07_TEN_LAC,TEN,00-0032268,40,9.314663930776932,1.0,M.Mariota
2018_08_BAL_CAR,BAL,00-0026158,42,-5.564979076909367,2.0,J.Flacco
2018_08_BAL_CAR,BAL,00-0034796,5,2.8064767416217364,0.0,L.Jackson
2018_08_BAL_CAR,CAR,00-0027939,35,9.66096856074012,0.0,C.Newton
2018_08_BAL_CAR,CAR,00-0031800,1,1.4484938479023595,0.0,T.Heinicke
2018_08_CLE_PIT,CLE,00-0034855,40,-4.206958419700013,1.0,B.Mayfield
2018_08_CLE_PIT,PIT,00-0022924,37,7.951697156204814,1.0,B.Roethlisberger
2018_08_DEN_KC,DEN,00-0028986,40,0.6937117381072491,1.0,C.Keenum
2018_08_DEN_KC,KC,00-0033873,37,11.83090509759495,1.0,P.Mahomes
2018_08_GB_LA,GB,00-0023459,34,6.388380361250059,0.0,A.Rodgers
2018_08_GB_LA,LA,00-0028872,1,3.1472080661915243,0.0,J.Hekker
2018_08_GB_LA,LA,00-0033106,44,7.997884151799231,0.0,J.Goff
2018_08_IND_OAK,IND,00-0029668,32,17.670837791753748,0.0,A.Luck
2018_08_IND_OAK,LV,00-0031280,28,12.651435397157911,0.0,D.Carr
2018_08_MIA_HOU,HOU,00-0033537,21,17.460767280193977,0.0,D.Watson
2018_08_MIA_HOU,MIA,00-0026035,1,2.501789590693079,0.0,D.Amendola
2018_08_MIA_HOU,MIA,00-0029682,39,-8.614925193329219,1.0,B.Osweiler
2018_08_NE_BUF,BUF,00-0023645,42,-15.817688984526141,1.0,D.Anderson
2018_08_NE_BUF,BUF,00-0033958,2,-0.5690811207750812,0.0,N.Peterman
2018_08_NE_BUF,NE,00-0019596,48,9.140867015529457,0.0,T.Brady
2018_08_NO_MIN,MIN,00-0029604,44,2.9989076465717517,1.0,K.Cousins
2018_08_NO_MIN,NO,00-0020531,23,1.0721144459177,1.0,D.Brees
2018_08_NO_MIN,NO,00-0033357,1,3.2023138132644817,0.0,T.Hill
2018_08_NYJ_CHI,CHI,00-0033869,34,10.73890314351063,0.0,M.Trubisky
2018_08_NYJ_CHI,NYJ,00-0034869,32,1.2870405005047667,0.0,S.Darnold
2018_08_PHI_JAX,JAX,00-0031407,52,4.330651512789917,0.0,B.Bortles
2018_08_PHI_JAX,PHI,00-0032950,37,10.895657317955813,1.0,C.Wentz
2018_08_SEA_DET,DET,00-0026498,44,3.5577868834370747,1.0,M.Stafford
2018_08_SEA_DET,SEA,00-0029263,19,15.82408848463092,0.0,R.Wilson
2018_08_SF_ARI,ARI,00-0034343,46,1.2030368358683772,1.0,J.Rosen
2018_08_SF_ARI,SF,00-0033936,34,-5.518731890389995,0.0,C.Beathard
2018_08_TB_CIN,CIN,00-0027973,37,9.597434012364829,0.0,A.Dalton
2018_08_TB_CIN,TB,00-0023682,18,15.19997229043432,0.0,R.Fitzpatrick
2018_08_TB_CIN,TB,00-0031503,43,-6.68379057726894,4.0,J.Winston
2018_08_WAS_NYG,NYG,00-0022803,53,-8.306000293513426,2.0,E.Manning
2018_08_WAS_NYG,WAS,00-0023436,33,3.975035466973912,0.0,A.Smith
2018_09_ATL_WAS,ATL,00-0026143,40,18.923770569705358,1.0,M.Ryan
2018_09_ATL_WAS,WAS,00-0023436,50,-0.531546258542221,1.0,A.Smith
2018_09_CHI_BUF,BUF,00-0033958,60,-15.967020341968361,3.0,N.Peterman
2018_09_CHI_BUF,CHI,00-0033869,21,-2.312383003528693,1.0,M.Trubisky
2018_09_DET_MIN,DET,00-0026498,49,-14.162789365892374,0.0,M.Stafford
2018_09_DET_MIN,MIN,00-0029604,23,1.9268558672206395,1.0,K.Cousins
2018_09_GB_NE,GB,00-0023459,47,4.270983257846112,0.0,A.Rodgers
2018_09_GB_NE,NE,00-0019596,37,0.21164952870348497,0.0,T.Brady
2018_09_GB_NE,NE,00-0027150,1,3.39579070644686,0.0,J.Edelman
2018_09_HOU_DEN,DEN,00-0028986,44,6.57698734996063,0.0,C.Keenum
2018_09_HOU_DEN,HOU,00-0033537,34,10.26080324340784,0.0,D.Watson
2018_09_KC_CLE,CLE,00-0028118,1,2.6865233868011273,0.0,T.Taylor
2018_09_KC_CLE,CLE,00-0034855,47,-0.36893101324944233,1.0,B.Mayfield
2018_09_KC_CLE,KC,00-0033873,34,23.96357305633208,1.0,P.Mahomes
2018_09_LAC_SEA,LAC,00-0022942,29,6.554091712213432,0.0,P.Rivers
2018_09_LAC_SEA,SEA,00-0029263,45,-6.060527511916051,1.0,R.Wilson
2018_09_LA_NO,LA,00-0033106,44,15.507669938337465,1.0,J.Goff
2018_09_LA_NO,NO,00-0020531,38,24.404638051712936,0.0,D.Brees
2018_09_LA_NO,NO,00-0033357,1,2.4720175181282684,0.0,T.Hill
2018_09_NYJ_MIA,MIA,00-0029682,29,-7.845355359590496,0.0,B.Osweiler
2018_09_NYJ_MIA,NYJ,00-0034869,43,-17.504837171157885,4.0,S.Darnold
2018_09_OAK_SF,LV,00-0031280,30,-3.2585706042888196,0.0,D.Carr
2018_09_OAK_SF,LV,00-0031288,4,-2.6052306575584225,0.0,A.McCarron
2018_09_OAK_SF,SF,00-0033319,22,18.613880079083966,0.0,N.Mullens
2018_09_PIT_BAL,BAL,00-0026158,39,-2.3622778386763557,0.0,J.Flacco
2018_09_PIT_BAL,BAL,00-0034796,1,1.2236330843297765,0.0,L.Jackson
2018_09_PIT_BAL,PIT,00-0022924,49,16.522216099094596,0.0,B.Roethlisberger
2018_09_PIT_BAL,PIT,00-0033949,1,2.4286538404412568,0.0,J.Dobbs
2018_09_TB_CAR,CAR,00-0027939,28,7.208458355016774,0.0,C.Newton
2018_09_TB_CAR,TB,00-0023682,47,5.659636375319678,2.0,R.Fitzpatrick
2018_09_TB_CAR,TB,00-0029692,1,-2.9034433721681125,0.0,B.Anger
2018_09_TEN_DAL,DAL,00-0029000,1,-0.48140335240168497,0.0,C.Beasley
2018_09_TEN_DAL,DAL,00-0033077,38,-4.255721037360036,1.0,D.Prescott
2018_09_TEN_DAL,TEN,00-0032268,35,12.727067688484258,0.0,M.Mariota
2018_10_ARI_KC,ARI,00-0034343,44,-10.97917525054072,2.0,J.Rosen
2018_10_ARI_KC,KC,00-0033873,35,7.533081482929856,0.0,P.Mahomes
2018_10_ATL_CLE,ATL,00-0026143,56,8.175265279527686,0.0,M.Ryan
2018_10_ATL_CLE,CLE,00-0034253,1,-6.418368357233703,1.0,D.Hilliard
2018_10_ATL_CLE,CLE,00-0034855,22,20.98570404871134,0.0,B.Mayfield
2018_10_BUF_NYJ,BUF,00-0030533,26,14.352384895724782,0.0,M.Barkley
2018_10_BUF_NYJ,BUF,00-0031260,1,3.8066323082894087,0.0,L.Thomas
2018_10_BUF_NYJ,NYJ,00-0021206,38,-21.321337851104843,2.0,J.McCown
2018_10_CAR_PIT,CAR,00-0027939,34,-4.6398615020443685,1.0,C.Newton
2018_10_CAR_PIT,PIT,00-0022924,28,30.269656905209807,0.0,B.Roethlisberger
2018_10_CAR_PIT,PIT,00-0033949,2,-2.208423664327711,0.0,J.Dobbs
2018_10_DAL_PHI,DAL,00-0033077,42,6.928742776228129,0.0,D.Prescott
2018_10_DAL_PHI,PHI,00-0032950,46,0.14911195271431588,1.0,C.Wentz
2018_10_DET_CHI,CHI,00-0033869,34,19.412397860295645,0.0,M.Trubisky
2018_10_DET_CHI,DET,00-0026498,52,-2.3168478526925247,2.0,M.Stafford
2018_10_JAX_IND,IND,00-0029668,29,13.604582106700613,1.0,A.Luck
2018_10_JAX_IND,JAX,00-0031407,40,18.20439727350798,0.0,B.Bortles
2018_10_JAX_IND,JAX,00-0034437,1,2.7448694991180673,0.0,L.Cooke
2018_10_LAC_OAK,LAC,00-0022942,28,6.63417975008388,1.0,P.Rivers
2018_10_LAC_OAK,LV,00-0031280,42,-11.7921699676726,0.0,D.Carr
2018_10_MIA_GB,GB,00-0023459,33,2.883841416899868,0.0,A.Rodgers
2018_10_MIA_GB,MIA,00-0029682,43,-14.723644009817397,1.0,B.Osweiler
2018_10_NE_TEN,NE,00-0019596,43,-3.8374553441630472,0.0,T.Brady
2018_10_NE_TEN,NE,00-0026625,1,-0.1665413943119347,0.0,B.Hoyer
2018_10_NE_TEN,NE,00-0027150,1,-0.22058557346463203,0.0,J.Edelman
2018_10_NE_TEN,TEN,00-0031972,1,1.2712851711548865,0.0,D.Jennings
2018_10_NE_TEN,TEN,00-0032268,27,8.742357900273433,0.0,M.Mariota
2018_10_NO_CIN,CIN,00-0027973,24,-14.328886630944908,2.0,A.Dalton
2018_10_NO_CIN,CIN,00-0032436,3,2.6286861146218143,0.0,J.Driskel
2018_10_NO_CIN,NO,00-0020531,25,23.49721505539941,0.0,D.Brees
2018_10_NO_CIN,NO,00-0031237,1,-1.166729175427918,0.0,T.Bridgewater
2018_10_NO_CIN,NO,00-0033357,1,-0.31077154900413007,0.0,T.Hill
2018_10_NYG_SF,NYG,00-0022803,32,5.522762064498597,0.0,E.Manning
2018_10_NYG_SF,SF,00-0033319,37,0.09542037916356216,2.0,N.Mullens
2018_10_SEA_LA,LA,00-0033106,42,11.978514888711986,0.0,J.Goff
2018_10_SEA_LA,SEA,00-0029263,35,7.289723856951274,0.0,R.Wilson
2018_10_WAS_TB,TB,00-0023682,49,1.1915465227047646,2.0,R.Fitzpatrick
2018_10_WAS_TB,WAS,00-0023436,31,2.608595196895852,0.0,A.Smith
2018_11_CAR_DET,CAR,00-0027939,42,12.646087393932014,1.0,C.Newton
2018_11_CAR_DET,CAR,00-0031800,1,-1.411477031186223,0.0,T.Heinicke
2018_11_CAR_DET,DET,00-0026498,39,2.637382358864539,0.0,M.Stafford
2018_11_CIN_BAL,BAL,00-0034796,25,-5.112080865471597,1.0,L.Jackson
2018_11_CIN_BAL,CIN,00-0027973,39,5.970160236292125,0.0,A.Dalton
2018_11_CIN_BAL,CIN,00-0033009,1,-0.5125943651655689,0.0,T.Boyd
2018_11_DAL_ATL,ATL,00-0026143,37,0.6264150064561504,1.0,M.Ryan
2018_11_DAL_ATL,DAL,00-0033077,34,2.963848625025069,0.0,D.Prescott
2018_11_DEN_LAC,DEN,00-0028986,31,-1.0404215566522907,0.0,C.Keenum
2018_11_DEN_LAC,DEN,00-0034064,1,3.3937394814565778,0.0,C.Wadman
2018_11_DEN_LAC,LAC,00-0022942,46,14.037894401295228,2.0,P.Rivers
2018_11_GB_SEA,GB,00-0023459,36,10.027804695806521,0.0,A.Rodgers
2018_11_GB_SEA,SEA,00-0029263,35,4.827757162711432,0.0,R.Wilson
2018_11_HOU_WAS,HOU,00-0033537,29,-2.01020198881974,2.0,D.Watson
2018_11_HOU_WAS,WAS,00-0023436,33,-15.747818344796542,2.0,A.Smith
2018_11_HOU_WAS,WAS,00-0027688,15,0.5704387860209745,0.0,C.McCoy
2018_11_KC_LA,KC,00-0033873,54,8.40490767598385,3.0,P.Mahomes
2018_11_KC_LA,LA,00-0033106,56,11.606727728232134,0.0,J.Goff
2018_11_MIN_CHI,CHI,00-0033869,39,4.226565033621652,2.0,M.Trubisky
2018_11_MIN_CHI,MIN,00-0029604,51,-0.6284019114296288,2.0,K.Cousins
2018_11_OAK_ARI,ARI,00-0034343,21,-7.715039451024495,2.0,J.Rosen
2018_11_OAK_ARI,LV,00-0031280,33,0.2818591852586705,0.0,D.Carr
2018_11_PHI_NO,NO,00-0020531,30,28.4637937453532,0.0,D.Brees
2018_11_PHI_NO,NO,00-0033357,2,0.5003072316758335,0.0,T.Hill
2018_11_PHI_NO,PHI,00-0032950,36,-19.630945391312707,3.0,C.Wentz
2018_11_PIT_JAX,JAX,00-0031407,26,-3.6601404566629774,0.0,B.Bortles
2018_11_PIT_JAX,PIT,00-0022924,48,-7.898149376051035,3.0,B.Roethlisberger
2018_11_TB_NYG,NYG,00-0022803,22,9.771985462246118,0.0,E.Manning
2018_11_TB_NYG,TB,00-0023682,24,-7.459435872035101,3.0,R.Fitzpatrick
2018_11_TB_NYG,TB,00-0031503,20,17.517427030659746,1.0,J.Winston
2018_11_TEN_IND,IND,00-0029668,29,21.505083721945994,0.0,A.Luck
2018_11_TEN_IND,IND,00-0031387,1,-1.6242491749035612,0.0,E.Ebron
2018_11_TEN_IND,IND,00-0033119,2,-2.613399479072541,0.0,J.Brissett
2018_11_TEN_IND,TEN,00-0027948,17,0.4178435573987187,1.0,B.Gabbert
2018_11_TEN_IND,TEN,00-0032268,20,-3.579380923532881,1.0,M.Mariota
2018_12_ARI_LAC,ARI,00-0034343,21,-9.888509871679387,1.0,J.Rosen
2018_12_ARI_LAC,LAC,00-0022942,34,13.074773670145078,0.0,P.Rivers
2018_12_ARI_LAC,LAC,00-0030565,4,-2.0561604201985184,0.0,G.Smith
2018_12_ATL_NO,ATL,00-0026143,55,7.869172581407212,1.0,M.Ryan
2018_12_ATL_NO,NO,00-0020531,23,4.905633606712139,1.0,D.Brees
2018_12_ATL_NO,NO,00-0033357,2,-0.7561969820526429,0.0,T.Hill
2018_12_CHI_DET,CHI,00-0026544,43,3.343906983911879,0.0,C.Daniel
2018_12_CHI_DET,CHI,00-0034353,1,1.5813229362247512,0.0,A.Miller
2018_12_CHI_DET,DET,00-0026498,41,-12.199781228877258,2.0,M.Stafford
2018_12_CLE_CIN,CIN,00-0027973,18,3.564287806036601,1.0,A.Dalton
2018_12_CLE_CIN,CIN,00-0032436,32,0.8518196503864601,0.0,J.Driskel
2018_12_CLE_CIN,CLE,00-0034855,27,22.581454171275254,0.0,B.Mayfield
2018_12_GB_MIN,GB,00-0023459,32,-4.14451807138907,0.0,A.Rodgers
2018_12_GB_MIN,MIN,00-0029604,42,10.818198602078962,0.0,K.Cousins
2018_12_JAX_BUF,BUF,00-0034857,26,8.187470532138832,0.0,J.Allen
2018_12_JAX_BUF,JAX,00-0031407,31,-8.370182863329934,2.0,B.Bortles
2018_12_MIA_IND,IND,00-0029668,39,13.667308616086757,2.0,A.Luck
2018_12_MIA_IND,IND,00-0033119,1,2.093132859270554,0.0,J.Brissett
2018_12_MIA_IND,MIA,00-0029701,27,6.372776311202801,0.0,R.Tannehill
2018_12_NE_NYJ,NE,00-0019596,31,15.240787663503898,0.0,T.Brady
2018_12_NE_NYJ,NYJ,00-0021206,49,-0.43247473507794165,1.0,J.McCown
2018_12_NYG_PHI,NYG,00-0022803,40,8.17802180981563,1.0,E.Manning
2018_12_NYG_PHI,PHI,00-0032950,31,8.937418870068285,0.0,C.Wentz
2018_12_OAK_BAL,BAL,00-0034796,27,-0.6991698656944307,2.0,L.Jackson
2018_12_OAK_BAL,LV,00-0031280,37,-3.9071444824260144,0.0,D.Carr
2018_12_PIT_DEN,DEN,00-0028986,30,2.9398188243503682,0.0,C.Keenum
2018_12_PIT_DEN,PIT,00-0022924,60,13.145466031659353,2.0,B.Roethlisberger
2018_12_PIT_DEN,PIT,00-0027793,1,-0.45709213684313,0.0,A.Brown
2018_12_PIT_DEN,PIT,00-0031136,1,3.991391037561698,0.0,C.Boswell
2018_12_SEA_CAR,CAR,00-0027939,31,11.423200972513449,1.0,C.Newton
2018_12_SEA_CAR,SEA,00-0029263,32,21.08457116408116,0.0,R.Wilson
2018_12_SF_TB,SF,00-0033319,36,-8.33738507173257,2.0,N.Mullens
2018_12_SF_TB,TB,00-0031503,43,15.931016817717726,0.0,J.Winston
2018_12_TEN_HOU,HOU,00-0033537,33,7.8768679059096725,0.0,D.Watson
2018_12_TEN_HOU,TEN,00-0032268,34,9.61637863041889,0.0,M.Mariota
2018_12_WAS_DAL,DAL,00-0033077,37,10.095448953187956,0.0,D.Prescott
2018_12_WAS_DAL,WAS,00-0027688,45,-4.286322154718876,3.0,C.McCoy
2018_13_ARI_GB,ARI,00-0034343,29,0.2605391920353539,0.0,J.Rosen
2018_13_ARI_GB,GB,00-0023459,54,4.301597345604195,0.0,A.Rodgers
2018_13_BAL_ATL,ATL,00-0026143,31,-13.461023252759766,0.0,M.Ryan
2018_13_BAL_ATL,ATL,00-0029632,1,-1.7794958665035665,0.0,M.Sanu
2018_13_BAL_ATL,BAL,00-0024417,1,4.490723728435114,0.0,S.Koch
2018_13_BAL_ATL,BAL,00-0029665,4,0.5508823046218714,0.0,R.Griffin III
2018_13_BAL_ATL,BAL,00-0034796,24,-11.56388334967658,0.0,L.Jackson
2018_13_BUF_MIA,BUF,00-0034857,43,8.45338737048588,2.0,J.Allen
2018_13_BUF_MIA,MIA,00-0029701,27,-0.6576108965091407,1.0,R.Tannehill
2018_13_CAR_TB,CAR,00-0027939,47,-9.90434284339755,4.0,C.Newton
2018_13_CAR_TB,CAR,00-0031800,1,-0.2525350940122735,0.0,T.Heinicke
2018_13_CAR_TB,TB,00-0031503,39,11.600573286530027,0.0,J.Winston
2018_13_CHI_NYG,CHI,00-0026544,45,-7.584232412163486,2.0,C.Daniel
2018_13_CHI_NYG,CHI,00-0033556,1,3.157696620968636,0.0,T.Cohen
2018_13_CHI_NYG,NYG,00-0022803,38,-5.924723118652745,1.0,E.Manning
2018_13_CHI_NYG,NYG,00-0031235,1,3.853602353716269,0.0,O.Beckham
2018_13_CLE_HOU,CLE,00-0034855,42,-3.4456522793769837,3.0,B.Mayfield
2018_13_CLE_HOU,HOU,00-0033537,40,7.050016417690738,0.0,D.Watson
2018_13_DEN_CIN,CIN,00-0032436,41,-8.821556689352171,1.0,J.Driskel
2018_13_DEN_CIN,DEN,00-0028986,24,3.5637632683841174,0.0,C.Keenum
2018_13_IND_JAX,IND,00-0029668,57,-10.983553141180892,1.0,A.Luck
2018_13_IND_JAX,JAX,00-0033104,32,-0.4138787099244339,0.0,C.Kessler
2018_13_KC_OAK,KC,00-0033873,42,18.087896877555714,0.0,P.Mahomes
2018_13_KC_OAK,LV,00-0031280,41,12.476373976431834,0.0,D.Carr
2018_13_LAC_PIT,LAC,00-0022942,40,18.28204765347094,0.0,P.Rivers
2018_13_LAC_PIT,PIT,00-0022924,46,5.876179324479033,1.0,B.Roethlisberger
2018_13_LA_DET,DET,00-0026498,37,-8.854254336121583,1.0,M.Stafford
2018_13_LA_DET,DET,00-0031326,1,-0.44012234231922776,0.0,B.Ellington
2018_13_LA_DET,LA,00-0033106,35,-5.031632285777805,1.0,J.Goff
2018_13_MIN_NE,MIN,00-0029604,46,-11.606062870786815,2.0,K.Cousins
2018_13_MIN_NE,NE,00-0019596,33,10.603107350971216,1.0,T.Brady
2018_13_NO_DAL,DAL,00-0033077,37,6.299560353573537,0.0,D.Prescott
2018_13_NO_DAL,NO,00-0020531,30,-9.376035984732923,1.0,D.Brees
2018_13_NYJ_TEN,NYJ,00-0021206,33,-7.040664734938783,1.0,J.McCown
2018_13_NYJ_TEN,TEN,00-0032268,41,-5.648960841153226,1.0,M.Mariota
2018_13_SF_SEA,SEA,00-0029263,23,12.316070237132337,0.0,R.Wilson
2018_13_SF_SEA,SF,00-0033319,50,4.982314156339271,1.0,N.Mullens
2018_13_WAS_PHI,PHI,00-0032950,40,13.559661423705354,1.0,C.Wentz
2018_13_WAS_PHI,WAS,00-0026898,24,-7.011113272640762,1.0,M.Sanchez
2018_13_WAS_PHI,WAS,00-0027688,5,0.30039123630289755,0.0,C.McCoy
2018_14_ATL_GB,ATL,00-0026143,44,6.577107786972951,1.0,M.Ryan
2018_14_ATL_GB,GB,00-0023459,39,6.806343813821499,0.0,A.Rodgers
2018_14_BAL_KC,BAL,00-0029665,2,-0.4909141840180382,0.0,R.Griffin III
2018_14_BAL_KC,BAL,00-0034796,28,6.4246707367796745,0.0,L.Jackson
2018_14_BAL_KC,KC,00-0033873,57,11.054081597701717,1.0,P.Mahomes
2018_14_CAR_CLE,CAR,00-0027939,45,-1.8991881984789831,1.0,C.Newton
2018_14_CAR_CLE,CAR,00-0031800,1,-0.3156629945151508,0.0,T.Heinicke
2018_14_CAR_CLE,CLE,00-0031382,1,-0.4268367775948718,0.0,J.Landry
2018_14_CAR_CLE,CLE,00-0034855,24,7.099844216279699,0.0,B.Mayfield
2018_14_CIN_LAC,CIN,00-0032436,33,4.975940718208343,0.0,J.Driskel
2018_14_CIN_LAC,LAC,00-0022942,32,3.6497822286096184,0.0,P.Rivers
2018_14_DEN_SF,DEN,00-0028986,47,-5.05384756566491,0.0,C.Keenum
2018_14_DEN_SF,SF,00-0033319,36,7.46069634057212,1.0,N.Mullens
2018_14_DET_ARI,ARI,00-0034343,46,-14.81541162604654,1.0,J.Rosen
2018_14_DET_ARI,DET,00-0026498,25,-4.14425906247925,0.0,M.Stafford
2018_14_IND_HOU,HOU,00-0033537,46,4.568358582502697,0.0,D.Watson
2018_14_IND_HOU,IND,00-0029668,45,11.606831324538414,1.0,A.Luck
2018_14_JAX_TEN,JAX,00-0033104,49,-8.279669039242435,0.0,C.Kessler
2018_14_JAX_TEN,TEN,00-0032268,26,4.301937541220682,1.0,M.Mariota
2018_14_LA_CHI,CHI,00-0033869,34,-12.199210271742677,3.0,M.Trubisky
2018_14_LA_CHI,LA,00-0028872,1,2.5491983310785145,0.0,J.Hekker
2018_14_LA_CHI,LA,00-0033106,48,-21.608666902457703,4.0,J.Goff
2018_14_MIN_SEA,MIN,00-0029604,35,-11.927494941038338,0.0,K.Cousins
2018_14_MIN_SEA,SEA,00-0029263,25,-9.128148652940855,1.0,R.Wilson
2018_14_NE_MIA,MIA,00-0029682,1,-0.2663094864692539,0.0,B.Osweiler
2018_14_NE_MIA,MIA,00-0029701,23,9.06508200604003,0.0,R.Tannehill
2018_14_NE_MIA,NE,00-0019596,45,19.845912786265306,0.0,T.Brady
2018_14_NO_TB,NO,00-0020531,32,1.3047120887628108,1.0,D.Brees
2018_14_NO_TB,TB,00-0031503,47,0.8382129881751261,1.0,J.Winston
2018_14_NYG_WAS,NYG,00-0022803,24,7.934800026629807,0.0,E.Manning
2018_14_NYG_WAS,NYG,00-0034369,5,-6.705424459069036,1.0,K.Lauletta
2018_14_NYG_WAS,WAS,00-0026300,23,9.888775779953226,1.0,J.Johnson
2018_14_NYG_WAS,WAS,00-0026898,19,-23.08641109371092,2.0,M.Sanchez
2018_14_NYJ_BUF,BUF,00-0033891,1,-1.4740563493601413,0.0,Z.Jones
2018_14_NYJ_BUF,BUF,00-0034857,45,1.9317282997548406,2.0,J.Allen
2018_14_NYJ_BUF,NYJ,00-0021206,1,-0.8017318688798696,0.0,J.McCown
2018_14_NYJ_BUF,NYJ,00-0034869,24,6.13816303826934,1.0,S.Darnold
2018_14_PHI_DAL,DAL,00-0033077,57,12.347931181089924,2.0,D.Prescott
2018_14_PHI_DAL,PHI,00-0032950,36,2.8886361700809084,0.0,C.Wentz
2018_14_PIT_OAK,LV,00-0031280,38,12.681608108192108,0.0,D.Carr
2018_14_PIT_OAK,PIT,00-0022924,30,21.627844461630886,0.0,B.Roethlisberger
2018_14_PIT_OAK,PIT,00-0033949,11,-7.149966221535578,1.0,J.Dobbs
2018_15_ARI_ATL,ARI,00-0030520,15,5.011377869930584,0.0,M.Glennon
2018_15_ARI_ATL,ARI,00-0034343,29,-22.727125755453017,2.0,J.Rosen
2018_15_ARI_ATL,ATL,00-0026143,40,3.653156999456981,0.0,M.Ryan
2018_15_CLE_DEN,CLE,00-0034855,34,-1.754862403812723,1.0,B.Mayfield
2018_15_CLE_DEN,DEN,00-0028986,50,1.3392154686914735,2.0,C.Keenum
2018_15_DAL_IND,DAL,00-0033077,42,-11.748634672411317,1.0,D.Prescott
2018_15_DAL_IND,IND,00-0029668,29,7.730646412047099,0.0,A.Luck
2018_15_DET_BUF,BUF,00-0034857,29,1.2975899560260586,0.0,J.Allen
2018_15_DET_BUF,DET,00-0026498,29,3.14436079561034,0.0,M.Stafford
2018_15_DET_BUF,DET,00-0030092,1,-0.947,0.0,S.Martin
2018_15_GB_CHI,CHI,00-0033869,31,14.577098192537171,0.0,M.Trubisky
2018_15_GB_CHI,GB,00-0023459,51,-0.21852271573584892,1.0,A.Rodgers
2018_15_HOU_NYJ,HOU,00-0033537,35,6.572817395286919,0.0,D.Watson
2018_15_HOU_NYJ,NYJ,00-0034869,45,9.97443736252044,0.0,S.Darnold
2018_15_LAC_KC,KC,00-0033873,37,11.019275547354482,0.0,P.Mahomes
2018_15_LAC_KC,LAC,00-0022942,44,6.6275281536947,2.0,P.Rivers
2018_15_MIA_MIN,MIA,00-0029701,34,-24.84726097506608,0.0,R.Tannehill
2018_15_MIA_MIN,MIN,00-0029604,24,-0.006075138403599745,1.0,K.Cousins
2018_15_NE_PIT,NE,00-0019596,37,1.6708169225603342,1.0,T.Brady
2018_15_NE_PIT,PIT,00-0022924,36,3.9538565472711107,2.0,B.Roethlisberger
2018_15_NO_CAR,CAR,00-0027939,33,-11.820686872117221,1.0,C.Newton
2018_15_NO_CAR,CAR,00-0033280,1,6.549201502930373,0.0,C.McCaffrey
2018_15_NO_CAR,NO,00-0020531,38,-7.627305285002344,1.0,D.Brees
2018_15_OAK_CIN,CIN,00-0032436,37,-1.537399281947291,1.0,J.Driskel
2018_15_OAK_CIN,LV,00-0031280,41,-4.153554435567047,0.0,D.Carr
2018_15_PHI_LA,LA,00-0028872,1,-2.9254040635423735,0.0,J.Hekker
2018_15_PHI_LA,LA,00-0033106,56,-1.3242433913362697,1.0,J.Goff
2018_15_PHI_LA,PHI,00-0029567,32,7.1917986353723755,1.0,N.Foles
2018_15_SEA_SF,SEA,00-0029263,35,8.38589992224691,0.0,R.Wilson
2018_15_SEA_SF,SF,00-0033319,32,9.219761528255436,0.0,N.Mullens
2018_15_TB_BAL,BAL,00-0034796,29,4.554091091701757,0.0,L.Jackson
2018_15_TB_BAL,TB,00-0031503,26,-9.094646369476052,1.0,J.Winston
2018_15_TEN_NYG,NYG,00-0022803,47,-11.655017948389286,1.0,E.Manning
2018_15_TEN_NYG,TEN,00-0032268,21,-3.676522500412124,0.0,M.Mariota
2018_15_TEN_NYG,TEN,00-0032764,1,0.43930181255564094,0.0,D.Henry
2018_15_WAS_JAX,JAX,00-0033104,29,-13.70296915075043,1.0,C.Kessler
2018_15_WAS_JAX,WAS,00-0026300,33,5.730529826607452,0.0,J.Johnson
2018_16_ATL_CAR,ATL,00-0026143,27,6.081744610352409,0.0,M.Ryan
2018_16_ATL_CAR,CAR,00-0031800,56,-13.286926640605088,3.0,T.Heinicke
2018_16_ATL_CAR,CAR,00-0034577,4,2.171928832656704,0.0,K.Allen
2018_16_BAL_LAC,BAL,00-0034796,28,1.4643479949309801,0.0,L.Jackson
2018_16_BAL_LAC,LAC,00-0022942,42,-10.855472633193806,2.0,P.Rivers
2018_16_BUF_NE,BUF,00-0031716,1,-0.947,0.0,M.Darr
2018_16_BUF_NE,BUF,00-0034857,43,-12.03391383289065,2.0,J.Allen
2018_16_BUF_NE,NE,00-0019596,25,-12.241974662407301,2.0,T.Brady
2018_16_BUF_NE,NE,00-0026625,1,-2.835396614158526,0.0,B.Hoyer
2018_16_CHI_SF,CHI,00-0033869,32,10.043304651180954,0.0,M.Trubisky
2018_16_CHI_SF,SF,00-0033319,39,-2.1397534874237434,1.0,N.Mullens
2018_16_CIN_CLE,CIN,00-0032436,26,1.9789746267142228,0.0,J.Driskel
2018_16_CIN_CLE,CLE,00-0031382,1,3.99683427112177,0.0,J.Landry
2018_16_CIN_CLE,CLE,00-0034855,40,17.649725563926296,0.0,B.Mayfield
2018_16_DEN_OAK,DEN,00-0028986,40,-0.6112222823061293,2.0,C.Keenum
2018_16_DEN_OAK,LV,00-0031280,27,4.14407780887119,0.0,D.Carr
2018_16_GB_NYJ,GB,00-0023459,62,19.703135577501286,0.0,A.Rodgers
2018_16_GB_NYJ,NYJ,00-0034869,38,19.640757639941327,0.0,S.Darnold
2018_16_HOU_PHI,HOU,00-0033537,50,12.249836792623235,0.0,D.Watson
2018_16_HOU_PHI,PHI,00-0029567,50,18.735046669127886,1.0,N.Foles
2018_16_HOU_PHI,PHI,00-0032792,1,-0.27875079365912825,0.0,N.Sudfeld
2018_16_JAX_MIA,JAX,00-0031407,7,0.7346683010816646,0.0,B.Bortles
2018_16_JAX_MIA,JAX,00-0033104,22,-2.820096393872518,0.0,C.Kessler
2018_16_JAX_MIA,JAX,00-0033839,1,-0.463822640478611,0.0,D.Westbrook
2018_16_JAX_MIA,MIA,00-0029701,27,-6.96173963281349,1.0,R.Tannehill
2018_16_KC_SEA,KC,00-0033873,44,10.698949001567847,0.0,P.Mahomes
2018_16_KC_SEA,SEA,00-0029263,36,18.036714164576487,0.0,R.Wilson
2018_16_LA_ARI,ARI,00-0022921,1,3.088042840885464,0.0,L.Fitzgerald
2018_16_LA_ARI,ARI,00-0030520,7,3.7301398012205027,0.0,M.Glennon
2018_16_LA_ARI,ARI,00-0034343,31,-8.25713273090233,0.0,J.Rosen
2018_16_LA_ARI,LA,00-0033106,27,4.292104716149773,0.0,J.Goff
2018_16_MIN_DET,DET,00-0023662,13,-5.579970256076194,0.0,M.Cassel
2018_16_MIN_DET,DET,00-0026498,34,-13.389878007466287,0.0,M.Stafford
2018_16_MIN_DET,MIN,00-0029604,30,9.854740493668013,0.0,K.Cousins
2018_16_NYG_IND,IND,00-0029668,48,14.095676245487994,1.0,A.Luck
2018_16_NYG_IND,NYG,00-0022803,33,18.503647317028758,1.0,E.Manning
2018_16_PIT_NO,NO,00-0020531,41,9.41163430387462,0.0,D.Brees
2018_16_PIT_NO,NO,00-0033357,1,-5.287774017546326,1.0,T.Hill
2018_16_PIT_NO,PIT,00-0022924,54,17.322317830648515,0.0,B.Roethlisberger
2018_16_TB_DAL,DAL,00-0033077,26,2.4865526465247214,0.0,D.Prescott
2018_16_TB_DAL,TB,00-0031503,54,5.383355070962915,0.0,J.Winston
2018_16_WAS_TEN,TEN,00-0027948,12,2.7666645174065354,0.0,B.Gabbert
2018_16_WAS_TEN,TEN,00-0032268,16,4.688974164921092,0.0,M.Mariota
2018_16_WAS_TEN,TEN,00-0032764,1,-0.41870754037518054,0.0,D.Henry
2018_16_WAS_TEN,WAS,00-0026300,26,-3.2022335886033177,2.0,J.Johnson
2018_17_ARI_SEA,ARI,00-0034343,40,-21.22010680354531,0.0,J.Rosen
2018_17_ARI_SEA,SEA,00-0029263,27,-10.088028335098858,1.0,R.Wilson
2018_17_ATL_TB,ATL,00-0026143,46,15.48033875782113,1.0,M.Ryan
2018_17_ATL_TB,ATL,00-0029632,1,2.7171994153759442,0.0,M.Sanu
2018_17_ATL_TB,TB,00-0031503,39,11.055855595042505,1.0,J.Winston
2018_17_CAR_NO,CAR,00-0031395,4,-0.35654913168400526,0.0,G.Gilbert
2018_17_CAR_NO,CAR,00-0034577,30,12.45498960250999,0.0,K.Allen
2018_17_CAR_NO,NO,00-0031237,27,-7.70564128953265,1.0,T.Bridgewater
2018_17_CHI_MIN,CHI,00-0033869,29,4.135603062852286,0.0,M.Trubisky
2018_17_CHI_MIN,MIN,00-0029604,38,-22.922898107976085,0.0,K.Cousins
2018_17_CIN_PIT,CIN,00-0032436,29,-10.098345378396305,0.0,J.Driskel
2018_17_CIN_PIT,PIT,00-0022924,47,-3.842156180369075,1.0,B.Roethlisberger
2018_17_CLE_BAL,BAL,00-0034796,28,1.4503161818340642,0.0,L.Jackson
2018_17_CLE_BAL,CLE,00-0034855,42,7.672706969632342,3.0,B.Mayfield
2018_17_DAL_NYG,DAL,00-0033077,49,24.572955953013732,0.0,D.Prescott
2018_17_DAL_NYG,NYG,00-0022803,43,4.1728322159083024,1.0,E.Manning
2018_17_DET_GB,DET,00-0023853,1,4.070927621796727,0.0,M.Prater
2018_17_DET_GB,DET,00-0026498,33,17.518835642948954,0.0,M.Stafford
2018_17_DET_GB,GB,00-0023459,6,-4.561179609736428,0.0,A.Rodgers
2018_17_DET_GB,GB,00-0033899,40,-10.570523475122172,1.0,D.Kizer
2018_17_IND_TEN,IND,00-0029668,40,9.305816770149733,1.0,A.Luck
2018_17_IND_TEN,TEN,00-0027948,29,-15.34206027356652,2.0,B.Gabbert
2018_17_JAX_HOU,HOU,00-0033537,42,-2.2925678328613888,0.0,D.Watson
2018_17_JAX_HOU,JAX,00-0031407,35,-14.415537632821586,1.0,B.Bortles
2018_17_LAC_DEN,DEN,00-0028986,51,-2.478476038805117,1.0,C.Keenum
2018_17_LAC_DEN,LAC,00-0022942,24,0.20349850901402533,2.0,P.Rivers
2018_17_LAC_DEN,LAC,00-0030565,1,-4.424216494197026,0.0,G.Smith
2018_17_MIA_BUF,BUF,00-0034857,32,13.773389249901872,1.0,J.Allen
2018_17_MIA_BUF,MIA,00-0029701,36,-16.00102974264143,2.0,R.Tannehill
2018_17_MIA_BUF,MIA,00-0030085,1,1.2839272805140354,0.0,K.Stills
2018_17_NYJ_NE,NE,00-0019596,34,12.980893960751294,0.0,T.Brady
2018_17_NYJ_NE,NYJ,00-0034869,33,-7.703440593923137,0.0,S.Darnold
2018_17_OAK_KC,KC,00-0026197,3,0.37695603776955977,0.0,C.Henne
2018_17_OAK_KC,KC,00-0033873,25,15.836731872230303,1.0,P.Mahomes
2018_17_OAK_KC,LV,00-0031280,36,-16.24728716755431,2.0,D.Carr
2018_17_PHI_WAS,PHI,00-0029567,36,6.014133188217536,1.0,N.Foles
2018_17_PHI_WAS,PHI,00-0032792,1,3.040024552610703,0.0,N.Sudfeld
2018_17_PHI_WAS,WAS,00-0026300,33,-18.826568549324293,1.0,J.Johnson
2018_17_PHI_WAS,WAS,00-0030140,1,2.7343886659946293,0.0,T.Way
2018_17_SF_LA,LA,00-0032245,3,1.2564425312073348,0.0,S.Mannion
2018_17_SF_LA,LA,00-0033106,25,13.912921448238194,0.0,J.Goff
2018_17_SF_LA,SF,00-0033319,37,1.8879660513340495,3.0,N.Mullens
2019_01_ATL_MIN,ATL,00-0026143,54,-6.896368420478888,2.0,M.Ryan
2019_01_ATL_MIN,MIN,00-0029604,11,8.41886515065562,0.0,K.Cousins
2019_01_BAL_MIA,BAL,00-0029665,6,8.937259258527774,0.0,R.Griffin III
2019_01_BAL_MIA,BAL,00-0034796,21,29.05243714518991,0.0,L.Jackson
2019_01_BAL_MIA,MIA,00-0023682,32,0.5482591698221011,1.0,R.Fitzpatrick
2019_01_BAL_MIA,MIA,00-0034343,4,-6.2659767244476825,1.0,J.Rosen
2019_01_BUF_NYJ,BUF,00-0034857,44,-7.025044987449657,2.0,J.Allen
2019_01_BUF_NYJ,NYJ,00-0034869,46,-3.570285405067562,0.0,S.Darnold
2019_01_CIN_SEA,CIN,00-0027973,56,8.67743584828683,0.0,A.Dalton
2019_01_CIN_SEA,SEA,00-0029263,24,4.026023040176369,0.0,R.Wilson
2019_01_DEN_OAK,DEN,00-0026158,34,7.573604200706965,0.0,J.Flacco
2019_01_DEN_OAK,LV,00-0031280,27,17.002670108515304,0.0,D.Carr
2019_01_DET_ARI,ARI,00-0035228,60,-7.4157950284114715,1.0,K.Murray
2019_01_DET_ARI,DET,00-0026498,48,11.781128263542158,0.0,M.Stafford
2019_01_GB_CHI,CHI,00-0033869,52,-15.204659393972577,1.0,M.Trubisky
2019_01_GB_CHI,GB,00-0023459,36,-3.558472337337699,0.0,A.Rodgers
2019_01_HOU_NO,HOU,00-0033537,38,9.806165627145674,1.0,D.Watson
2019_01_HOU_NO,NO,00-0020531,42,13.503157870762006,1.0,D.Brees
2019_01_IND_LAC,IND,00-0033119,30,6.981013012703253,0.0,J.Brissett
2019_01_IND_LAC,LAC,00-0022942,39,7.806362655286177,1.0,P.Rivers
2019_01_KC_JAX,JAX,00-0029567,8,6.1070978759089485,0.0,N.Foles
2019_01_KC_JAX,JAX,00-0035289,28,8.72773917589999,1.0,G.Minshew II
2019_01_KC_JAX,KC,00-0025708,1,-0.3029050289360713,0.0,M.Moore
2019_01_KC_JAX,KC,00-0033873,33,23.56154658283861,0.0,P.Mahomes
2019_01_LA_CAR,CAR,00-0027939,41,-3.608033812921147,1.0,C.Newton
2019_01_LA_CAR,LA,00-0033106,41,-2.0938514584251338,1.0,J.Goff
2019_01_NYG_DAL,DAL,00-0033077,32,30.21752614644356,0.0,D.Prescott
2019_01_NYG_DAL,NYG,00-0022803,46,1.994349764778681,0.0,E.Manning
2019_01_NYG_DAL,NYG,00-0035710,5,-1.879536623484455,0.0,D.Jones
2019_01_PIT_NE,NE,00-0019596,37,17.000392686236893,0.0,T.Brady
2019_01_PIT_NE,NE,00-0027150,1,1.9238021319033578,0.0,J.Edelman
2019_01_PIT_NE,PIT,00-0022924,48,-8.152435669818448,1.0,B.Roethlisberger
2019_01_SF_TB,SF,00-0031345,29,0.13020245599378089,1.0,J.Garoppolo
2019_01_SF_TB,TB,00-0031503,42,-21.244524481242774,3.0,J.Winston
2019_01_TEN_CLE,CLE,00-0034855,43,-17.78464951738715,3.0,B.Mayfield
2019_01_TEN_CLE,TEN,00-0032268,30,7.381078219685293,0.0,M.Mariota
2019_01_WAS_PHI,PHI,00-0032950,40,17.389839017203876,0.0,C.Wentz
2019_01_WAS_PHI,WAS,00-0028986,44,22.10245549335775,0.0,C.Keenum
2019_02_ARI_BAL,ARI,00-0035228,44,10.93014244528805,0.0,K.Murray
2019_02_ARI_BAL,BAL,00-0034796,44,13.281217420785058,0.0,L.Jackson
2019_02_BUF_NYG,BUF,00-0034857,36,7.3301317658042535,0.0,J.Allen
2019_02_BUF_NYG,NYG,00-0022803,46,-8.68127586922741,2.0,E.Manning
2019_02_CHI_DEN,CHI,00-0033869,27,-0.12264662918344094,0.0,M.Trubisky
2019_02_CHI_DEN,DEN,00-0026158,53,8.05582141854253,1.0,J.Flacco
2019_02_CLE_NYJ,CLE,00-0034855,37,1.6444845819781788,1.0,B.Mayfield
2019_02_CLE_NYJ,NYJ,00-0032156,8,-5.561112757772207,0.0,T.Siemian
2019_02_CLE_NYJ,NYJ,00-0034412,27,-4.962313338066451,0.0,L.Falk
2019_02_DAL_WAS,DAL,00-0033077,32,13.302474483323799,1.0,D.Prescott
2019_02_DAL_WAS,WAS,00-0028986,38,6.979027136927471,0.0,C.Keenum
2019_02_IND_TEN,IND,00-0033119,34,-3.187538628320908,1.0,J.Brissett
2019_02_IND_TEN,TEN,00-0032268,33,-3.3138092676246176,0.0,M.Mariota
2019_02_JAX_HOU,HOU,00-0033537,34,-5.702843918877559,0.0,D.Watson
2019_02_JAX_HOU,JAX,00-0035289,43,-2.3981712421145036,0.0,G.Minshew II
2019_02_KC_OAK,KC,00-0033873,46,25.75272763503017,0.0,P.Mahomes
2019_02_KC_OAK,LV,00-0031280,43,-10.222880143206567,2.0,D.Carr
2019_02_LAC_DET,DET,00-0026498,32,4.832626731905643,2.0,M.Stafford
2019_02_LAC_DET,LAC,00-0022942,38,2.936258949483645,1.0,P.Rivers
2019_02_MIN_GB,GB,00-0023459,36,5.121589428046718,0.0,A.Rodgers
2019_02_MIN_GB,MIN,00-0029604,35,-11.170234742728976,2.0,K.Cousins
2019_02_NE_MIA,MIA,00-0023682,26,-30.877289317548275,3.0,R.Fitzpatrick
2019_02_NE_MIA,MIA,00-0034343,21,-8.817218028823845,1.0,J.Rosen
2019_02_NE_MIA,NE,00-0019596,30,15.971405789570728,0.0,T.Brady
2019_02_NO_LA,LA,00-0033106,31,7.715028638180169,0.0,J.Goff
2019_02_NO_LA,NO,00-0020531,5,-2.475386181846261,1.0,D.Brees
2019_02_NO_LA,NO,00-0031237,34,-2.8268011875665393,0.0,T.Bridgewater
2019_02_PHI_ATL,ATL,00-0026143,45,2.0047947139926823,3.0,M.Ryan
2019_02_PHI_ATL,PHI,00-0021206,5,1.1289297543116845,0.0,J.McCown
2019_02_PHI_ATL,PHI,00-0032950,47,-4.372109904166204,2.0,C.Wentz
2019_02_SEA_PIT,PIT,00-0022924,16,-4.9803878017362635,0.0,B.Roethlisberger
2019_02_SEA_PIT,PIT,00-0034771,21,-0.45390440009446076,1.0,M.Rudolph
2019_02_SEA_PIT,SEA,00-0029263,41,15.398458666263311,0.0,R.Wilson
2019_02_SF_CIN,CIN,00-0027973,47,4.400831866766037,1.0,A.Dalton
2019_02_SF_CIN,SF,00-0031345,27,17.776959631699015,1.0,J.Garoppolo
2019_02_SF_CIN,SF,00-0034860,1,1.241805540630594,0.0,D.Pettis
2019_02_TB_CAR,CAR,00-0027939,54,-4.105722198695153,0.0,C.Newton
2019_02_TB_CAR,TB,00-0031503,29,5.751912942897665,0.0,J.Winston
2019_03_ATL_IND,ATL,00-0026143,34,21.29821440214066,1.0,M.Ryan
2019_03_ATL_IND,IND,00-0033119,39,18.993696747843526,0.0,J.Brissett
2019_03_BAL_KC,BAL,00-0034796,51,5.391079136311798,0.0,L.Jackson
2019_03_BAL_KC,KC,00-0033873,39,17.690746438236786,0.0,P.Mahomes
2019_03_CAR_ARI,ARI,00-0035228,54,-13.072035255317676,2.0,K.Murray
2019_03_CAR_ARI,CAR,00-0034577,29,13.090330453327624,0.0,K.Allen
2019_03_CHI_WAS,CHI,00-0033869,34,8.873983878752787,1.0,M.Trubisky
2019_03_CHI_WAS,WAS,00-0028986,49,-10.137390773741735,3.0,C.Keenum
2019_03_CIN_BUF,BUF,00-0034857,41,1.575823196185902,1.0,J.Allen
2019_03_CIN_BUF,CIN,00-0027973,37,-1.9134878578948111,2.0,A.Dalton
2019_03_DEN_GB,DEN,00-0026158,35,-5.379882550110413,1.0,J.Flacco
2019_03_DEN_GB,GB,00-0023459,29,6.420951008701673,0.0,A.Rodgers
2019_03_DET_PHI,DET,00-0026498,33,4.883242316743816,0.0,M.Stafford
2019_03_DET_PHI,PHI,00-0032950,42,2.9709099395155936,0.0,C.Wentz
2019_03_HOU_LAC,HOU,00-0033537,40,22.3876778609569,0.0,D.Watson
2019_03_HOU_LAC,LAC,00-0022942,53,3.5791725073669998,0.0,P.Rivers
2019_03_LA_CLE,CLE,00-0034855,39,-4.861868006893545,1.0,B.Mayfield
2019_03_LA_CLE,LA,00-0033106,41,4.647806406637953,2.0,J.Goff
2019_03_MIA_DAL,DAL,00-0033077,34,6.404743162656838,1.0,D.Prescott
2019_03_MIA_DAL,MIA,00-0023682,2,2.3178906643297523,0.0,R.Fitzpatrick
2019_03_MIA_DAL,MIA,00-0034343,45,-11.336595091280596,0.0,J.Rosen
2019_03_NO_SEA,NO,00-0031237,29,8.834867195633706,0.0,T.Bridgewater
2019_03_NO_SEA,SEA,00-0029263,53,15.649574469018262,0.0,R.Wilson
2019_03_NYG_TB,NYG,00-0035710,45,10.41297514329661,0.0,D.Jones
2019_03_NYG_TB,TB,00-0031503,42,8.240181992206812,1.0,J.Winston
2019_03_NYJ_NE,NE,00-0019596,42,10.751856933755334,0.0,T.Brady
2019_03_NYJ_NE,NE,00-0035264,4,-9.22778603178449,1.0,J.Stidham
2019_03_NYJ_NE,NYJ,00-0034412,27,-16.799893592484295,1.0,L.Falk
2019_03_OAK_MIN,LV,00-0031280,38,0.12349122913476762,1.0,D.Carr
2019_03_OAK_MIN,MIN,00-0029604,23,9.59402748994155,0.0,K.Cousins
2019_03_PIT_SF,PIT,00-0034771,33,-8.035878522184522,1.0,M.Rudolph
2019_03_PIT_SF,SF,00-0031345,33,3.5850174798397347,2.0,J.Garoppolo
2019_03_TEN_JAX,JAX,00-0035289,33,0.46425298793396674,0.0,G.Minshew II
2019_03_TEN_JAX,TEN,00-0032268,53,-3.9563879251363687,0.0,M.Mariota
2019_04_CAR_HOU,CAR,00-0034577,37,-7.515192479546621,0.0,K.Allen
2019_04_CAR_HOU,HOU,00-0030564,1,-6.88184687262401,1.0,D.Hopkins
2019_04_CAR_HOU,HOU,00-0033537,40,-16.86234990553179,0.0,D.Watson
2019_04_CIN_PIT,CIN,00-0027973,46,-26.313968141263175,1.0,A.Dalton
2019_04_CIN_PIT,PIT,00-0034331,3,1.9826908117393032,0.0,J.Samuels
2019_04_CIN_PIT,PIT,00-0034771,28,15.115513170603663,0.0,M.Rudolph
2019_04_CLE_BAL,BAL,00-0034796,39,-0.7824710235032537,2.0,L.Jackson
2019_04_CLE_BAL,CLE,00-0031235,1,-0.45141149079427123,0.0,O.Beckham
2019_04_CLE_BAL,CLE,00-0034855,33,14.15557338568103,1.0,B.Mayfield
2019_04_DAL_NO,DAL,00-0033077,34,4.3924207862300335,1.0,D.Prescott
2019_04_DAL_NO,NO,00-0031237,37,-9.40741901883796,1.0,T.Bridgewater
2019_04_JAX_DEN,DEN,00-0026158,38,4.681225194146818,1.0,J.Flacco
2019_04_JAX_DEN,JAX,00-0035289,38,3.07527083142683,0.0,G.Minshew II
2019_04_KC_DET,DET,00-0026498,40,6.257940762807441,0.0,M.Stafford
2019_04_KC_DET,KC,00-0033873,47,16.633830619880566,0.0,P.Mahomes
2019_04_LAC_MIA,LAC,00-0022942,31,20.413421136008992,0.0,P.Rivers
2019_04_LAC_MIA,LAC,00-0028118,1,1.1148185852216557,0.0,T.Taylor
2019_04_LAC_MIA,MIA,00-0034343,28,-3.7953294080269377,1.0,J.Rosen
2019_04_LAC_MIA,MIA,00-0035350,1,-0.9268504946958274,0.0,P.Williams
2019_04_MIN_CHI,CHI,00-0026544,32,5.687714076516311,0.0,C.Daniel
2019_04_MIN_CHI,CHI,00-0033869,3,0.24888186040334404,0.0,M.Trubisky
2019_04_MIN_CHI,MIN,00-0029604,43,-10.096219994462327,0.0,K.Cousins
2019_04_NE_BUF,BUF,00-0030533,17,-2.2074164889054373,1.0,M.Barkley
2019_04_NE_BUF,BUF,00-0034857,34,-17.94169488954112,3.0,J.Allen
2019_04_NE_BUF,NE,00-0019596,39,-15.861764478959973,1.0,T.Brady
2019_04_OAK_IND,IND,00-0033119,49,2.971463797275833,1.0,J.Brissett
2019_04_OAK_IND,LV,00-0031280,32,7.454986670559107,0.0,D.Carr
2019_04_PHI_GB,GB,00-0023459,58,16.79794855976483,1.0,A.Rodgers
2019_04_PHI_GB,PHI,00-0032950,30,6.52982528468431,0.0,C.Wentz
2019_04_SEA_ARI,ARI,00-0035228,38,-7.800006540414011,1.0,K.Murray
2019_04_SEA_ARI,SEA,00-0029263,34,5.857769390766269,0.0,R.Wilson
2019_04_TB_LA,LA,00-0033106,71,-2.881016569086883,3.0,J.Goff
2019_04_TB_LA,TB,00-0031503,43,23.594103504784986,1.0,J.Winston
2019_04_TEN_ATL,ATL,00-0026143,60,-3.7822984679169256,0.0,M.Ryan
2019_04_TEN_ATL,TEN,00-0032268,28,7.034016487142066,0.0,M.Mariota
2019_04_WAS_NYG,NYG,00-0035710,34,10.466937494580634,2.0,D.Jones
2019_04_WAS_NYG,WAS,00-0028986,12,-7.926565712550655,1.0,C.Keenum
2019_04_WAS_NYG,WAS,00-0035232,21,-11.03933412371292,3.0,D.Haskins
2019_05_ARI_CIN,ARI,00-0035228,35,12.29313853677159,0.0,K.Murray
2019_05_ARI_CIN,CIN,00-0027973,39,9.418702324414207,0.0,A.Dalton
2019_05_ATL_HOU,ATL,00-0026143,50,7.1369862378694595,1.0,M.Ryan
2019_05_ATL_HOU,HOU,00-0033537,34,34.06122099291507,0.0,D.Watson
2019_05_BAL_PIT,BAL,00-0034796,38,-6.117725791307775,3.0,L.Jackson
2019_05_BAL_PIT,PIT,00-0034331,2,-5.494149733101949,1.0,J.Samuels
2019_05_BAL_PIT,PIT,00-0034771,21,2.5232278101471803,0.0,M.Rudolph
2019_05_BAL_PIT,PIT,00-0035577,10,4.733640821278513,0.0,D.Hodges
2019_05_BUF_TEN,BUF,00-0034857,40,-3.020379494235385,1.0,J.Allen
2019_05_BUF_TEN,TEN,00-0032268,30,-2.524320645797283,0.0,M.Mariota
2019_05_CHI_OAK,CHI,00-0026544,35,2.611683922325028,2.0,C.Daniel
2019_05_CHI_OAK,LV,00-0031280,33,7.8618451068828215,0.0,D.Carr
2019_05_CLE_SF,CLE,00-0031235,1,1.3543364126235247,0.0,O.Beckham
2019_05_CLE_SF,CLE,00-0031395,1,-1.0041984762065113,0.0,G.Gilbert
2019_05_CLE_SF,CLE,00-0034855,26,-23.269429728828456,2.0,B.Mayfield
2019_05_CLE_SF,SF,00-0031345,31,6.755732430484077,0.0,J.Garoppolo
2019_05_DEN_LAC,DEN,00-0026158,25,-4.518029919316672,1.0,J.Flacco
2019_05_DEN_LAC,LAC,00-0022942,47,-15.869033358349263,2.0,P.Rivers
2019_05_GB_DAL,DAL,00-0033077,51,3.350270104894756,3.0,D.Prescott
2019_05_GB_DAL,GB,00-0023459,37,1.8287770044756195,0.0,A.Rodgers
2019_05_IND_KC,IND,00-0033119,31,-4.972523630159989,1.0,J.Brissett
2019_05_IND_KC,KC,00-0033873,45,3.3880431041850887,0.0,P.Mahomes
2019_05_JAX_CAR,CAR,00-0033280,1,-1.4129622866748832,0.0,C.McCaffrey
2019_05_JAX_CAR,CAR,00-0034577,34,1.4446014175520305,0.0,K.Allen
2019_05_JAX_CAR,JAX,00-0035289,51,1.9004853163497364,0.0,G.Minshew II
2019_05_LA_SEA,LA,00-0033106,50,14.466188029074189,1.0,J.Goff
2019_05_LA_SEA,SEA,00-0029263,30,17.55980583438081,0.0,R.Wilson
2019_05_MIN_NYG,MIN,00-0029604,31,20.157976325295667,0.0,K.Cousins
2019_05_MIN_NYG,NYG,00-0035710,43,-9.220173245760616,1.0,D.Jones
2019_05_NE_WAS,NE,00-0019596,46,13.163979986698584,1.0,T.Brady
2019_05_NE_WAS,NE,00-0035264,1,-0.9220796087756753,0.0,J.Stidham
2019_05_NE_WAS,WAS,00-0027688,35,-20.822900887113065,1.0,C.McCoy
2019_05_NYJ_PHI,NYJ,00-0031076,1,-0.8420424275100231,0.0,D.Fales
2019_05_NYJ_PHI,NYJ,00-0034412,36,-34.13406071106516,2.0,L.Falk
2019_05_NYJ_PHI,PHI,00-0032950,31,-0.31871259498508975,0.0,C.Wentz
2019_05_TB_NO,NO,00-0031237,38,8.55839564776848,1.0,T.Bridgewater
2019_05_TB_NO,NO,00-0033357,2,1.7199353530886583,0.0,T.Hill
2019_05_TB_NO,NO,00-0033906,1,0.9648147185798734,0.0,A.Kamara
2019_05_TB_NO,TB,00-0031503,36,0.4212547077975568,0.0,J.Winston
2019_06_ATL_ARI,ARI,00-0035228,40,19.80078911726762,0.0,K.Murray
2019_06_ATL_ARI,ATL,00-0026143,40,19.505200151183185,0.0,M.Ryan
2019_06_CAR_TB,CAR,00-0034577,34,5.5319310932329735,0.0,K.Allen
2019_06_CAR_TB,TB,00-0031503,63,-15.025945099432624,5.0,J.Winston
2019_06_CIN_BAL,BAL,00-0034796,36,10.05597776929428,0.0,L.Jackson
2019_06_CIN_BAL,CIN,00-0027973,42,0.07099985049526225,1.0,A.Dalton
2019_06_DAL_NYJ,DAL,00-0033077,43,11.943246795414275,0.0,D.Prescott
2019_06_DAL_NYJ,NYJ,00-0034869,35,11.249468847020061,1.0,S.Darnold
2019_06_DET_GB,DET,00-0026498,36,2.2383079076085357,0.0,M.Stafford
2019_06_DET_GB,GB,00-0023459,41,-1.1461794723702994,1.0,A.Rodgers
2019_06_HOU_KC,HOU,00-0033537,48,19.035837846051386,2.0,D.Watson
2019_06_HOU_KC,KC,00-0033873,36,1.5785097486524053,1.0,P.Mahomes
2019_06_NO_JAX,JAX,00-0035289,32,-8.815255793045239,1.0,G.Minshew II
2019_06_NO_JAX,NO,00-0031237,39,2.5408198489443787,0.0,T.Bridgewater
2019_06_NYG_NE,NE,00-0019596,44,-2.469827356711532,1.0,T.Brady
2019_06_NYG_NE,NYG,00-0035710,33,-17.46253812071518,3.0,D.Jones
2019_06_PHI_MIN,MIN,00-0029604,31,18.104165571056,1.0,K.Cousins
2019_06_PHI_MIN,PHI,00-0032950,43,6.227935477433743,1.0,C.Wentz
2019_06_PHI_MIN,PHI,00-0033787,1,-2.403068722342141,1.0,J.Elliott
2019_06_PIT_LAC,LAC,00-0022942,45,5.7349956561049105,2.0,P.Rivers
2019_06_PIT_LAC,PIT,00-0035577,21,2.234106375721927,1.0,D.Hodges
2019_06_SEA_CLE,CLE,00-0034855,40,2.014769439090742,3.0,B.Mayfield
2019_06_SEA_CLE,SEA,00-0029263,41,21.04788168446431,0.0,R.Wilson
2019_06_SF_LA,LA,00-0033106,28,-18.18959006399382,0.0,J.Goff
2019_06_SF_LA,SF,00-0031345,35,-0.13731050956114643,1.0,J.Garoppolo
2019_06_TEN_DEN,DEN,00-0026158,30,-3.724223330701547,1.0,J.Flacco
2019_06_TEN_DEN,TEN,00-0029701,21,-4.490487649280112,1.0,R.Tannehill
2019_06_TEN_DEN,TEN,00-0032268,22,-10.872427632799372,2.0,M.Mariota
2019_06_WAS_MIA,MIA,00-0023682,19,4.714471184052061,0.0,R.Fitzpatrick
2019_06_WAS_MIA,MIA,00-0034343,30,-20.29288352158619,2.0,J.Rosen
2019_06_WAS_MIA,WAS,00-0028986,26,0.8301743617894388,0.0,C.Keenum
2019_07_ARI_NYG,ARI,00-0035228,27,5.766612553751417,0.0,K.Murray
2019_07_ARI_NYG,NYG,00-0035710,47,-10.438752386778742,1.0,D.Jones
2019_07_BAL_SEA,BAL,00-0034796,26,9.394017461204069,0.0,L.Jackson
2019_07_BAL_SEA,SEA,00-0029263,44,-5.3689093890956245,1.0,R.Wilson
2019_07_HOU_IND,HOU,00-0033537,40,3.241810655077754,2.0,D.Watson
2019_07_HOU_IND,IND,00-0033119,42,20.494365942518925,0.0,J.Brissett
2019_07_HOU_IND,IND,00-0033251,1,-0.7042251150123775,0.0,Z.Pascal
2019_07_JAX_CIN,CIN,00-0027973,47,-8.606136254563141,3.0,A.Dalton
2019_07_JAX_CIN,JAX,00-0035289,40,5.7010497439839565,0.0,G.Minshew II
2019_07_KC_DEN,DEN,00-0026158,42,-20.408420240532244,0.0,J.Flacco
2019_07_KC_DEN,DEN,00-0034064,1,-3.1850804274436086,0.0,C.Wadman
2019_07_KC_DEN,KC,00-0025708,20,-2.9121598508208004,0.0,M.Moore
2019_07_KC_DEN,KC,00-0033873,11,4.93127063263715,0.0,P.Mahomes
2019_07_LAC_TEN,LAC,00-0022942,39,14.097997065232569,0.0,P.Rivers
2019_07_LAC_TEN,TEN,00-0025825,1,3.6674283910542727,0.0,B.Kern
2019_07_LAC_TEN,TEN,00-0029701,32,11.691547744426945,1.0,R.Tannehill
2019_07_LA_ATL,ATL,00-0022787,6,5.308697259170003,0.0,M.Schaub
2019_07_LA_ATL,ATL,00-0026143,33,-15.222041033599652,1.0,M.Ryan
2019_07_LA_ATL,LA,00-0028872,1,3.900732734298799,0.0,J.Hekker
2019_07_LA_ATL,LA,00-0033106,37,14.471647819431336,0.0,J.Goff
2019_07_MIA_BUF,BUF,00-0034857,30,10.285587519443379,0.0,J.Allen
2019_07_MIA_BUF,MIA,00-0023682,37,12.435897931747604,1.0,R.Fitzpatrick
2019_07_MIA_BUF,MIA,00-0030669,1,-1.7606091552879661,0.0,A.Wilson
2019_07_MIN_DET,DET,00-0026498,48,11.808803153466283,1.0,M.Stafford
2019_07_MIN_DET,MIN,00-0029604,34,25.224982681999176,0.0,K.Cousins
2019_07_NE_NYJ,NE,00-0019596,45,4.3038865206709875,1.0,T.Brady
2019_07_NE_NYJ,NYJ,00-0034869,33,-31.661473809042946,4.0,S.Darnold
2019_07_NO_CHI,CHI,00-0033869,57,-1.8209348601995687,0.0,M.Trubisky
2019_07_NO_CHI,NO,00-0031237,41,13.0757287921513,0.0,T.Bridgewater
2019_07_OAK_GB,GB,00-0023459,34,32.61483017000137,0.0,A.Rodgers
2019_07_OAK_GB,LV,00-0030520,3,4.706848090805579,0.0,M.Glennon
2019_07_OAK_GB,LV,00-0031280,29,12.028644681098207,1.0,D.Carr
2019_07_PHI_DAL,DAL,00-0033077,31,10.243806998437584,1.0,D.Prescott
2019_07_PHI_DAL,PHI,00-0032950,31,-7.300549366174884,1.0,C.Wentz
2019_07_SF_WAS,SF,00-0031345,25,3.450144620100849,1.0,J.Garoppolo
2019_07_SF_WAS,WAS,00-0028986,15,-0.6780487125077341,0.0,C.Keenum
2019_08_ARI_NO,ARI,00-0031589,2,-1.849896989762783,0.0,B.Hundley
2019_08_ARI_NO,ARI,00-0035228,36,-8.799851977082806,0.0,K.Murray
2019_08_ARI_NO,NO,00-0020531,43,13.713395725530512,1.0,D.Brees
2019_08_CAR_SF,CAR,00-0034577,44,-31.14930291194223,3.0,K.Allen
2019_08_CAR_SF,SF,00-0031345,25,5.10622141539352,1.0,J.Garoppolo
2019_08_CAR_SF,SF,00-0034941,1,-0.947,0.0,M.Wishnowsky
2019_08_CIN_LA,CIN,00-0027973,55,0.5237999499082426,0.0,A.Dalton
2019_08_CIN_LA,LA,00-0033106,31,23.486439635844093,0.0,J.Goff
2019_08_CLE_NE,CLE,00-0034855,37,-7.622515207568306,1.0,B.Mayfield
2019_08_CLE_NE,NE,00-0019596,39,5.203697566407288,0.0,T.Brady
2019_08_DEN_IND,DEN,00-0026158,36,-5.169550159112415,0.0,J.Flacco
2019_08_DEN_IND,IND,00-0033119,33,-3.993364854572059,0.0,J.Brissett
2019_08_GB_KC,GB,00-0023459,41,16.174683351833465,0.0,A.Rodgers
2019_08_GB_KC,KC,00-0025708,39,6.967786663894352,0.0,M.Moore
2019_08_LAC_CHI,CHI,00-0033869,40,-4.351420705690243,1.0,M.Trubisky
2019_08_LAC_CHI,LAC,00-0022942,30,-0.5908210777966616,1.0,P.Rivers
2019_08_MIA_PIT,MIA,00-0023682,41,-2.650902953464538,2.0,R.Fitzpatrick
2019_08_MIA_PIT,PIT,00-0034771,38,3.6197603112459165,1.0,M.Rudolph
2019_08_NYG_DET,DET,00-0026498,36,16.986739607612257,1.0,M.Stafford
2019_08_NYG_DET,NYG,00-0035710,46,0.5003037566640414,0.0,D.Jones
2019_08_NYJ_JAX,JAX,00-0035289,40,17.134297458781784,0.0,G.Minshew II
2019_08_NYJ_JAX,NYJ,00-0034869,39,-9.65003450647043,3.0,S.Darnold
2019_08_OAK_HOU,HOU,00-0033537,46,11.532695885361843,0.0,D.Watson
2019_08_OAK_HOU,LV,00-0031280,30,14.74048679560623,0.0,D.Carr
2019_08_PHI_BUF,BUF,00-0034857,43,-3.656503884426206,0.0,J.Allen
2019_08_PHI_BUF,PHI,00-0032950,30,6.186011589811898,0.0,C.Wentz
2019_08_SEA_ATL,ATL,00-0022787,54,17.86753664822274,1.0,M.Schaub
2019_08_SEA_ATL,SEA,00-0029263,24,7.135028186562179,0.0,R.Wilson
2019_08_TB_TEN,TB,00-0031503,53,5.559000946576978,2.0,J.Winston
2019_08_TB_TEN,TEN,00-0029701,36,3.225798157706355,0.0,R.Tannehill
2019_08_WAS_MIN,MIN,00-0029604,30,12.681527576875114,0.0,K.Cousins
2019_08_WAS_MIN,WAS,00-0028986,18,0.8701659142868698,0.0,C.Keenum
2019_08_WAS_MIN,WAS,00-0035232,7,-9.431494514611295,1.0,D.Haskins
2019_09_CHI_PHI,CHI,00-0033869,25,-5.853036452492233,0.0,M.Trubisky
2019_09_CHI_PHI,PHI,00-0032950,45,6.983115749827505,0.0,C.Wentz
2019_09_CLE_DEN,CLE,00-0034855,46,9.315007727568972,0.0,B.Mayfield
2019_09_CLE_DEN,DEN,00-0032434,25,4.252450073746122,0.0,B.Allen
2019_09_DAL_NYG,DAL,00-0033077,36,10.878895492873333,1.0,D.Prescott
2019_09_DAL_NYG,NYG,00-0035710,50,-15.377752531313055,1.0,D.Jones
2019_09_DET_OAK,DET,00-0026498,44,12.813710665951431,1.0,M.Stafford
2019_09_DET_OAK,LV,00-0031280,32,12.186126348696519,0.0,D.Carr
2019_09_GB_LAC,GB,00-0023459,39,-3.273458936206217,0.0,A.Rodgers
2019_09_GB_LAC,LAC,00-0022942,31,9.326668331463067,0.0,P.Rivers
2019_09_HOU_JAX,HOU,00-0033537,32,17.659028787836814,0.0,D.Watson
2019_09_HOU_JAX,JAX,00-0034437,1,-3.830033043283038,0.0,L.Cooke
2019_09_HOU_JAX,JAX,00-0035289,54,-14.228462956654777,2.0,G.Minshew II
2019_09_IND_PIT,IND,00-0026625,32,-10.193571872732601,1.0,B.Hoyer
2019_09_IND_PIT,IND,00-0033119,7,2.978983511158994,0.0,J.Brissett
2019_09_IND_PIT,PIT,00-0034771,37,-1.0156516120188845,1.0,M.Rudolph
2019_09_MIN_KC,KC,00-0025708,39,2.5455976401526783,0.0,M.Moore
2019_09_MIN_KC,MIN,00-0029604,40,9.799730457773945,0.0,K.Cousins
2019_09_NE_BAL,BAL,00-0034796,26,12.575206523266642,0.0,L.Jackson
2019_09_NE_BAL,NE,00-0019596,48,2.1001360716636572,1.0,T.Brady
2019_09_NYJ_MIA,MIA,00-0023682,42,14.503537845585898,0.0,R.Fitzpatrick
2019_09_NYJ_MIA,NYJ,00-0034869,42,1.9902913387210397,1.0,S.Darnold
2019_09_SF_ARI,ARI,00-0035228,29,5.171713444976226,0.0,K.Murray
2019_09_SF_ARI,SF,00-0031345,39,21.474386749439873,0.0,J.Garoppolo
2019_09_TB_SEA,SEA,00-0029263,48,17.50153271148825,0.0,R.Wilson
2019_09_TB_SEA,TB,00-0031503,47,13.040844137892964,0.0,J.Winston
2019_09_TEN_CAR,CAR,00-0034577,35,4.271298810151205,1.0,K.Allen
2019_09_TEN_CAR,TEN,00-0029701,45,8.31672919097483,2.0,R.Tannehill
2019_09_WAS_BUF,BUF,00-0034857,23,7.769585326480207,0.0,J.Allen
2019_09_WAS_BUF,WAS,00-0035232,29,-4.830892716117512,0.0,D.Haskins
2019_10_ARI_TB,ARI,00-0022824,1,4.240687240380794,0.0,A.Lee
2019_10_ARI_TB,ARI,00-0035228,46,5.7762987127748655,1.0,K.Murray
2019_10_ARI_TB,TB,00-0031503,55,5.354055972870984,2.0,J.Winston
2019_10_ATL_NO,ATL,00-0026143,38,4.2805055670609935,1.0,M.Ryan
2019_10_ATL_NO,NO,00-0020531,49,-17.505181685771543,0.0,D.Brees
2019_10_ATL_NO,NO,00-0033357,1,1.0697987357270904,0.0,T.Hill
2019_10_BAL_CIN,BAL,00-0029665,6,-3.4283384409500286,1.0,R.Griffin III
2019_10_BAL_CIN,BAL,00-0034796,17,24.299665685597574,0.0,L.Jackson
2019_10_BAL_CIN,CIN,00-0035652,35,-23.98054936499978,1.0,R.Finley
2019_10_BUF_CLE,BUF,00-0034857,43,-0.04879168883448437,0.0,J.Allen
2019_10_BUF_CLE,CLE,00-0034855,41,4.985410600792083,0.0,B.Mayfield
2019_10_CAR_GB,CAR,00-0034577,49,2.7582944176932713,1.0,K.Allen
2019_10_CAR_GB,GB,00-0023459,32,5.783807436702773,0.0,A.Rodgers
2019_10_DET_CHI,CHI,00-0033869,29,-2.282848511240445,0.0,M.Trubisky
2019_10_DET_CHI,DET,00-0032436,50,-6.069083972827247,1.0,J.Driskel
2019_10_KC_TEN,KC,00-0023534,1,-2.305290963675361,0.0,D.Colquitt
2019_10_KC_TEN,KC,00-0033873,52,24.450631090026135,0.0,P.Mahomes
2019_10_KC_TEN,TEN,00-0029701,25,0.2962620398029685,0.0,R.Tannehill
2019_10_LAC_OAK,LAC,00-0022942,36,-12.220282213792364,3.0,P.Rivers
2019_10_LAC_OAK,LV,00-0031280,35,4.445482133077974,0.0,D.Carr
2019_10_LA_PIT,LA,00-0028872,1,-3.5123928987886757,1.0,J.Hekker
2019_10_LA_PIT,LA,00-0033106,45,-18.064404790597795,2.0,J.Goff
2019_10_LA_PIT,PIT,00-0034771,41,0.3700505386805162,0.0,M.Rudolph
2019_10_MIA_IND,IND,00-0026625,41,-20.798217858150803,3.0,B.Hoyer
2019_10_MIA_IND,MIA,00-0023682,39,-1.623731161642354,1.0,R.Fitzpatrick
2019_10_MIN_DAL,DAL,00-0028002,1,-0.398940063547343,0.0,R.Cobb
2019_10_MIN_DAL,DAL,00-0033077,47,20.737867520321704,1.0,D.Prescott
2019_10_MIN_DAL,MIN,00-0029604,35,11.878204466128363,0.0,K.Cousins
2019_10_NYG_NYJ,NYG,00-0032943,1,-0.947,0.0,R.Dixon
2019_10_NYG_NYJ,NYG,00-0035710,49,8.099548963291571,0.0,D.Jones
2019_10_NYG_NYJ,NYJ,00-0034869,33,7.15157481828624,0.0,S.Darnold
2019_10_SEA_SF,SEA,00-0029263,43,-8.87022846439504,1.0,R.Wilson
2019_10_SEA_SF,SF,00-0031345,51,-20.70559854364174,1.0,J.Garoppolo
2019_11_ARI_SF,ARI,00-0035228,37,2.1612225840719663,0.0,K.Murray
2019_11_ARI_SF,SF,00-0031345,49,12.729412248110865,2.0,J.Garoppolo
2019_11_ATL_CAR,ATL,00-0026143,35,12.91192101676331,0.0,M.Ryan
2019_11_ATL_CAR,ATL,00-0030465,1,-0.1481077503412962,0.0,K.Barner
2019_11_ATL_CAR,CAR,00-0034577,56,-17.865219022394292,4.0,K.Allen
2019_11_BUF_MIA,BUF,00-0034857,36,14.329739097571238,0.0,J.Allen
2019_11_BUF_MIA,MIA,00-0023682,53,-6.209069774820702,0.0,R.Fitzpatrick
2019_11_CHI_LA,CHI,00-0026544,6,-4.849137832876295,0.0,C.Daniel
2019_11_CHI_LA,CHI,00-0033869,45,-7.8649617992229945,1.0,M.Trubisky
2019_11_CHI_LA,LA,00-0033106,19,4.3231901531837895,1.0,J.Goff
2019_11_CIN_OAK,CIN,00-0035652,38,-18.50559819918561,1.0,R.Finley
2019_11_CIN_OAK,LV,00-0031280,34,9.649766272439734,1.0,D.Carr
2019_11_DAL_DET,DAL,00-0033077,49,22.292596789487963,0.0,D.Prescott
2019_11_DAL_DET,DET,00-0032436,34,6.150531137464102,0.0,J.Driskel
2019_11_DEN_MIN,DEN,00-0032434,42,-6.129395546098136,1.0,B.Allen
2019_11_DEN_MIN,DEN,00-0034348,1,2.553815155522898,0.0,C.Sutton
2019_11_DEN_MIN,MIN,00-0029604,41,6.8499090794213116,0.0,K.Cousins
2019_11_HOU_BAL,BAL,00-0024417,1,-2.624801553087309,0.0,S.Koch
2019_11_HOU_BAL,BAL,00-0029665,2,0.8829059146810323,0.0,R.Griffin III
2019_11_HOU_BAL,BAL,00-0034796,28,22.27157396727779,0.0,L.Jackson
2019_11_HOU_BAL,HOU,00-0031288,2,-4.611413627571892,0.0,A.McCarron
2019_11_HOU_BAL,HOU,00-0033537,37,-18.715475744793014,1.0,D.Watson
2019_11_JAX_IND,IND,00-0033119,29,0.9486698165979726,1.0,J.Brissett
2019_11_JAX_IND,JAX,00-0029567,50,-5.675666715112677,1.0,N.Foles
2019_11_KC_LAC,KC,00-0033873,37,4.53738003699571,1.0,P.Mahomes
2019_11_KC_LAC,LAC,00-0022942,53,-2.317023142946332,4.0,P.Rivers
2019_11_NE_PHI,NE,00-0019596,48,-5.90288433864299,0.0,T.Brady
2019_11_NE_PHI,NE,00-0027150,1,3.612264456693083,0.0,J.Edelman
2019_11_NE_PHI,PHI,00-0032950,47,-14.501701898669001,0.0,C.Wentz
2019_11_NO_TB,NO,00-0020531,35,11.7335873374257,0.0,D.Brees
2019_11_NO_TB,NO,00-0033357,1,-2.2278687220532447,0.0,T.Hill
2019_11_NO_TB,TB,00-0031503,54,-8.306425218999209,4.0,J.Winston
2019_11_NYJ_WAS,NYJ,00-0028064,1,-0.5224094889126718,0.0,B.Powell
2019_11_NYJ_WAS,NYJ,00-0034869,32,11.110092963160064,1.0,S.Darnold
2019_11_NYJ_WAS,WAS,00-0035232,44,-11.944685849831082,1.0,D.Haskins
2019_11_PIT_CLE,CLE,00-0034855,33,1.083247806824918,0.0,B.Mayfield
2019_11_PIT_CLE,PIT,00-0034771,49,-28.18953514917842,4.0,M.Rudolph
2019_12_BAL_LA,BAL,00-0029665,4,0.9771440128180009,0.0,R.Griffin III
2019_12_BAL_LA,BAL,00-0034796,24,21.70207847247366,0.0,L.Jackson
2019_12_BAL_LA,LA,00-0033106,39,-9.273339710424139,2.0,J.Goff
2019_12_CAR_NO,CAR,00-0034577,42,13.140656901015472,0.0,K.Allen
2019_12_CAR_NO,NO,00-0020531,40,8.779703674194804,1.0,D.Brees
2019_12_DAL_NE,DAL,00-0033077,34,-7.306551352426808,1.0,D.Prescott
2019_12_DAL_NE,NE,00-0019596,39,-6.427478578120861,0.0,T.Brady
2019_12_DEN_BUF,BUF,00-0034857,28,8.080828045327115,1.0,J.Allen
2019_12_DEN_BUF,DEN,00-0032434,31,-16.271423527825686,1.0,B.Allen
2019_12_DET_WAS,DET,00-0032436,43,-0.8231518587764239,3.0,J.Driskel
2019_12_DET_WAS,WAS,00-0034928,1,-0.3598180672270246,0.0,S.Sims
2019_12_DET_WAS,WAS,00-0035232,34,-9.821152593715748,1.0,D.Haskins
2019_12_GB_SF,GB,00-0023459,42,-15.768289589628576,0.0,A.Rodgers
2019_12_GB_SF,GB,00-0034177,4,-0.45442071673460305,0.0,T.Boyle
2019_12_GB_SF,SF,00-0031345,23,7.642351797432224,0.0,J.Garoppolo
2019_12_IND_HOU,HOU,00-0033537,31,7.496709455318575,1.0,D.Watson
2019_12_IND_HOU,IND,00-0033119,28,-3.0312150643890226,0.0,J.Brissett
2019_12_JAX_TEN,JAX,00-0029567,55,-0.40511271625712575,0.0,N.Foles
2019_12_JAX_TEN,TEN,00-0029701,20,14.687930337182479,0.0,R.Tannehill
2019_12_MIA_CLE,CLE,00-0034855,35,13.642490753519667,1.0,B.Mayfield
2019_12_MIA_CLE,MIA,00-0023682,47,1.056836319330614,2.0,R.Fitzpatrick
2019_12_NYG_CHI,CHI,00-0033869,46,-3.5488764326457125,2.0,M.Trubisky
2019_12_NYG_CHI,NYG,00-0035710,39,-13.113507158804298,0.0,D.Jones
2019_12_OAK_NYJ,LV,00-0030520,7,-3.6604125986341387,0.0,M.Glennon
2019_12_OAK_NYJ,LV,00-0031280,28,-5.091131057338049,1.0,D.Carr
2019_12_OAK_NYJ,NYJ,00-0034869,32,15.687411917135247,0.0,S.Darnold
2019_12_PIT_CIN,CIN,00-0035652,31,-8.04860042292107,0.0,R.Finley
2019_12_PIT_CIN,PIT,00-0034771,19,-7.54661997261799,1.0,M.Rudolph
2019_12_PIT_CIN,PIT,00-0035577,14,-0.24363488542610612,0.0,D.Hodges
2019_12_SEA_PHI,PHI,00-0032950,51,-8.292634169004241,2.0,C.Wentz
2019_12_SEA_PHI,SEA,00-0029263,32,-2.387491198166284,1.0,R.Wilson
2019_12_TB_ATL,ATL,00-0022787,10,3.4859237429774366,0.0,M.Schaub
2019_12_TB_ATL,ATL,00-0026143,53,-12.988440954600174,1.0,M.Ryan
2019_12_TB_ATL,TB,00-0031503,32,15.329701972980383,2.0,J.Winston
2019_13_BUF_DAL,BUF,00-0031051,1,3.1874308812548406,0.0,J.Brown
2019_13_BUF_DAL,BUF,00-0034857,31,13.095762585256582,0.0,J.Allen
2019_13_BUF_DAL,DAL,00-0033077,57,-3.4880537868665833,1.0,D.Prescott
2019_13_CHI_DET,CHI,00-0033869,42,8.82501432634021,1.0,M.Trubisky
2019_13_CHI_DET,DET,00-0035040,41,3.804561364169546,1.0,D.Blough
2019_13_CLE_PIT,CLE,00-0031395,2,-0.05568085648701526,0.0,G.Gilbert
2019_13_CLE_PIT,CLE,00-0034855,37,-4.571336100043382,1.0,B.Mayfield
2019_13_CLE_PIT,PIT,00-0035577,23,6.133390621196368,1.0,D.Hodges
2019_13_GB_NYG,GB,00-0023459,36,20.45913366086843,0.0,A.Rodgers
2019_13_GB_NYG,NYG,00-0035710,38,-2.4830566223907358,3.0,D.Jones
2019_13_LAC_DEN,DEN,00-0035704,31,-3.2328642512239174,1.0,D.Lock
2019_13_LAC_DEN,LAC,00-0022942,32,3.9527934972364878,1.0,P.Rivers
2019_13_LA_ARI,ARI,00-0035228,42,-25.638892324466724,1.0,K.Murray
2019_13_LA_ARI,LA,00-0031407,2,-1.4286358838435262,0.0,B.Bortles
2019_13_LA_ARI,LA,00-0033106,43,23.650386435538607,0.0,J.Goff
2019_13_MIN_SEA,MIN,00-0029604,38,1.1532936525716688,1.0,K.Cousins
2019_13_MIN_SEA,SEA,00-0029263,36,3.067199689478601,1.0,R.Wilson
2019_13_NE_HOU,HOU,00-0030564,1,1.30336453410564,0.0,D.Hopkins
2019_13_NE_HOU,HOU,00-0033537,29,11.070465849305037,0.0,D.Watson
2019_13_NE_HOU,NE,00-0019596,52,4.4540854148178886,1.0,T.Brady
2019_13_NO_ATL,ATL,00-0026143,62,-17.63675411308651,2.0,M.Ryan
2019_13_NO_ATL,NO,00-0020531,30,-0.6099195163120907,0.0,D.Brees
2019_13_NO_ATL,NO,00-0033357,1,-0.6327455985592678,0.0,T.Hill
2019_13_NYJ_CIN,CIN,00-0027973,39,2.449017981514582,0.0,A.Dalton
2019_13_NYJ_CIN,NYJ,00-0034869,54,-10.311491056137369,0.0,S.Darnold
2019_13_OAK_KC,KC,00-0033873,32,7.379382222644298,0.0,P.Mahomes
2019_13_OAK_KC,LV,00-0031280,34,-4.79249613483625,2.0,D.Carr
2019_13_PHI_MIA,MIA,00-0023682,45,13.932543951465282,1.0,R.Fitzpatrick
2019_13_PHI_MIA,MIA,00-0033400,1,2.270358375797514,0.0,M.Haack
2019_13_PHI_MIA,PHI,00-0032950,48,9.645712658844774,1.0,C.Wentz
2019_13_SF_BAL,BAL,00-0034796,24,-1.7514426118803197,0.0,L.Jackson
2019_13_SF_BAL,SF,00-0031345,25,1.3920907186846918,0.0,J.Garoppolo
2019_13_TB_JAX,JAX,00-0029567,17,-16.524362469441257,1.0,N.Foles
2019_13_TB_JAX,JAX,00-0035289,32,-11.01693398623308,1.0,G.Minshew II
2019_13_TB_JAX,TB,00-0031503,39,0.11553632251134793,0.0,J.Winston
2019_13_TEN_IND,IND,00-0033119,43,2.0311345767800493,2.0,J.Brissett
2019_13_TEN_IND,TEN,00-0029701,29,-4.183552642308268,0.0,R.Tannehill
2019_13_WAS_CAR,CAR,00-0034577,56,-1.1830050880089402,1.0,K.Allen
2019_13_WAS_CAR,WAS,00-0035232,33,-7.327673695450003,0.0,D.Haskins
2019_14_BAL_BUF,BAL,00-0034796,26,0.8848434259480875,1.0,L.Jackson
2019_14_BAL_BUF,BUF,00-0034857,47,-20.743674199299438,0.0,J.Allen
2019_14_CAR_ATL,ATL,00-0026143,36,7.599886133126037,0.0,M.Ryan
2019_14_CAR_ATL,CAR,00-0034577,50,-6.404619383763459,2.0,K.Allen
2019_14_CIN_CLE,CIN,00-0027973,39,-5.707705532419594,1.0,A.Dalton
2019_14_CIN_CLE,CIN,00-0032543,1,1.738960771006532,0.0,A.Erickson
2019_14_CIN_CLE,CLE,00-0034855,27,1.9367727940547264,2.0,B.Mayfield
2019_14_DAL_CHI,CHI,00-0033869,37,9.977317818474729,1.0,M.Trubisky
2019_14_DAL_CHI,DAL,00-0033077,51,3.320981071596726,0.0,D.Prescott
2019_14_DEN_HOU,DEN,00-0035704,30,20.55135830310795,1.0,D.Lock
2019_14_DEN_HOU,HOU,00-0033537,58,3.4637244279078505,2.0,D.Watson
2019_14_DET_MIN,DET,00-0035040,45,-9.511849442909838,2.0,D.Blough
2019_14_DET_MIN,MIN,00-0029604,31,5.661337909140102,0.0,K.Cousins
2019_14_IND_TB,IND,00-0033119,41,4.531578218491518,0.0,J.Brissett
2019_14_IND_TB,TB,00-0029857,4,-0.6239215268287808,0.0,R.Griffin III
2019_14_IND_TB,TB,00-0031503,48,10.955876037911391,3.0,J.Winston
2019_14_KC_NE,KC,00-0033873,44,3.259982698864871,1.0,P.Mahomes
2019_14_KC_NE,NE,00-0019596,40,-16.58019937006264,1.0,T.Brady
2019_14_KC_NE,NE,00-0031062,1,2.000194003863726,0.0,J.White
2019_14_LAC_JAX,JAX,00-0034437,1,3.129167773993686,0.0,L.Cooke
2019_14_LAC_JAX,JAX,00-0035289,45,-13.15614876196935,0.0,G.Minshew II
2019_14_LAC_JAX,LAC,00-0022942,23,25.134482017184357,0.0,P.Rivers
2019_14_LAC_JAX,LAC,00-0028118,5,2.537555277114734,0.0,T.Taylor
2019_14_MIA_NYJ,MIA,00-0023682,45,2.3062230596980093,1.0,R.Fitzpatrick
2019_14_MIA_NYJ,NYJ,00-0034869,36,7.150493877548684,1.0,S.Darnold
2019_14_NYG_PHI,NYG,00-0022803,32,-1.8309809216416104,0.0,E.Manning
2019_14_NYG_PHI,PHI,00-0032950,54,3.976361995223231,0.0,C.Wentz
2019_14_PIT_ARI,ARI,00-0035228,38,-6.73867794837547,3.0,K.Murray
2019_14_PIT_ARI,PIT,00-0035577,26,6.823692826017308,0.0,D.Hodges
2019_14_SEA_LA,LA,00-0033106,32,7.7367471728648525,2.0,J.Goff
2019_14_SEA_LA,LA,00-0033908,1,-1.315011633846808,0.0,C.Kupp
2019_14_SEA_LA,SEA,00-0029263,45,-6.601236554812016,1.0,R.Wilson
2019_14_SF_NO,NO,00-0020531,41,17.10962359574371,0.0,D.Brees
2019_14_SF_NO,NO,00-0033357,2,-2.035219051176682,0.0,T.Hill
2019_14_SF_NO,SF,00-0027685,1,3.320115084410645,0.0,E.Sanders
2019_14_SF_NO,SF,00-0031345,39,16.799447951416944,1.0,J.Garoppolo
2019_14_TEN_OAK,LV,00-0031280,38,7.241468272433849,0.0,D.Carr
2019_14_TEN_OAK,TEN,00-0029701,29,22.2856476826418,1.0,R.Tannehill
2019_14_WAS_GB,GB,00-0023459,34,-2.6566169365406407,0.0,A.Rodgers
2019_14_WAS_GB,WAS,00-0035232,30,-1.2482837844371746,1.0,D.Haskins
2019_15_ATL_SF,ATL,00-0026143,45,6.495995870073785,0.0,M.Ryan
2019_15_ATL_SF,SF,00-0031345,36,1.6966826341617098,0.0,J.Garoppolo
2019_15_BUF_PIT,BUF,00-0034857,30,-2.9570896995719522,1.0,J.Allen
2019_15_BUF_PIT,PIT,00-0035577,42,-15.777383124010331,4.0,D.Hodges
2019_15_CHI_GB,CHI,00-0033869,58,-1.8562327463682031,2.0,M.Trubisky
2019_15_CHI_GB,GB,00-0023459,36,-3.3479314916185103,0.0,A.Rodgers
2019_15_CLE_ARI,ARI,00-0035228,27,6.879743723012407,1.0,K.Murray
2019_15_CLE_ARI,CLE,00-0034855,45,7.967379219973859,1.0,B.Mayfield
2019_15_DEN_KC,DEN,00-0035704,42,-11.684357240162868,1.0,D.Lock
2019_15_DEN_KC,KC,00-0023534,1,-0.947,0.0,D.Colquitt
2019_15_DEN_KC,KC,00-0033873,40,11.377784683894852,1.0,P.Mahomes
2019_15_HOU_TEN,HOU,00-0033537,32,6.6671546313446015,2.0,D.Watson
2019_15_HOU_TEN,TEN,00-0025825,1,-2.171806056809146,0.0,B.Kern
2019_15_HOU_TEN,TEN,00-0029701,38,4.431170610695453,1.0,R.Tannehill
2019_15_IND_NO,IND,00-0033119,36,-7.547080845426535,0.0,J.Brissett
2019_15_IND_NO,NO,00-0020531,30,21.45337705979734,0.0,D.Brees
2019_15_JAX_OAK,JAX,00-0035289,35,5.7632620558439545,0.0,G.Minshew II
2019_15_JAX_OAK,LV,00-0031280,40,4.54085112974043,0.0,D.Carr
2019_15_LA_DAL,DAL,00-0033077,25,6.719002969536569,0.0,D.Prescott
2019_15_LA_DAL,LA,00-0028872,1,2.856620193691924,0.0,J.Hekker
2019_15_LA_DAL,LA,00-0033106,54,-7.040711897789035,1.0,J.Goff
2019_15_MIA_NYG,MIA,00-0023682,48,0.3932787795921242,0.0,R.Fitzpatrick
2019_15_MIA_NYG,NYG,00-0022803,29,1.8245274427172262,3.0,E.Manning
2019_15_MIA_NYG,NYG,00-0029623,1,-0.04524400760419667,0.0,A.Tanney
2019_15_MIN_LAC,LAC,00-0022942,42,-5.544166259584406,3.0,P.Rivers
2019_15_MIN_LAC,MIN,00-0029604,25,6.197829872212926,1.0,K.Cousins
2019_15_NE_CIN,CIN,00-0027973,31,-12.47257234520264,4.0,A.Dalton
2019_15_NE_CIN,NE,00-0019596,31,-2.432835970476878,0.0,T.Brady
2019_15_NYJ_BAL,BAL,00-0029665,1,-0.4054707589093596,0.0,R.Griffin III
2019_15_NYJ_BAL,BAL,00-0034796,26,18.66056214386481,0.0,L.Jackson
2019_15_NYJ_BAL,NYJ,00-0034869,35,-6.098328423959541,1.0,S.Darnold
2019_15_PHI_WAS,PHI,00-0032950,47,8.908586707563913,0.0,C.Wentz
2019_15_PHI_WAS,WAS,00-0035232,31,-0.40909809415976106,0.0,D.Haskins
2019_15_SEA_CAR,CAR,00-0033280,1,-0.5022525833919644,0.0,C.McCaffrey
2019_15_SEA_CAR,CAR,00-0034577,45,-0.7436482448038237,3.0,K.Allen
2019_15_SEA_CAR,SEA,00-0029263,29,17.409667583034874,0.0,R.Wilson
2019_15_SEA_CAR,SEA,00-0029664,1,-2.873463816009462,1.0,J.Gordon
2019_15_TB_DET,DET,00-0035040,48,-17.00612678105124,2.0,D.Blough
2019_15_TB_DET,TB,00-0031503,44,25.19753678555223,1.0,J.Winston
2019_16_ARI_SEA,ARI,00-0031589,12,2.565182952544622,0.0,B.Hundley
2019_16_ARI_SEA,ARI,00-0035228,22,1.8030960364576274,0.0,K.Murray
2019_16_ARI_SEA,SEA,00-0029263,37,-4.6112493338238725,0.0,R.Wilson
2019_16_BAL_CLE,BAL,00-0034796,34,14.513223085504665,0.0,L.Jackson
2019_16_BAL_CLE,CLE,00-0033923,1,-1.2235224395990372,0.0,K.Hunt
2019_16_BAL_CLE,CLE,00-0034855,35,0.6789494609390889,1.0,B.Mayfield
2019_16_BUF_NE,BUF,00-0034857,31,3.410659728189999,0.0,J.Allen
2019_16_BUF_NE,NE,00-0019596,35,11.848009315937032,0.0,T.Brady
2019_16_CAR_IND,CAR,00-0031363,1,3.804443590459414,0.0,M.Palardy
2019_16_CAR_IND,CAR,00-0035251,52,-11.291919380037031,3.0,W.Grier
2019_16_CAR_IND,IND,00-0033119,32,-4.025257653785731,0.0,J.Brissett
2019_16_CIN_MIA,CIN,00-0027973,61,12.634464835428167,0.0,A.Dalton
2019_16_CIN_MIA,MIA,00-0023682,55,19.376094021077733,1.0,R.Fitzpatrick
2019_16_DAL_PHI,DAL,00-0033077,47,-4.976618603342953,0.0,D.Prescott
2019_16_DAL_PHI,PHI,00-0032950,44,7.90806974274652,0.0,C.Wentz
2019_16_DET_DEN,DEN,00-0034959,1,2.3515461592469364,0.0,A.Beck
2019_16_DET_DEN,DEN,00-0035704,35,4.270780837882366,0.0,D.Lock
2019_16_DET_DEN,DET,00-0035040,28,-5.202768579759034,0.0,D.Blough
2019_16_GB_MIN,GB,00-0023459,44,-7.240831446230075,1.0,A.Rodgers
2019_16_GB_MIN,MIN,00-0029604,36,-22.886030545295142,1.0,K.Cousins
2019_16_GB_MIN,MIN,00-0031588,1,-1.8194127251044847,0.0,S.Diggs
2019_16_HOU_TB,HOU,00-0033537,42,-5.155731649578126,1.0,D.Watson
2019_16_HOU_TB,TB,00-0031503,53,-3.9086992638986437,4.0,J.Winston
2019_16_JAX_ATL,ATL,00-0026143,47,10.82834418744576,2.0,M.Ryan
2019_16_JAX_ATL,JAX,00-0034437,1,3.0307770369108766,0.0,L.Cooke
2019_16_JAX_ATL,JAX,00-0035289,41,-5.4677129120006605,0.0,G.Minshew II
2019_16_KC_CHI,CHI,00-0033869,37,-12.190863982871404,0.0,M.Trubisky
2019_16_KC_CHI,KC,00-0033873,36,16.055756276995016,0.0,P.Mahomes
2019_16_LA_SF,LA,00-0033106,50,4.732484070055001,1.0,J.Goff
2019_16_LA_SF,SF,00-0031345,34,-6.303389447343157,2.0,J.Garoppolo
2019_16_NO_TEN,NO,00-0020531,41,8.603932130417347,0.0,D.Brees
2019_16_NO_TEN,NO,00-0033357,2,-0.7296276144916192,0.0,T.Hill
2019_16_NO_TEN,TEN,00-0029701,33,8.105361634807196,0.0,R.Tannehill
2019_16_NYG_WAS,NYG,00-0035710,46,25.498841919507736,0.0,D.Jones
2019_16_NYG_WAS,WAS,00-0028986,24,3.861975654377602,0.0,C.Keenum
2019_16_NYG_WAS,WAS,00-0035232,17,10.157755331660155,0.0,D.Haskins
2019_16_NYG_WAS,WAS,00-0035297,1,0.9028711734572425,0.0,K.Harmon
2019_16_OAK_LAC,LAC,00-0022942,40,4.6298117137430435,0.0,P.Rivers
2019_16_OAK_LAC,LV,00-0031280,34,16.751209508569445,0.0,D.Carr
2019_16_PIT_NYJ,NYJ,00-0034869,29,-4.05911203635259,0.0,S.Darnold
2019_16_PIT_NYJ,PIT,00-0034771,22,4.068457271216565,0.0,M.Rudolph
2019_16_PIT_NYJ,PIT,00-0035577,20,-8.992433355015237,2.0,D.Hodges
2019_17_ARI_LA,ARI,00-0031589,1,-0.5045322114601731,0.0,B.Hundley
2019_17_ARI_LA,ARI,00-0035228,42,8.141943324136106,2.0,K.Murray
2019_17_ARI_LA,LA,00-0033106,47,14.91610783620442,0.0,J.Goff
2019_17_ATL_TB,ATL,00-0026143,58,-7.243255927267946,0.0,M.Ryan
2019_17_ATL_TB,TB,00-0031503,27,-7.856160480337933,2.0,J.Winston
2019_17_CHI_MIN,CHI,00-0033869,42,-2.287085848334712,0.0,M.Trubisky
2019_17_CHI_MIN,MIN,00-0032245,21,-4.060896042318954,2.0,S.Mannion
2019_17_CLE_CIN,CIN,00-0027973,31,9.46510714714869,1.0,A.Dalton
2019_17_CLE_CIN,CLE,00-0034855,37,4.467977423851494,3.0,B.Mayfield
2019_17_GB_DET,DET,00-0026035,1,1.9585355066228658,0.0,D.Amendola
2019_17_GB_DET,DET,00-0035040,32,-13.70536858644999,1.0,D.Blough
2019_17_GB_DET,GB,00-0023459,57,8.302614984713589,1.0,A.Rodgers
2019_17_IND_JAX,IND,00-0033119,30,-12.47140482626834,0.0,J.Brissett
2019_17_IND_JAX,JAX,00-0035289,45,11.790068924612832,1.0,G.Minshew II
2019_17_LAC_KC,KC,00-0033873,27,-0.8760251234816923,1.0,P.Mahomes
2019_17_LAC_KC,LAC,00-0022942,50,8.977145729470067,2.0,P.Rivers
2019_17_MIA_NE,MIA,00-0023682,47,13.98678581182563,0.0,R.Fitzpatrick
2019_17_MIA_NE,MIA,00-0030669,2,0.9425211698981002,0.0,A.Wilson
2019_17_MIA_NE,MIA,00-0033400,1,-2.8551007392816246,0.0,M.Haack
2019_17_MIA_NE,NE,00-0019596,30,0.15550188838013268,1.0,T.Brady
2019_17_NO_CAR,CAR,00-0034577,44,1.6214617196352323,1.0,K.Allen
2019_17_NO_CAR,CAR,00-0035251,11,-16.33414247748442,1.0,W.Grier
2019_17_NO_CAR,NO,00-0020531,30,18.676652229914907,0.0,D.Brees
2019_17_NO_CAR,NO,00-0031237,2,0.8439147740136832,0.0,T.Bridgewater
2019_17_NYJ_BUF,BUF,00-0030533,35,-7.374310926419881,2.0,M.Barkley
2019_17_NYJ_BUF,BUF,00-0034857,5,-4.213322689058259,0.0,J.Allen
2019_17_NYJ_BUF,NYJ,00-0034869,38,1.8268700735310097,1.0,S.Darnold
2019_17_OAK_DEN,DEN,00-0035704,34,5.672822605539242,0.0,D.Lock
2019_17_OAK_DEN,LV,00-0031280,48,9.105802987678064,0.0,D.Carr
2019_17_PHI_NYG,NYG,00-0035710,52,-5.726487367313387,1.0,D.Jones
2019_17_PHI_NYG,PHI,00-0032950,43,6.802862203810548,0.0,C.Wentz
2019_17_PIT_BAL,BAL,00-0029665,25,-6.161843738201564,1.0,R.Griffin III
2019_17_PIT_BAL,PIT,00-0035577,27,-13.891910077316645,0.0,D.Hodges
2019_17_SF_SEA,SEA,00-0029263,47,11.121390181186143,0.0,R.Wilson
2019_17_SF_SEA,SF,00-0031345,25,14.276620725294734,0.0,J.Garoppolo
2019_17_TEN_HOU,HOU,00-0031288,45,-3.0376333038148005,1.0,A.McCarron
2019_17_TEN_HOU,TEN,00-0029701,22,16.62015032666386,0.0,R.Tannehill
2019_17_TEN_HOU,TEN,00-0032268,1,1.7300607514334843,0.0,M.Mariota
2019_17_WAS_DAL,DAL,00-0033077,37,8.018767755442507,0.0,D.Prescott
2019_17_WAS_DAL,WAS,00-0028986,39,-18.784486305229137,1.0,C.Keenum
2020_01_ARI_SF,ARI,00-0035228,49,7.3183349875479475,1.0,K.Murray
2020_01_ARI_SF,SF,00-0031345,37,0.8235153829713404,0.0,J.Garoppolo
2020_01_CHI_DET,CHI,00-0033869,39,4.823191870201246,0.0,M.Trubisky
2020_01_CHI_DET,DET,00-0026498,46,1.9502037620696528,1.0,M.Stafford
2020_01_CLE_BAL,BAL,00-0029665,1,-0.9065175668802112,0.0,R.Griffin III
2020_01_CLE_BAL,BAL,00-0034796,29,17.764331226953452,0.0,L.Jackson
2020_01_CLE_BAL,CLE,00-0034855,42,-10.677973079232117,1.0,B.Mayfield
2020_01_DAL_LA,DAL,00-0033077,45,-1.9018875211659112,0.0,D.Prescott
2020_01_DAL_LA,LA,00-0033106,34,4.657969867582443,1.0,J.Goff
2020_01_GB_MIN,GB,00-0023459,44,17.96795294842243,0.0,A.Rodgers
2020_01_GB_MIN,MIN,00-0029604,32,9.439434830672727,1.0,K.Cousins
2020_01_HOU_KC,HOU,00-0033537,41,3.5646895345959786,1.0,D.Watson
2020_01_HOU_KC,KC,00-0033873,33,13.987828913610429,0.0,P.Mahomes
2020_01_IND_JAX,IND,00-0022942,47,9.581461928874699,2.0,P.Rivers
2020_01_IND_JAX,IND,00-0033119,1,-1.9841768899350427,0.0,J.Brissett
2020_01_IND_JAX,JAX,00-0035289,28,7.602584560409635,0.0,G.Minshew II
2020_01_LAC_CIN,CIN,00-0036442,42,-7.180236348290264,1.0,J.Burrow
2020_01_LAC_CIN,LAC,00-0028118,34,0.3118831924046477,0.0,T.Taylor
2020_01_LV_CAR,CAR,00-0031237,40,6.920154201044804,0.0,T.Bridgewater
2020_01_LV_CAR,LV,00-0031280,30,10.777473809644514,0.0,D.Carr
2020_01_MIA_NE,MIA,00-0023682,34,-8.533954488166957,3.0,R.Fitzpatrick
2020_01_MIA_NE,NE,00-0027939,22,4.065290007158183,0.0,C.Newton
2020_01_NYJ_BUF,BUF,00-0034857,52,16.305088457974406,0.0,J.Allen
2020_01_NYJ_BUF,NYJ,00-0034869,37,-4.428723609424196,1.0,S.Darnold
2020_01_PHI_WAS,PHI,00-0032950,50,-19.575955701824473,2.0,C.Wentz
2020_01_PHI_WAS,WAS,00-0035232,36,-1.7689396158424144,0.0,D.Haskins
2020_01_PIT_NYG,NYG,00-0035710,48,0.8301031434043892,2.0,D.Jones
2020_01_PIT_NYG,PIT,00-0022924,35,15.39476781030427,0.0,B.Roethlisberger
2020_01_SEA_ATL,ATL,00-0026143,57,6.093836281507872,1.0,M.Ryan
2020_01_SEA_ATL,SEA,00-0029263,39,18.993596866387325,0.0,R.Wilson
2020_01_TB_NO,NO,00-0020531,32,-3.8356712858892403,0.0,D.Brees
2020_01_TB_NO,NO,00-0033357,2,3.726294425490778,0.0,T.Hill
2020_01_TB_NO,TB,00-0019596,41,-10.7007180290069,2.0,T.Brady
2020_01_TEN_DEN,DEN,00-0035704,34,-1.3591477204172406,0.0,D.Lock
2020_01_TEN_DEN,TEN,00-0029701,45,10.686762576109649,0.0,R.Tannehill
2020_02_ATL_DAL,ATL,00-0026143,42,14.481820488911678,0.0,M.Ryan
2020_02_ATL_DAL,ATL,00-0034411,1,-2.0124340399634093,0.0,R.Gage
2020_02_ATL_DAL,DAL,00-0027973,1,-0.2147748937131837,0.0,A.Dalton
2020_02_ATL_DAL,DAL,00-0028664,1,-3.3216047949390486,0.0,C.Jones
2020_02_ATL_DAL,DAL,00-0033077,48,18.004252552928758,0.0,D.Prescott
2020_02_BAL_HOU,BAL,00-0034796,31,5.077323442369236,0.0,L.Jackson
2020_02_BAL_HOU,HOU,00-0033537,44,-0.8881851478054941,1.0,D.Watson
2020_02_BUF_MIA,BUF,00-0034857,37,28.18385939605981,0.0,J.Allen
2020_02_BUF_MIA,MIA,00-0023682,52,7.683838338576134,0.0,R.Fitzpatrick
2020_02_CAR_TB,CAR,00-0031237,47,-4.210848205520915,2.0,T.Bridgewater
2020_02_CAR_TB,TB,00-0019596,35,0.5243797431487236,1.0,T.Brady
2020_02_CIN_CLE,CIN,00-0036442,67,15.136847136325912,0.0,J.Burrow
2020_02_CIN_CLE,CLE,00-0034855,24,12.604773284023395,1.0,B.Mayfield
2020_02_DEN_PIT,DEN,00-0032436,42,-3.0929392651660765,1.0,J.Driskel
2020_02_DEN_PIT,DEN,00-0035704,6,-8.161262641311623,0.0,D.Lock
2020_02_DEN_PIT,PIT,00-0022924,42,1.1079273024224676,1.0,B.Roethlisberger
2020_02_DET_GB,DET,00-0026498,38,-5.06611686074757,1.0,M.Stafford
2020_02_DET_GB,GB,00-0023459,33,15.234534277645345,0.0,A.Rodgers
2020_02_JAX_TEN,JAX,00-0035289,50,14.674131367231729,2.0,G.Minshew II
2020_02_JAX_TEN,TEN,00-0029701,27,19.132560136992844,0.0,R.Tannehill
2020_02_KC_LAC,KC,00-0033873,55,9.170429343974044,0.0,P.Mahomes
2020_02_KC_LAC,LAC,00-0036355,37,2.407190296692646,1.0,J.Herbert
2020_02_LA_PHI,LA,00-0033106,30,21.02600288586717,0.0,J.Goff
2020_02_LA_PHI,PHI,00-0032950,44,-9.055106838236544,2.0,C.Wentz
2020_02_MIN_IND,IND,00-0022942,27,2.861142298327305,1.0,P.Rivers
2020_02_MIN_IND,MIN,00-0029604,28,-13.046594499026893,3.0,K.Cousins
2020_02_NE_SEA,NE,00-0027939,47,22.464464814818935,1.0,C.Newton
2020_02_NE_SEA,SEA,00-0029263,34,13.55148223444121,1.0,R.Wilson
2020_02_NO_LV,LV,00-0031280,42,14.253016002863026,0.0,D.Carr
2020_02_NO_LV,NO,00-0020531,38,3.8463376417311244,1.0,D.Brees
2020_02_NYG_CHI,CHI,00-0033869,33,3.2886553076416867,2.0,M.Trubisky
2020_02_NYG_CHI,NYG,00-0035710,45,-7.105669032643137,1.0,D.Jones
2020_02_SF_NYJ,NYJ,00-0034869,34,-1.222786796585527,0.0,S.Darnold
2020_02_SF_NYJ,SF,00-0031345,17,14.405696648580488,0.0,J.Garoppolo
2020_02_SF_NYJ,SF,00-0033319,13,-6.854055552044198,1.0,N.Mullens
2020_02_WAS_ARI,ARI,00-0035228,43,3.356492361030444,1.0,K.Murray
2020_02_WAS_ARI,WAS,00-0035232,39,-8.270190986088238,0.0,D.Haskins
2020_03_CAR_LAC,CAR,00-0031237,31,1.9463917145923362,0.0,T.Bridgewater
2020_03_CAR_LAC,LAC,00-0036355,53,2.0023395747383015,1.0,J.Herbert
2020_03_CHI_ATL,ATL,00-0026143,40,-7.075526643274059,1.0,M.Ryan
2020_03_CHI_ATL,CHI,00-0029567,30,4.183042045202572,1.0,N.Foles
2020_03_CHI_ATL,CHI,00-0033869,25,-1.7406036421269548,1.0,M.Trubisky
2020_03_CIN_PHI,CIN,00-0036442,52,3.7584861013506017,0.0,J.Burrow
2020_03_CIN_PHI,PHI,00-0032950,56,-0.10405863286576755,2.0,C.Wentz
2020_03_DAL_SEA,DAL,00-0033077,63,8.528789691125592,2.0,D.Prescott
2020_03_DAL_SEA,SEA,00-0029263,49,13.904291107246653,0.0,R.Wilson
2020_03_DET_ARI,ARI,00-0035228,37,-3.1922106792917475,3.0,K.Murray
2020_03_DET_ARI,DET,00-0026498,35,6.25321579899879,0.0,M.Stafford
2020_03_GB_NO,GB,00-0023459,34,13.295909987767997,0.0,A.Rodgers
2020_03_GB_NO,NO,00-0020531,37,11.02612214922194,0.0,D.Brees
2020_03_GB_NO,NO,00-0033357,1,0.36052721412852407,0.0,T.Hill
2020_03_HOU_PIT,HOU,00-0033537,33,7.088856296002632,1.0,D.Watson
2020_03_HOU_PIT,PIT,00-0022924,40,8.659063912352119,0.0,B.Roethlisberger
2020_03_KC_BAL,BAL,00-0034796,35,-12.224646398253546,0.0,L.Jackson
2020_03_KC_BAL,KC,00-0033873,46,35.25243053338976,0.0,P.Mahomes
2020_03_LA_BUF,BUF,00-0034857,37,8.455064536363352,1.0,J.Allen
2020_03_LA_BUF,LA,00-0033106,36,12.672688925165245,1.0,J.Goff
2020_03_LV_NE,LV,00-0031280,36,-2.08098973109235,0.0,D.Carr
2020_03_LV_NE,NE,00-0027939,31,-2.7060841192068175,1.0,C.Newton
2020_03_MIA_JAX,JAX,00-0035289,49,-8.500436818692833,1.0,G.Minshew II
2020_03_MIA_JAX,MIA,00-0023682,24,10.367064085439779,0.0,R.Fitzpatrick
2020_03_NYJ_IND,IND,00-0022942,21,9.946979638189255,0.0,P.Rivers
2020_03_NYJ_IND,IND,00-0033119,4,-0.41620669420808554,0.0,J.Brissett
2020_03_NYJ_IND,NYJ,00-0034869,36,-22.12870451831259,3.0,S.Darnold
2020_03_SF_NYG,NYG,00-0035710,35,-2.167119371530748,1.0,D.Jones
2020_03_SF_NYG,SF,00-0033319,38,24.949303249956593,0.0,N.Mullens
2020_03_SF_NYG,SF,00-0034941,1,-0.947,0.0,M.Wishnowsky
2020_03_TB_DEN,DEN,00-0032436,37,-9.069435469072927,1.0,J.Driskel
2020_03_TB_DEN,DEN,00-0034955,10,-2.889661577239167,1.0,B.Rypien
2020_03_TB_DEN,TB,00-0019596,41,11.142688930049236,0.0,T.Brady
2020_03_TEN_MIN,MIN,00-0029604,31,4.590663492350356,2.0,K.Cousins
2020_03_TEN_MIN,TEN,00-0029701,40,-0.49928724995103835,1.0,R.Tannehill
2020_03_TEN_MIN,TEN,00-0032009,1,-0.4747732928954065,0.0,A.Humphries
2020_03_WAS_CLE,CLE,00-0034855,26,7.726604393886225,0.0,B.Mayfield
2020_03_WAS_CLE,WAS,00-0035232,41,-6.8122233938775025,3.0,D.Haskins
2020_04_ARI_CAR,ARI,00-0035228,35,4.724774206173606,0.0,K.Murray
2020_04_ARI_CAR,CAR,00-0031237,40,19.2963505651297,1.0,T.Bridgewater
2020_04_ATL_GB,ATL,00-0026143,45,3.198103386449479,0.0,M.Ryan
2020_04_ATL_GB,GB,00-0023459,35,25.937720557481956,0.0,A.Rodgers
2020_04_BAL_WAS,BAL,00-0024417,1,3.3933274865266867,0.0,S.Koch
2020_04_BAL_WAS,BAL,00-0029665,1,-1.795638655021321,1.0,R.Griffin III
2020_04_BAL_WAS,BAL,00-0034796,25,8.309185884505533,1.0,L.Jackson
2020_04_BAL_WAS,WAS,00-0035232,48,-0.9816704846119437,0.0,D.Haskins
2020_04_BUF_LV,BUF,00-0034857,35,18.573673158527033,0.0,J.Allen
2020_04_BUF_LV,LV,00-0031280,49,11.261051510619273,0.0,D.Carr
2020_04_CLE_DAL,CLE,00-0031382,1,3.445104665821418,0.0,J.Landry
2020_04_CLE_DAL,CLE,00-0034855,32,9.022003408502359,0.0,B.Mayfield
2020_04_CLE_DAL,DAL,00-0033077,63,10.635660362822936,1.0,D.Prescott
2020_04_DEN_NYJ,DEN,00-0034955,31,1.2040687162515726,3.0,B.Rypien
2020_04_DEN_NYJ,NYJ,00-0026158,2,-0.9474121164530516,0.0,J.Flacco
2020_04_DEN_NYJ,NYJ,00-0034869,54,-6.291423005725326,0.0,S.Darnold
2020_04_IND_CHI,CHI,00-0029567,43,-4.563319022244687,1.0,N.Foles
2020_04_IND_CHI,IND,00-0022942,30,6.719013260297245,0.0,P.Rivers
2020_04_JAX_CIN,CIN,00-0036442,39,9.338066778949464,1.0,J.Burrow
2020_04_JAX_CIN,JAX,00-0035289,45,10.06649586574559,1.0,G.Minshew II
2020_04_LAC_TB,LAC,00-0036355,29,15.829854277164609,1.0,J.Herbert
2020_04_LAC_TB,TB,00-0019596,46,12.685636314256952,1.0,T.Brady
2020_04_MIN_HOU,HOU,00-0033537,40,4.897295358247831,0.0,D.Watson
2020_04_MIN_HOU,MIN,00-0029604,26,8.800848059523076,0.0,K.Cousins
2020_04_NE_KC,KC,00-0033873,35,9.625734769780278,0.0,P.Mahomes
2020_04_NE_KC,NE,00-0026625,27,-7.545304260981101,1.0,B.Hoyer
2020_04_NE_KC,NE,00-0035264,14,-10.854529005184304,2.0,J.Stidham
2020_04_NO_DET,DET,00-0026498,37,4.985567988173105,1.0,M.Stafford
2020_04_NO_DET,NO,00-0020531,27,10.554806563828606,1.0,D.Brees
2020_04_NYG_LA,LA,00-0033106,34,0.03410909828057562,0.0,J.Goff
2020_04_NYG_LA,NYG,00-0035710,45,-9.786886018849462,1.0,D.Jones
2020_04_PHI_SF,PHI,00-0032950,35,-0.4841314512933925,1.0,C.Wentz
2020_04_PHI_SF,SF,00-0033319,30,-12.486713434685953,2.0,N.Mullens
2020_04_PHI_SF,SF,00-0033936,20,3.020391499929363,0.0,C.Beathard
2020_04_SEA_MIA,MIA,00-0023682,51,6.540007629634062,2.0,R.Fitzpatrick
2020_04_SEA_MIA,SEA,00-0029263,37,12.740764472327513,1.0,R.Wilson
2020_05_ARI_NYJ,ARI,00-0035228,38,12.555597472541876,1.0,K.Murray
2020_05_ARI_NYJ,NYJ,00-0026158,39,-0.23493307789226003,0.0,J.Flacco
2020_05_ARI_NYJ,NYJ,00-0035510,1,-1.9228770501213148,0.0,J.Smith
2020_05_BUF_TEN,BUF,00-0030533,5,-3.5239271124009974,0.0,M.Barkley
2020_05_BUF_TEN,BUF,00-0034857,45,4.325175642218169,2.0,J.Allen
2020_05_BUF_TEN,TEN,00-0029701,31,19.25498738262104,0.0,R.Tannehill
2020_05_CAR_ATL,ATL,00-0026143,38,-3.968940802918091,1.0,M.Ryan
2020_05_CAR_ATL,CAR,00-0031237,38,14.992850942912797,0.0,T.Bridgewater
2020_05_CIN_BAL,BAL,00-0034796,38,-5.072192022181916,1.0,L.Jackson
2020_05_CIN_BAL,CIN,00-0036442,39,-15.769890399416909,1.0,J.Burrow
2020_05_IND_CLE,CLE,00-0031235,1,0.589170696795918,0.0,O.Beckham
2020_05_IND_CLE,CLE,00-0034855,39,5.643065362053316,2.0,B.Mayfield
2020_05_IND_CLE,IND,00-0022942,34,-6.862817251179804,2.0,P.Rivers
2020_05_JAX_HOU,HOU,00-0033537,38,13.899332409443442,2.0,D.Watson
2020_05_JAX_HOU,JAX,00-0035289,55,3.3726472985016382,0.0,G.Minshew II
2020_05_JAX_HOU,JAX,00-0035831,1,-4.40899270621594,0.0,J.Robinson
2020_05_LAC_NO,LAC,00-0036355,38,5.48305363709474,0.0,J.Herbert
2020_05_LAC_NO,NO,00-0020531,49,-0.21162890624776498,1.0,D.Brees
2020_05_LAC_NO,NO,00-0033357,1,-0.4979011104442179,0.0,T.Hill
2020_05_LA_WAS,LA,00-0033106,32,14.549005913448756,1.0,J.Goff
2020_05_LA_WAS,WAS,00-0023436,24,-21.153101497498668,0.0,A.Smith
2020_05_LA_WAS,WAS,00-0034577,16,-1.0036826822324656,0.0,K.Allen
2020_05_LV_KC,KC,00-0033873,51,10.454507866829935,1.0,P.Mahomes
2020_05_LV_KC,LV,00-0031280,32,16.930929859632123,1.0,D.Carr
2020_05_MIA_SF,MIA,00-0023682,31,24.760488443075094,0.0,R.Fitzpatrick
2020_05_MIA_SF,SF,00-0031345,20,-12.654165507876314,2.0,J.Garoppolo
2020_05_MIA_SF,SF,00-0033936,20,-7.880294772884,0.0,C.Beathard
2020_05_MIN_SEA,MIN,00-0029604,42,11.704122174413982,1.0,K.Cousins
2020_05_MIN_SEA,SEA,00-0029263,42,3.3245184590488206,1.0,R.Wilson
2020_05_NYG_DAL,DAL,00-0027973,12,1.358650483361683,0.0,A.Dalton
2020_05_NYG_DAL,DAL,00-0033077,22,-0.2375229132569423,1.0,D.Prescott
2020_05_NYG_DAL,DAL,00-0034418,1,2.6684373994357884,0.0,C.Wilson
2020_05_NYG_DAL,NYG,00-0035710,36,-0.9281888017257454,0.0,D.Jones
2020_05_PHI_PIT,PHI,00-0032950,43,4.71136503070286,2.0,C.Wentz
2020_05_PHI_PIT,PHI,00-0036389,1,1.166050148429349,0.0,J.Hurts
2020_05_PHI_PIT,PIT,00-0022924,35,15.845100638539387,0.0,B.Roethlisberger
2020_05_TB_CHI,CHI,00-0029567,45,-4.626801379850214,1.0,N.Foles
2020_05_TB_CHI,TB,00-0019596,44,0.32756780545183384,0.0,T.Brady
2020_06_ARI_DAL,ARI,00-0035228,27,3.9912363682938135,0.0,K.Murray
2020_06_ARI_DAL,DAL,00-0027973,59,-4.944406384676164,2.0,A.Dalton
2020_06_ATL_MIN,ATL,00-0026143,44,30.263108007811276,0.0,M.Ryan
2020_06_ATL_MIN,MIN,00-0029604,39,1.3308751235601957,3.0,K.Cousins
2020_06_BAL_PHI,BAL,00-0034796,33,5.924409101417126,0.0,L.Jackson
2020_06_BAL_PHI,PHI,00-0032950,49,-2.141305054916069,0.0,C.Wentz
2020_06_CHI_CAR,CAR,00-0031237,40,-8.669249897231438,2.0,T.Bridgewater
2020_06_CHI_CAR,CHI,00-0029567,39,2.6107640667003826,1.0,N.Foles
2020_06_CIN_IND,CIN,00-0036442,42,12.874118893300697,1.0,J.Burrow
2020_06_CIN_IND,IND,00-0022942,45,18.38617911653496,1.0,P.Rivers
2020_06_CLE_PIT,CLE,00-0028986,10,-4.156520829652436,0.0,C.Keenum
2020_06_CLE_PIT,CLE,00-0034855,23,-13.35342473903438,2.0,B.Mayfield
2020_06_CLE_PIT,PIT,00-0022924,24,1.1267926644740478,0.0,B.Roethlisberger
2020_06_CLE_PIT,PIT,00-0034771,1,-0.6331099467352033,0.0,M.Rudolph
2020_06_DEN_NE,DEN,00-0035704,27,-6.312923256421806,2.0,D.Lock
2020_06_DEN_NE,NE,00-0027150,2,3.4443048023385927,0.0,J.Edelman
2020_06_DEN_NE,NE,00-0027939,32,-10.196226541185753,2.0,C.Newton
2020_06_DET_JAX,DET,00-0026498,32,6.6086121085797185,1.0,M.Stafford
2020_06_DET_JAX,JAX,00-0035289,48,-3.154127415028362,1.0,G.Minshew II
2020_06_GB_TB,GB,00-0023459,41,-13.22841804430317,2.0,A.Rodgers
2020_06_GB_TB,GB,00-0034177,1,-2.0614159354008734,0.0,T.Boyle
2020_06_GB_TB,TB,00-0019596,27,6.482448933336238,0.0,T.Brady
2020_06_GB_TB,TB,00-0027948,2,0.5770647650933824,0.0,B.Gabbert
2020_06_HOU_TEN,HOU,00-0028002,1,-0.5173710964154452,0.0,R.Cobb
2020_06_HOU_TEN,HOU,00-0033537,42,21.557071296425537,0.0,D.Watson
2020_06_HOU_TEN,TEN,00-0029701,44,17.398502473387925,1.0,R.Tannehill
2020_06_KC_BUF,BUF,00-0034857,31,0.8519254763817181,1.0,J.Allen
2020_06_KC_BUF,KC,00-0033873,33,17.758656422539488,0.0,P.Mahomes
2020_06_LA_SF,LA,00-0033106,39,-1.3529375100145824,1.0,J.Goff
2020_06_LA_SF,SF,00-0031345,34,12.388561690262328,0.0,J.Garoppolo
2020_06_NYJ_MIA,MIA,00-0023682,30,-3.79216605824461,2.0,R.Fitzpatrick
2020_06_NYJ_MIA,MIA,00-0036212,2,0.7485004508635029,0.0,T.Tagovailoa
2020_06_NYJ_MIA,NYJ,00-0026158,47,-18.157491156599235,1.0,J.Flacco
2020_06_WAS_NYG,NYG,00-0035710,21,2.1504758081573483,1.0,D.Jones
2020_06_WAS_NYG,WAS,00-0034577,48,0.38678766711914403,1.0,K.Allen
2020_07_BUF_NYJ,BUF,00-0034857,48,9.967677664564594,0.0,J.Allen
2020_07_BUF_NYJ,NYJ,00-0034869,29,-12.361685362554528,2.0,S.Darnold
2020_07_CAR_NO,CAR,00-0031237,31,14.567446627952549,0.0,T.Bridgewater
2020_07_CAR_NO,NO,00-0020531,36,15.281714179968084,0.0,D.Brees
2020_07_CAR_NO,NO,00-0033357,1,-0.8086706702597439,0.0,T.Hill
2020_07_CHI_LA,CHI,00-0029567,44,-17.9263268008973,2.0,N.Foles
2020_07_CHI_LA,LA,00-0033106,35,3.645043442514747,0.0,J.Goff
2020_07_CLE_CIN,CIN,00-0033009,1,1.2361307860119268,0.0,T.Boyd
2020_07_CLE_CIN,CIN,00-0036442,52,18.203461723959037,1.0,J.Burrow
2020_07_CLE_CIN,CLE,00-0031382,1,1.2106202995637432,0.0,J.Landry
2020_07_CLE_CIN,CLE,00-0034855,27,22.05136582341357,1.0,B.Mayfield
2020_07_DAL_WAS,DAL,00-0027973,25,-7.6326949368813075,1.0,A.Dalton
2020_07_DAL_WAS,DAL,00-0036384,6,-2.504248305922374,0.0,B.DiNucci
2020_07_DAL_WAS,WAS,00-0034577,29,9.452595628899537,0.0,K.Allen
2020_07_DET_ATL,ATL,00-0026143,45,10.734920824048576,0.0,M.Ryan
2020_07_DET_ATL,DET,00-0026498,35,12.483397899500696,0.0,M.Stafford
2020_07_GB_HOU,GB,00-0023459,34,17.992355442402186,0.0,A.Rodgers
2020_07_GB_HOU,HOU,00-0033537,48,11.084874348400461,0.0,D.Watson
2020_07_JAX_LAC,JAX,00-0035289,38,-2.5543785663610326,0.0,G.Minshew II
2020_07_JAX_LAC,LAC,00-0035282,1,-0.2389741421211511,0.0,E.Stick
2020_07_JAX_LAC,LAC,00-0036355,47,18.504627964913954,0.0,J.Herbert
2020_07_KC_DEN,DEN,00-0035704,44,-16.533821759244333,2.0,D.Lock
2020_07_KC_DEN,KC,00-0026197,3,2.153087710525142,0.0,C.Henne
2020_07_KC_DEN,KC,00-0033873,26,2.7868486780763453,0.0,P.Mahomes
2020_07_NYG_PHI,NYG,00-0035710,34,-3.79193551762728,1.0,D.Jones
2020_07_NYG_PHI,PHI,00-0032950,48,7.87363040054324,1.0,C.Wentz
2020_07_NYG_PHI,PHI,00-0036389,1,-0.947,0.0,J.Hurts
2020_07_PIT_TEN,PIT,00-0022924,49,6.0701358439462485,3.0,B.Roethlisberger
2020_07_PIT_TEN,TEN,00-0025825,1,-1.8763287150650285,0.0,B.Kern
2020_07_PIT_TEN,TEN,00-0029701,33,6.5587082310566425,0.0,R.Tannehill
2020_07_SEA_ARI,ARI,00-0035228,48,14.246402499188685,1.0,K.Murray
2020_07_SEA_ARI,SEA,00-0029263,57,1.9036843260224288,3.0,R.Wilson
2020_07_SF_NE,NE,00-0027939,18,-12.289141956888594,3.0,C.Newton
2020_07_SF_NE,NE,00-0035264,12,-3.4428778383880854,1.0,J.Stidham
2020_07_SF_NE,SF,00-0031345,27,16.874395808044685,2.0,J.Garoppolo
2020_07_TB_LV,LV,00-0031280,41,-3.117047228250704,1.0,D.Carr
2020_07_TB_LV,TB,00-0019596,43,27.056476508204334,0.0,T.Brady
2020_08_ATL_CAR,ATL,00-0026143,36,15.923757820636109,1.0,M.Ryan
2020_08_ATL_CAR,CAR,00-0031237,30,0.5425101250875741,1.0,T.Bridgewater
2020_08_ATL_CAR,CAR,00-0033275,4,-2.826850985870606,0.0,P.Walker
2020_08_DAL_PHI,DAL,00-0036384,44,-24.44146783758109,0.0,B.DiNucci
2020_08_DAL_PHI,PHI,00-0032950,33,-15.136009079476818,2.0,C.Wentz
2020_08_DAL_PHI,PHI,00-0033733,1,-1.2159180166199803,0.0,G.Ward
2020_08_DAL_PHI,PHI,00-0036389,1,0.6857284595025703,0.0,J.Hurts
2020_08_IND_DET,DET,00-0026498,47,-6.027913843747228,1.0,M.Stafford
2020_08_IND_DET,IND,00-0022942,35,17.67825495096622,0.0,P.Rivers
2020_08_IND_DET,IND,00-0033251,1,-0.5561131672002375,0.0,Z.Pascal
2020_08_LAC_DEN,DEN,00-0035704,43,2.7750340571235617,1.0,D.Lock
2020_08_LAC_DEN,LAC,00-0030279,1,-0.5174190076068044,0.0,K.Allen
2020_08_LAC_DEN,LAC,00-0036355,47,4.837123995769254,2.0,J.Herbert
2020_08_LA_MIA,LA,00-0033106,62,-25.45234211528531,2.0,J.Goff
2020_08_LA_MIA,MIA,00-0036212,24,-10.684436456940603,0.0,T.Tagovailoa
2020_08_LV_CLE,CLE,00-0034855,29,-0.8911781015357292,0.0,B.Mayfield
2020_08_LV_CLE,LV,00-0031280,29,2.473717713124976,0.0,D.Carr
2020_08_MIN_GB,GB,00-0023459,43,10.060399372712709,0.0,A.Rodgers
2020_08_MIN_GB,MIN,00-0029604,15,12.013542197528295,0.0,K.Cousins
2020_08_NE_BUF,BUF,00-0034857,22,-1.3782615822625077,1.0,J.Allen
2020_08_NE_BUF,NE,00-0027939,29,3.2616748979137458,0.0,C.Newton
2020_08_NO_CHI,CHI,00-0029567,46,-1.9171870008100043,1.0,N.Foles
2020_08_NO_CHI,NO,00-0020531,43,7.354256834595015,0.0,D.Brees
2020_08_NYJ_KC,KC,00-0026197,4,-1.1292891792254522,0.0,C.Henne
2020_08_NYJ_KC,KC,00-0033873,42,27.69037336180918,0.0,P.Mahomes
2020_08_NYJ_KC,KC,00-0035889,1,3.4530158574925736,0.0,T.Townsend
2020_08_NYJ_KC,NYJ,00-0034869,34,-5.754634187987034,0.0,S.Darnold
2020_08_PIT_BAL,BAL,00-0034796,36,-7.437897382653318,2.0,L.Jackson
2020_08_PIT_BAL,PIT,00-0022924,34,5.3780605486244895,0.0,B.Roethlisberger
2020_08_SF_SEA,SEA,00-0029263,40,18.019157941185263,0.0,R.Wilson
2020_08_SF_SEA,SF,00-0031345,20,-6.145352466788609,1.0,J.Garoppolo
2020_08_SF_SEA,SF,00-0033319,26,17.357870918625967,0.0,N.Mullens
2020_08_TB_NYG,NYG,00-0027891,1,2.6487652277573943,0.0,G.Tate
2020_08_TB_NYG,NYG,00-0035710,46,0.8340399088901652,2.0,D.Jones
2020_08_TB_NYG,TB,00-0019596,43,9.733832045140856,0.0,T.Brady
2020_08_TEN_CIN,CIN,00-0036442,38,17.360167422774534,0.0,J.Burrow
2020_08_TEN_CIN,TEN,00-0025825,1,-0.947,0.0,B.Kern
2020_08_TEN_CIN,TEN,00-0029701,33,2.9079715058294724,1.0,R.Tannehill
2020_09_BAL_IND,BAL,00-0034796,29,6.303991841501556,0.0,L.Jackson
2020_09_BAL_IND,IND,00-0022942,41,-13.80240556508699,1.0,P.Rivers
2020_09_BAL_IND,IND,00-0033119,1,-0.3158758304780349,0.0,J.Brissett
2020_09_CAR_KC,CAR,00-0031237,51,17.88592590654729,0.0,T.Bridgewater
2020_09_CAR_KC,CAR,00-0036320,1,4.732203070423566,0.0,J.Charlton
2020_09_CAR_KC,KC,00-0033873,47,17.212486264433007,0.0,P.Mahomes
2020_09_CHI_TEN,CHI,00-0029567,56,4.2986295989643395,0.0,N.Foles
2020_09_CHI_TEN,TEN,00-0029701,25,-1.0135143369691981,0.0,R.Tannehill
2020_09_DEN_ATL,ATL,00-0026143,38,11.877984145191586,1.0,M.Ryan
2020_09_DEN_ATL,DEN,00-0035704,55,3.684163475329655,1.0,D.Lock
2020_09_DET_MIN,DET,00-0026498,34,-1.4414204201467635,2.0,M.Stafford
2020_09_DET_MIN,DET,00-0026544,13,-4.590515453859306,1.0,C.Daniel
2020_09_DET_MIN,MIN,00-0029604,21,6.3355093486025,0.0,K.Cousins
2020_09_GB_SF,GB,00-0023459,33,20.952865288610823,0.0,A.Rodgers
2020_09_GB_SF,SF,00-0033319,36,-2.953580342867511,1.0,N.Mullens
2020_09_HOU_JAX,HOU,00-0033537,40,14.678462913768145,0.0,D.Watson
2020_09_HOU_JAX,JAX,00-0036312,42,4.582763150173488,1.0,J.Luton
2020_09_LV_LAC,LAC,00-0036355,46,8.925834097543497,0.0,J.Herbert
2020_09_LV_LAC,LV,00-0031280,26,3.1129303263435193,0.0,D.Carr
2020_09_MIA_ARI,ARI,00-0035228,32,10.92559817528668,0.0,K.Murray
2020_09_MIA_ARI,MIA,00-0036212,33,12.347103849152536,0.0,T.Tagovailoa
2020_09_NE_NYJ,NE,00-0027939,35,13.53895826739019,0.0,C.Newton
2020_09_NE_NYJ,NYJ,00-0026158,26,14.237413250667466,1.0,J.Flacco
2020_09_NO_TB,NO,00-0020531,33,11.752234226721285,0.0,D.Brees
2020_09_NO_TB,NO,00-0031503,1,1.8854925452615134,0.0,J.Winston
2020_09_NO_TB,NO,00-0033357,3,6.28903044044273,0.0,T.Hill
2020_09_NO_TB,TB,00-0019596,41,-23.323347462876818,3.0,T.Brady
2020_09_NYG_WAS,NYG,00-0035710,39,2.60409680699602,0.0,D.Jones
2020_09_NYG_WAS,WAS,00-0023436,34,2.1166402583500545,3.0,A.Smith
2020_09_NYG_WAS,WAS,00-0034577,7,2.075231757364236,0.0,K.Allen
2020_09_PIT_DAL,DAL,00-0031395,41,-3.1345115287375394,1.0,G.Gilbert
2020_09_PIT_DAL,PIT,00-0022924,44,12.730962818739672,0.0,B.Roethlisberger
2020_09_PIT_DAL,PIT,00-0034771,3,-1.2069862431962974,0.0,M.Rudolph
2020_09_SEA_BUF,BUF,00-0034857,48,17.144296220754548,0.0,J.Allen
2020_09_SEA_BUF,SEA,00-0029263,47,2.2192810795093676,2.0,R.Wilson
2020_10_BAL_NE,BAL,00-0034796,40,5.780370970111649,1.0,L.Jackson
2020_10_BAL_NE,NE,00-0027939,18,3.2596088556943283,0.0,C.Newton
2020_10_BAL_NE,NE,00-0034960,1,3.5188783009070903,0.0,J.Meyers
2020_10_BUF_ARI,ARI,00-0035228,39,4.625501727221656,1.0,K.Murray
2020_10_BUF_ARI,BUF,00-0033466,1,2.2947238330962136,0.0,I.McKenzie
2020_10_BUF_ARI,BUF,00-0034857,50,0.2996589533692404,2.0,J.Allen
2020_10_CIN_PIT,CIN,00-0036442,43,-10.853106346644443,0.0,J.Burrow
2020_10_CIN_PIT,PIT,00-0022924,47,10.610693417293056,0.0,B.Roethlisberger
2020_10_DEN_LV,DEN,00-0035704,50,-12.951513433199263,4.0,D.Lock
2020_10_DEN_LV,LV,00-0031280,27,3.281938925333157,0.0,D.Carr
2020_10_HOU_CLE,CLE,00-0034855,22,-4.221270895307958,0.0,B.Mayfield
2020_10_HOU_CLE,HOU,00-0033537,34,2.970611121731725,0.0,D.Watson
2020_10_IND_TEN,IND,00-0022942,39,15.044160714232545,0.0,P.Rivers
2020_10_IND_TEN,TEN,00-0029701,30,-3.0654634565889083,0.0,R.Tannehill
2020_10_JAX_GB,GB,00-0023459,36,8.164350883723152,1.0,A.Rodgers
2020_10_JAX_GB,JAX,00-0036312,38,-12.148108176368206,1.0,J.Luton
2020_10_LAC_MIA,LAC,00-0036355,36,-4.662463624670636,1.0,J.Herbert
2020_10_LAC_MIA,MIA,00-0036212,27,7.5700022751354314,0.0,T.Tagovailoa
2020_10_MIN_CHI,CHI,00-0029567,29,-15.048134033101016,1.0,N.Foles
2020_10_MIN_CHI,CHI,00-0030151,4,-1.0610926861409098,0.0,T.Bray
2020_10_MIN_CHI,MIN,00-0026516,1,-0.947,0.0,B.Colquitt
2020_10_MIN_CHI,MIN,00-0029604,37,11.421238729137475,1.0,K.Cousins
2020_10_PHI_NYG,NYG,00-0035710,33,8.618415139336898,0.0,D.Jones
2020_10_PHI_NYG,PHI,00-0032950,42,-5.420729291706799,0.0,C.Wentz
2020_10_SEA_LA,LA,00-0033106,42,4.823120295579919,0.0,J.Goff
2020_10_SEA_LA,SEA,00-0029263,50,-7.0761078722676665,2.0,R.Wilson
2020_10_SF_NO,NO,00-0020531,13,0.03960453616898896,0.0,D.Brees
2020_10_SF_NO,NO,00-0031503,13,-0.8678005440846035,0.0,J.Winston
2020_10_SF_NO,NO,00-0033357,1,-1.995036252308637,0.0,T.Hill
2020_10_SF_NO,SF,00-0033319,41,-0.013145790652979272,2.0,N.Mullens
2020_10_SF_NO,SF,00-0033936,1,-1.0430053952150047,0.0,C.Beathard
2020_10_TB_CAR,CAR,00-0031237,29,-3.02446276938906,1.0,T.Bridgewater
2020_10_TB_CAR,CAR,00-0033275,5,-4.295632853463758,0.0,P.Walker
2020_10_TB_CAR,CAR,00-0036320,1,-3.2742809382034466,0.0,J.Charlton
2020_10_TB_CAR,TB,00-0019596,41,26.903023214391567,0.0,T.Brady
2020_10_WAS_DET,DET,00-0026498,34,11.171179745781744,0.0,M.Stafford
2020_10_WAS_DET,WAS,00-0023436,58,16.251120633601637,0.0,A.Smith
2020_11_ARI_SEA,ARI,00-0035228,47,11.360693437192822,0.0,K.Murray
2020_11_ARI_SEA,SEA,00-0029263,38,10.902180324720515,0.0,R.Wilson
2020_11_ATL_NO,ATL,00-0026143,45,-15.592276839794469,2.0,M.Ryan
2020_11_ATL_NO,NO,00-0033357,30,2.62135340653282,0.0,T.Hill
2020_11_CIN_WAS,CIN,00-0035652,15,-11.770418911008164,1.0,R.Finley
2020_11_CIN_WAS,CIN,00-0036442,35,2.9631840793000928,0.0,J.Burrow
2020_11_CIN_WAS,WAS,00-0023436,27,-3.5345373539519414,1.0,A.Smith
2020_11_DAL_MIN,DAL,00-0027973,34,1.5440122564831964,1.0,A.Dalton
2020_11_DAL_MIN,MIN,00-0029604,33,9.291019778058399,0.0,K.Cousins
2020_11_DET_CAR,CAR,00-0033275,35,-0.5450205237256167,2.0,P.Walker
2020_11_DET_CAR,CAR,00-0034827,1,-0.40847092552576214,0.0,D.Moore
2020_11_DET_CAR,DET,00-0026498,39,-10.734155913647399,0.0,M.Stafford
2020_11_GB_IND,GB,00-0023459,39,7.041397462879412,1.0,A.Rodgers
2020_11_GB_IND,IND,00-0022942,37,9.02496611295568,1.0,P.Rivers
2020_11_KC_LV,KC,00-0030506,1,0.8786752813030034,0.0,T.Kelce
2020_11_KC_LV,KC,00-0033873,47,21.703720246383455,1.0,P.Mahomes
2020_11_KC_LV,LV,00-0031280,33,15.80582824263632,1.0,D.Carr
2020_11_LA_TB,LA,00-0033106,50,9.731206830067094,2.0,J.Goff
2020_11_LA_TB,TB,00-0019596,49,-9.628150245101097,2.0,T.Brady
2020_11_MIA_DEN,DEN,00-0035704,31,4.457590400961941,1.0,D.Lock
2020_11_MIA_DEN,MIA,00-0023682,19,-0.013200222770234138,1.0,R.Fitzpatrick
2020_11_MIA_DEN,MIA,00-0036212,26,-9.750890633240727,0.0,T.Tagovailoa
2020_11_NE_HOU,HOU,00-0033537,43,22.50787674750357,0.0,D.Watson
2020_11_NE_HOU,NE,00-0027939,42,11.021342038920494,0.0,C.Newton
2020_11_NYJ_LAC,LAC,00-0036355,54,19.315350407143885,0.0,J.Herbert
2020_11_NYJ_LAC,NYJ,00-0026158,32,-2.077609999687411,1.0,J.Flacco
2020_11_PHI_CLE,CLE,00-0034855,24,0.11020971070795316,0.0,B.Mayfield
2020_11_PHI_CLE,PHI,00-0032950,40,-9.592298928040915,2.0,C.Wentz
2020_11_PIT_JAX,JAX,00-0036312,39,-26.258131023474174,4.0,J.Luton
2020_11_PIT_JAX,PIT,00-0022924,46,6.681690186277554,1.0,B.Roethlisberger
2020_11_TEN_BAL,BAL,00-0034796,34,5.627925263288326,1.0,L.Jackson
2020_11_TEN_BAL,TEN,00-0029701,35,9.330241544344773,1.0,R.Tannehill
2020_11_TEN_BAL,TEN,00-0034438,1,3.0192825115518644,0.0,L.Woodside
2020_12_ARI_NE,ARI,00-0035228,39,-1.381205504383244,1.0,K.Murray
2020_12_ARI_NE,NE,00-0027939,20,-11.835755317340947,2.0,C.Newton
2020_12_BAL_PIT,BAL,00-0029665,15,-17.627457735943608,1.0,R.Griffin III
2020_12_BAL_PIT,BAL,00-0035146,7,3.197200156515464,0.0,T.McSorley
2020_12_BAL_PIT,PIT,00-0022924,51,-4.719564125224387,1.0,B.Roethlisberger
2020_12_CAR_MIN,CAR,00-0031237,37,3.80464163869404,1.0,T.Bridgewater
2020_12_CAR_MIN,MIN,00-0029604,49,8.844541999945056,0.0,K.Cousins
2020_12_CHI_GB,CHI,00-0033869,51,-1.8129110427439308,2.0,M.Trubisky
2020_12_CHI_GB,GB,00-0023459,31,15.772434992541093,0.0,A.Rodgers
2020_12_CLE_JAX,CLE,00-0034855,32,12.999528598243083,0.0,B.Mayfield
2020_12_CLE_JAX,JAX,00-0030520,37,3.0547869440768376,0.0,M.Glennon
2020_12_HOU_DET,DET,00-0026498,48,0.29381068790480525,1.0,M.Stafford
2020_12_HOU_DET,DET,00-0033572,1,-0.4681624989025295,0.0,J.Agnew
2020_12_HOU_DET,HOU,00-0033537,31,19.909407473474907,0.0,D.Watson
2020_12_KC_TB,KC,00-0030506,1,-0.4255821466795169,0.0,T.Kelce
2020_12_KC_TB,KC,00-0033873,53,22.120234998981882,0.0,P.Mahomes
2020_12_KC_TB,TB,00-0019596,42,7.231103874874522,2.0,T.Brady
2020_12_LAC_BUF,BUF,00-0029000,1,2.913771021645516,0.0,C.Beasley
2020_12_LAC_BUF,BUF,00-0030533,1,-1.6159852842683904,0.0,M.Barkley
2020_12_LAC_BUF,BUF,00-0034857,27,2.916441227569992,1.0,J.Allen
2020_12_LAC_BUF,LAC,00-0036355,56,6.182076096607605,1.0,J.Herbert
2020_12_LV_ATL,ATL,00-0026143,41,-3.416450187831904,1.0,M.Ryan
2020_12_LV_ATL,LV,00-0031280,37,-26.27472271624494,1.0,D.Carr
2020_12_LV_ATL,LV,00-0033958,8,-2.194915758096613,0.0,N.Peterman
2020_12_MIA_NYJ,MIA,00-0023682,43,6.076912168736262,0.0,R.Fitzpatrick
2020_12_MIA_NYJ,NYJ,00-0034869,32,-10.631724848547519,2.0,S.Darnold
2020_12_NO_DEN,DEN,00-0035864,11,-12.915443300793413,2.0,K.Hinton
2020_12_NO_DEN,NO,00-0033357,21,-10.094311558264977,1.0,T.Hill
2020_12_NYG_CIN,CIN,00-0032434,33,-13.878113510944628,1.0,B.Allen
2020_12_NYG_CIN,NYG,00-0027688,12,-3.2189840715170757,0.0,C.McCoy
2020_12_NYG_CIN,NYG,00-0027891,1,-0.7833670116961002,0.0,G.Tate
2020_12_NYG_CIN,NYG,00-0035710,30,12.36361682919845,0.0,D.Jones
2020_12_SEA_PHI,PHI,00-0032950,53,-11.884890737346119,1.0,C.Wentz
2020_12_SEA_PHI,PHI,00-0036389,1,0.049323047045618296,0.0,J.Hurts
2020_12_SEA_PHI,SEA,00-0029263,35,-1.3298050439696025,0.0,R.Wilson
2020_12_SF_LA,LA,00-0033106,37,-21.22478032983787,2.0,J.Goff
2020_12_SF_LA,SF,00-0033319,37,-4.878184501043147,1.0,N.Mullens
2020_12_TEN_IND,IND,00-0022942,44,4.94766871577315,1.0,P.Rivers
2020_12_TEN_IND,IND,00-0033119,4,-2.860581431479659,0.0,J.Brissett
2020_12_TEN_IND,TEN,00-0029701,23,10.559170681575779,0.0,R.Tannehill
2020_12_WAS_DAL,DAL,00-0027973,40,-18.517170861284768,1.0,A.Dalton
2020_12_WAS_DAL,DAL,00-0036358,1,-1.2370598842389882,0.0,C.Lamb
2020_12_WAS_DAL,WAS,00-0023436,30,-7.372063912479275,1.0,A.Smith
2020_12_WAS_DAL,WAS,00-0031260,1,1.8633733799215406,0.0,L.Thomas
2020_13_BUF_SF,BUF,00-0034857,43,22.991822783563777,0.0,J.Allen
2020_13_BUF_SF,SF,00-0033319,39,11.084356896776974,2.0,N.Mullens
2020_13_CIN_MIA,CIN,00-0032434,25,-6.153683517261034,1.0,B.Allen
2020_13_CIN_MIA,CIN,00-0033009,1,-0.5002179723232985,0.0,T.Boyd
2020_13_CIN_MIA,CIN,00-0035652,8,-3.699001909000799,1.0,R.Finley
2020_13_CIN_MIA,MIA,00-0036212,39,6.929439757808147,0.0,T.Tagovailoa
2020_13_CLE_TEN,CLE,00-0031382,1,1.7705882448935881,0.0,J.Landry
2020_13_CLE_TEN,CLE,00-0034855,35,24.902315433275085,0.0,B.Mayfield
2020_13_CLE_TEN,TEN,00-0029701,48,14.052290718449512,1.0,R.Tannehill
2020_13_DAL_BAL,BAL,00-0034796,22,1.0606887675013201,1.0,L.Jackson
2020_13_DAL_BAL,DAL,00-0027973,49,8.065199114254197,1.0,A.Dalton
2020_13_DEN_KC,DEN,00-0035704,30,2.55711834485034,2.0,D.Lock
2020_13_DEN_KC,KC,00-0033873,44,8.152457708476064,0.0,P.Mahomes
2020_13_DET_CHI,CHI,00-0033869,37,6.290141151432181,0.0,M.Trubisky
2020_13_DET_CHI,DET,00-0026498,44,17.361822265404044,1.0,M.Stafford
2020_13_IND_HOU,HOU,00-0033537,48,2.9626912889374326,1.0,D.Watson
2020_13_IND_HOU,IND,00-0022942,38,9.996901278439847,0.0,P.Rivers
2020_13_JAX_MIN,JAX,00-0030520,47,-2.4748071523399755,2.0,M.Glennon
2020_13_JAX_MIN,MIN,00-0029604,48,-1.2225804101355493,1.0,K.Cousins
2020_13_LA_ARI,ARI,00-0035228,41,-11.509899924955079,1.0,K.Murray
2020_13_LA_ARI,LA,00-0033106,48,18.200210214760997,0.0,J.Goff
2020_13_LV_NYJ,LV,00-0031280,50,11.728604903407003,1.0,D.Carr
2020_13_LV_NYJ,NYJ,00-0034869,29,-1.1039940608169418,1.0,S.Darnold
2020_13_NE_LAC,LAC,00-0036355,55,-28.08139722719782,2.0,J.Herbert
2020_13_NE_LAC,NE,00-0027939,23,-2.469155545462854,0.0,C.Newton
2020_13_NE_LAC,NE,00-0035264,3,5.607788666035049,0.0,J.Stidham
2020_13_NO_ATL,ATL,00-0026143,42,-10.73948294141479,0.0,M.Ryan
2020_13_NO_ATL,NO,00-0033357,43,5.572090779663995,0.0,T.Hill
2020_13_NYG_SEA,NYG,00-0027688,26,-7.448747862450855,1.0,C.McCoy
2020_13_NYG_SEA,SEA,00-0029263,54,-12.34593409340427,1.0,R.Wilson
2020_13_PHI_GB,GB,00-0023459,36,15.443786659224727,0.0,A.Rodgers
2020_13_PHI_GB,PHI,00-0032950,21,-6.1457789888167795,0.0,C.Wentz
2020_13_PHI_GB,PHI,00-0036389,20,1.807988831482362,1.0,J.Hurts
2020_13_WAS_PIT,PIT,00-0022924,53,-2.349150040516292,1.0,B.Roethlisberger
2020_13_WAS_PIT,WAS,00-0023436,49,0.3477418666687919,0.0,A.Smith
2020_14_ARI_NYG,ARI,00-0035228,44,7.178591475786467,0.0,K.Murray
2020_14_ARI_NYG,NYG,00-0027688,5,-3.2574185107368976,0.0,C.McCoy
2020_14_ARI_NYG,NYG,00-0035710,27,-14.106276912032627,0.0,D.Jones
2020_14_ATL_LAC,ATL,00-0026143,35,-2.8096895368521038,3.0,M.Ryan
2020_14_ATL_LAC,ATL,00-0034411,1,4.148734278278425,0.0,R.Gage
2020_14_ATL_LAC,LAC,00-0036355,45,5.208931110260011,1.0,J.Herbert
2020_14_BAL_CLE,BAL,00-0034796,25,12.54877423401922,0.0,L.Jackson
2020_14_BAL_CLE,BAL,00-0035146,4,-0.5401542992331088,0.0,T.McSorley
2020_14_BAL_CLE,CLE,00-0031382,1,0.7341104454826564,0.0,J.Landry
2020_14_BAL_CLE,CLE,00-0034855,53,13.896587652445056,1.0,B.Mayfield
2020_14_DAL_CIN,CIN,00-0032434,38,10.353301600262057,0.0,B.Allen
2020_14_DAL_CIN,CIN,00-0035652,4,-5.005061103787739,0.0,R.Finley
2020_14_DAL_CIN,DAL,00-0027973,25,12.631038748357817,0.0,A.Dalton
2020_14_DEN_CAR,CAR,00-0031237,46,-0.8163425563237974,0.0,T.Bridgewater
2020_14_DEN_CAR,DEN,00-0035704,31,9.166286458537915,0.0,D.Lock
2020_14_GB_DET,DET,00-0026498,38,7.312408847967163,0.0,M.Stafford
2020_14_GB_DET,DET,00-0026544,6,0.632610132717593,0.0,C.Daniel
2020_14_GB_DET,GB,00-0023459,37,21.4488770821481,0.0,A.Rodgers
2020_14_HOU_CHI,CHI,00-0033869,39,10.060046356486112,0.0,M.Trubisky
2020_14_HOU_CHI,HOU,00-0031288,1,-4.926011307281442,0.0,A.McCarron
2020_14_HOU_CHI,HOU,00-0033537,42,1.449512285005767,0.0,D.Watson
2020_14_IND_LV,IND,00-0022942,28,16.309603758704416,0.0,P.Rivers
2020_14_IND_LV,LV,00-0031280,47,5.952752853024613,2.0,D.Carr
2020_14_IND_LV,LV,00-0033891,1,2.2214208621298894,0.0,Z.Jones
2020_14_KC_MIA,KC,00-0033873,39,8.788944331978556,3.0,P.Mahomes
2020_14_KC_MIA,MIA,00-0036212,56,1.2578497029766669,1.0,T.Tagovailoa
2020_14_KC_MIA,MIA,00-0036364,2,-0.9035702788969502,0.0,L.Bowden
2020_14_MIN_TB,MIN,00-0029604,48,6.582167903993559,0.0,K.Cousins
2020_14_MIN_TB,TB,00-0019596,22,8.727868304036354,0.0,T.Brady
2020_14_NE_LA,LA,00-0033106,27,-3.8987958875262243,1.0,J.Goff
2020_14_NE_LA,NE,00-0027939,22,-17.68942699743562,1.0,C.Newton
2020_14_NE_LA,NE,00-0035264,9,-7.37837436189875,0.0,J.Stidham
2020_14_NO_PHI,NO,00-0033357,46,4.453583149443858,1.0,T.Hill
2020_14_NO_PHI,PHI,00-0036389,33,5.73265584339935,0.0,J.Hurts
2020_14_NYJ_SEA,NYJ,00-0034869,30,-5.997657458206607,0.0,S.Darnold
2020_14_NYJ_SEA,SEA,00-0029263,27,14.156845473538851,1.0,R.Wilson
2020_14_NYJ_SEA,SEA,00-0030565,6,0.6387938609695993,0.0,G.Smith
2020_14_PIT_BUF,BUF,00-0034857,46,-0.07976750126333698,1.0,J.Allen
2020_14_PIT_BUF,PIT,00-0022924,39,-12.831794607001822,2.0,B.Roethlisberger
2020_14_TEN_JAX,JAX,00-0030520,23,-7.226772978718517,1.0,M.Glennon
2020_14_TEN_JAX,JAX,00-0035289,33,1.0977830645861104,0.0,G.Minshew II
2020_14_TEN_JAX,TEN,00-0029701,25,9.567265640494293,0.0,R.Tannehill
2020_14_WAS_SF,SF,00-0033319,50,-23.34726974043576,1.0,N.Mullens
2020_14_WAS_SF,WAS,00-0023436,20,-12.018566448565611,1.0,A.Smith
2020_14_WAS_SF,WAS,00-0035232,13,-4.680826547407342,0.0,D.Haskins
2020_14_WAS_SF,WAS,00-0036142,1,-0.5597911037039012,0.0,I.Wright
2020_15_BUF_DEN,BUF,00-0034857,43,29.83611868909793,0.0,J.Allen
2020_15_BUF_DEN,DEN,00-0035704,39,-12.527560178200625,0.0,D.Lock
2020_15_CAR_GB,CAR,00-0031237,41,6.233907887247515,0.0,T.Bridgewater
2020_15_CAR_GB,GB,00-0023459,37,-4.1494806873712005,0.0,A.Rodgers
2020_15_CHI_MIN,CHI,00-0033869,26,7.106923098556478,1.0,M.Trubisky
2020_15_CHI_MIN,MIN,00-0029604,40,4.592433710470362,1.0,K.Cousins
2020_15_CLE_NYG,CLE,00-0034855,35,21.700188439368503,0.0,B.Mayfield
2020_15_CLE_NYG,NYG,00-0027688,33,3.9681693377794733,0.0,C.McCoy
2020_15_CLE_NYG,NYG,00-0032943,1,-2.573928223864641,0.0,R.Dixon
2020_15_DET_TEN,DET,00-0026498,33,15.789704606951764,0.0,M.Stafford
2020_15_DET_TEN,DET,00-0026544,7,2.403452750586439,1.0,C.Daniel
2020_15_DET_TEN,TEN,00-0029701,29,23.221009888749332,0.0,R.Tannehill
2020_15_HOU_IND,HOU,00-0033537,49,15.378521014841542,0.0,D.Watson
2020_15_HOU_IND,IND,00-0022942,29,9.718859611960307,0.0,P.Rivers
2020_15_HOU_IND,IND,00-0033119,1,-0.4975446896860376,0.0,J.Brissett
2020_15_JAX_BAL,BAL,00-0034796,24,14.900626781114847,1.0,L.Jackson
2020_15_JAX_BAL,BAL,00-0035993,4,-4.108042967272922,0.0,T.Huntley
2020_15_JAX_BAL,JAX,00-0035289,35,6.525835748761892,0.0,G.Minshew II
2020_15_KC_NO,KC,00-0033873,55,3.7841027403603205,0.0,P.Mahomes
2020_15_KC_NO,NO,00-0020531,36,-4.0169580547516235,1.0,D.Brees
2020_15_LAC_LV,LAC,00-0036355,34,21.281868896676293,0.0,J.Herbert
2020_15_LAC_LV,LV,00-0031280,6,-0.3258834067465477,0.0,D.Carr
2020_15_LAC_LV,LV,00-0032268,31,14.74424669299387,1.0,M.Mariota
2020_15_NE_MIA,MIA,00-0036212,30,0.3810320805590024,1.0,T.Tagovailoa
2020_15_NE_MIA,MIA,00-0036364,1,0.6161165678640828,0.0,L.Bowden
2020_15_NE_MIA,NE,00-0027939,32,-0.35225404097785784,0.0,C.Newton
2020_15_NYJ_LA,LA,00-0033106,38,-11.373619376251263,1.0,J.Goff
2020_15_NYJ_LA,NYJ,00-0034869,35,5.148885090474251,0.0,S.Darnold
2020_15_PHI_ARI,ARI,00-0022824,1,4.014011434279382,0.0,A.Lee
2020_15_PHI_ARI,ARI,00-0035228,39,7.128570885023272,1.0,K.Murray
2020_15_PHI_ARI,PHI,00-0036389,55,9.96068651706446,0.0,J.Hurts
2020_15_PIT_CIN,CIN,00-0035652,16,-0.8560678780527664,0.0,R.Finley
2020_15_PIT_CIN,PIT,00-0022924,39,-10.242413667659958,1.0,B.Roethlisberger
2020_15_SEA_WAS,SEA,00-0029263,30,-1.2237695659695529,1.0,R.Wilson
2020_15_SEA_WAS,WAS,00-0035232,62,1.982598137590144,2.0,D.Haskins
2020_15_SF_DAL,DAL,00-0027973,37,-0.17068198852678917,0.0,A.Dalton
2020_15_SF_DAL,DAL,00-0034418,1,0.15450288751162589,0.0,C.Wilson
2020_15_SF_DAL,SF,00-0033319,39,0.40214308028225787,2.0,N.Mullens
2020_15_SF_DAL,SF,00-0033936,7,6.2362157194665,0.0,C.Beathard
2020_15_TB_ATL,ATL,00-0026143,53,6.852217917708169,0.0,M.Ryan
2020_15_TB_ATL,TB,00-0019596,48,14.32021332060315,0.0,T.Brady
2020_16_ATL_KC,ATL,00-0026143,39,10.798836499371536,0.0,M.Ryan
2020_16_ATL_KC,KC,00-0031325,1,-1.9586510438239202,1.0,S.Watkins
2020_16_ATL_KC,KC,00-0033873,46,1.7574433617977325,1.0,P.Mahomes
2020_16_BUF_NE,BUF,00-0030533,3,0.0730653356295079,0.0,M.Barkley
2020_16_BUF_NE,BUF,00-0034857,37,19.98067377676489,0.0,J.Allen
2020_16_BUF_NE,BUF,00-0035290,1,3.115367458667606,0.0,J.Johnson
2020_16_BUF_NE,NE,00-0027939,14,-3.700588439692161,0.0,C.Newton
2020_16_BUF_NE,NE,00-0035264,12,-3.7967282163444906,0.0,J.Stidham
2020_16_CAR_WAS,CAR,00-0031237,34,-3.2273191933636554,1.0,T.Bridgewater
2020_16_CAR_WAS,WAS,00-0031800,23,5.580133008916164,0.0,T.Heinicke
2020_16_CAR_WAS,WAS,00-0035232,30,-16.326079573371462,2.0,D.Haskins
2020_16_CHI_JAX,CHI,00-0029567,1,-0.785490803187713,0.0,N.Foles
2020_16_CHI_JAX,CHI,00-0033869,38,15.215362810195735,1.0,M.Trubisky
2020_16_CHI_JAX,JAX,00-0030520,38,-5.025218777721635,2.0,M.Glennon
2020_16_CIN_HOU,CIN,00-0032434,37,22.745381723196125,0.0,B.Allen
2020_16_CIN_HOU,CIN,00-0032543,1,-0.4890727505553514,0.0,A.Erickson
2020_16_CIN_HOU,HOU,00-0033537,37,7.846464544267155,0.0,D.Watson
2020_16_CLE_NYJ,CLE,00-0034855,55,-9.00293670749782,0.0,B.Mayfield
2020_16_CLE_NYJ,NYJ,00-0031941,1,3.8461674444843084,0.0,J.Crowder
2020_16_CLE_NYJ,NYJ,00-0034869,37,-0.45436871590156724,0.0,S.Darnold
2020_16_DEN_LAC,DEN,00-0035704,50,0.1998685202659929,2.0,D.Lock
2020_16_DEN_LAC,LAC,00-0036355,38,2.2292618042469514,0.0,J.Herbert
2020_16_IND_PIT,IND,00-0022942,39,-6.40298673172947,1.0,P.Rivers
2020_16_IND_PIT,PIT,00-0022924,50,2.9660411556251347,0.0,B.Roethlisberger
2020_16_LA_SEA,LA,00-0033106,52,-3.95467139374464,1.0,J.Goff
2020_16_LA_SEA,SEA,00-0029263,38,4.12385438154349,0.0,R.Wilson
2020_16_MIA_LV,LV,00-0031280,36,0.1933692116451926,0.0,D.Carr
2020_16_MIA_LV,MIA,00-0023682,13,11.621786750466025,0.0,R.Fitzpatrick
2020_16_MIA_LV,MIA,00-0036212,27,-4.846540607861243,0.0,T.Tagovailoa
2020_16_MIN_NO,MIN,00-0029604,44,5.976854190274142,0.0,K.Cousins
2020_16_MIN_NO,NO,00-0020531,26,10.579499685014758,2.0,D.Brees
2020_16_MIN_NO,NO,00-0033357,2,0.2158150052127894,0.0,T.Hill
2020_16_NYG_BAL,BAL,00-0034796,28,11.484154862784393,0.0,L.Jackson
2020_16_NYG_BAL,NYG,00-0035710,48,-5.657409275945298,0.0,D.Jones
2020_16_PHI_DAL,DAL,00-0027973,33,12.024585508236207,1.0,A.Dalton
2020_16_PHI_DAL,PHI,00-0036389,48,-7.851268584589758,2.0,J.Hurts
2020_16_SF_ARI,ARI,00-0035228,58,-9.999706086619863,1.0,K.Murray
2020_16_SF_ARI,SF,00-0033936,25,2.2820753680689183,0.0,C.Beathard
2020_16_TB_DET,DET,00-0026498,3,-1.2091841625515372,0.0,M.Stafford
2020_16_TB_DET,DET,00-0026544,21,-12.516650951118208,0.0,C.Daniel
2020_16_TB_DET,DET,00-0035040,12,-7.856907082372345,1.0,D.Blough
2020_16_TB_DET,TB,00-0019596,28,26.576751331740525,0.0,T.Brady
2020_16_TB_DET,TB,00-0027948,17,0.8481711034123482,0.0,B.Gabbert
2020_16_TEN_GB,GB,00-0023459,28,11.107080063811736,1.0,A.Rodgers
2020_16_TEN_GB,TEN,00-0029701,28,-8.06905114609981,2.0,R.Tannehill
2020_16_TEN_GB,TEN,00-0034438,2,-1.4844779600389302,0.0,L.Woodside
2020_17_ARI_LA,ARI,00-0035228,13,2.809115658161904,0.0,K.Murray
2020_17_ARI_LA,ARI,00-0035752,18,-13.418105398392072,1.0,C.Streveler
2020_17_ARI_LA,LA,00-0034899,42,-0.3347093695741856,1.0,J.Wolford
2020_17_ATL_TB,ATL,00-0026143,45,12.510810213981033,0.0,M.Ryan
2020_17_ATL_TB,TB,00-0019596,42,21.974029613507184,1.0,T.Brady
2020_17_BAL_CIN,BAL,00-0034796,23,9.824102622340433,1.0,L.Jackson
2020_17_BAL_CIN,BAL,00-0035993,1,0.574866310460493,0.0,T.Huntley
2020_17_BAL_CIN,CIN,00-0032434,21,-24.306059837313384,2.0,B.Allen
2020_17_DAL_NYG,DAL,00-0027973,57,-8.76665567905585,1.0,A.Dalton
2020_17_DAL_NYG,NYG,00-0035710,29,2.7949935854497316,1.0,D.Jones
2020_17_GB_CHI,CHI,00-0033869,45,-2.4613663017957004,1.0,M.Trubisky
2020_17_GB_CHI,GB,00-0023459,26,20.78336356912041,0.0,A.Rodgers
2020_17_JAX_IND,IND,00-0022942,28,0.9766895178531119,1.0,P.Rivers
2020_17_JAX_IND,JAX,00-0030520,48,-12.60002383030951,0.0,M.Glennon
2020_17_LAC_KC,KC,00-0026197,33,12.932485629164148,0.0,C.Henne
2020_17_LAC_KC,LAC,00-0036355,36,20.77815570939868,0.0,J.Herbert
2020_17_LV_DEN,DEN,00-0035704,45,4.956222716631165,0.0,D.Lock
2020_17_LV_DEN,LV,00-0031280,42,8.04644317871146,2.0,D.Carr
2020_17_MIA_BUF,BUF,00-0030533,13,5.209747455955949,1.0,M.Barkley
2020_17_MIA_BUF,BUF,00-0034857,27,11.18259647313971,1.0,J.Allen
2020_17_MIA_BUF,MIA,00-0036212,62,-10.05690377884501,3.0,T.Tagovailoa
2020_17_MIA_BUF,MIA,00-0036364,1,2.3460596356308088,0.0,L.Bowden
2020_17_MIN_DET,DET,00-0026498,36,9.218605928196903,1.0,M.Stafford
2020_17_MIN_DET,MIN,00-0029604,43,18.675098584590963,0.0,K.Cousins
2020_17_NO_CAR,CAR,00-0031237,25,-8.819699364335975,2.0,T.Bridgewater
2020_17_NO_CAR,CAR,00-0033275,16,-14.778994147782214,3.0,P.Walker
2020_17_NO_CAR,NO,00-0020531,34,5.192979540090558,0.0,D.Brees
2020_17_NO_CAR,NO,00-0033357,1,1.0944343046285212,0.0,T.Hill
2020_17_NYJ_NE,NE,00-0027939,33,10.564337381685618,0.0,C.Newton
2020_17_NYJ_NE,NE,00-0034960,1,2.1124640480265953,0.0,J.Meyers
2020_17_NYJ_NE,NYJ,00-0034869,37,-0.397826298547443,2.0,S.Darnold
2020_17_PIT_CLE,CLE,00-0034855,35,7.8359323836222,0.0,B.Mayfield
2020_17_PIT_CLE,PIT,00-0033949,5,-2.623088019026909,0.0,J.Dobbs
2020_17_PIT_CLE,PIT,00-0034771,42,9.847214004179403,1.0,M.Rudolph
2020_17_SEA_SF,SEA,00-0029263,42,2.2883727552307285,0.0,R.Wilson
2020_17_SEA_SF,SF,00-0033936,41,7.026713294920114,0.0,C.Beathard
2020_17_TEN_HOU,HOU,00-0031288,1,3.676970351138152,0.0,A.McCarron
2020_17_TEN_HOU,HOU,00-0033537,47,8.783766046005713,1.0,D.Watson
2020_17_TEN_HOU,TEN,00-0029701,31,10.75473948611312,0.0,R.Tannehill
2020_17_WAS_PHI,PHI,00-0032792,15,-4.4499905410339125,1.0,N.Sudfeld
2020_17_WAS_PHI,PHI,00-0033733,1,0.8680690744658932,0.0,G.Ward
2020_17_WAS_PHI,PHI,00-0036389,25,-9.036563739151461,1.0,J.Hurts
2020_17_WAS_PHI,WAS,00-0023436,35,-8.247725843676289,2.0,A.Smith
2021_01_ARI_TEN,ARI,00-0035228,35,12.713681236992008,1.0,K.Murray
2021_01_ARI_TEN,TEN,00-0029701,43,-17.259098949296064,1.0,R.Tannehill
2021_01_ARI_TEN,TEN,00-0032496,1,3.0622718997765332,0.0,M.Farley
2021_01_BAL_LV,BAL,00-0034796,39,2.5678025838975955,0.0,L.Jackson
2021_01_BAL_LV,LV,00-0031280,59,8.5970408213497,1.0,D.Carr
2021_01_CHI_LA,CHI,00-0027973,43,-9.797288873174693,1.0,A.Dalton
2021_01_CHI_LA,CHI,00-0036945,2,0.3973512932425365,0.0,J.Fields
2021_01_CHI_LA,LA,00-0026498,27,18.848576589254023,0.0,M.Stafford
2021_01_CLE_KC,CLE,00-0031382,1,1.4900111485039815,0.0,J.Landry
2021_01_CLE_KC,CLE,00-0034855,31,10.776634532026947,1.0,B.Mayfield
2021_01_CLE_KC,KC,00-0033873,42,23.238853054221842,0.0,P.Mahomes
2021_01_DAL_TB,DAL,00-0033077,62,13.846541032717,1.0,D.Prescott
2021_01_DAL_TB,TB,00-0019596,50,14.006987331264142,2.0,T.Brady
2021_01_DEN_NYG,DEN,00-0031237,41,24.469914079408877,0.0,T.Bridgewater
2021_01_DEN_NYG,NYG,00-0035710,42,-1.656260535644833,0.0,D.Jones
2021_01_GB_NO,GB,00-0023459,29,-15.949714735417334,2.0,A.Rodgers
2021_01_GB_NO,GB,00-0036264,8,-1.9097879871842451,0.0,J.Love
2021_01_GB_NO,NO,00-0031503,23,20.68893256652025,0.0,J.Winston
2021_01_GB_NO,NO,00-0033357,1,0.37050937867024913,0.0,T.Hill
2021_01_JAX_HOU,HOU,00-0028118,37,17.30327947295113,0.0,T.Taylor
2021_01_JAX_HOU,JAX,00-0036971,52,-3.838039752250947,3.0,T.Lawrence
2021_01_LAC_WAS,LAC,00-0036355,49,10.384261467303975,1.0,J.Herbert
2021_01_LAC_WAS,WAS,00-0023682,8,-5.470147480160038,0.0,R.Fitzpatrick
2021_01_LAC_WAS,WAS,00-0031800,18,4.28239378767208,0.0,T.Heinicke
2021_01_MIA_NE,MIA,00-0036212,29,1.3420937838439366,1.0,T.Tagovailoa
2021_01_MIA_NE,NE,00-0036972,40,12.53295182892285,0.0,M.Jones
2021_01_MIN_CIN,CIN,00-0036442,31,3.980767612479387,0.0,J.Burrow
2021_01_MIN_CIN,MIN,00-0029604,51,10.401805161702214,0.0,K.Cousins
2021_01_MIN_CIN,MIN,00-0036322,1,0.7226727395318449,0.0,J.Jefferson
2021_01_NYJ_CAR,CAR,00-0034869,36,2.872278243143305,0.0,S.Darnold
2021_01_NYJ_CAR,NYJ,00-0037013,44,-7.6982807563180105,1.0,Z.Wilson
2021_01_PHI_ATL,ATL,00-0026143,39,-15.634799521894866,0.0,M.Ryan
2021_01_PHI_ATL,PHI,00-0036389,38,14.58180460348376,0.0,J.Hurts
2021_01_PIT_BUF,BUF,00-0034857,55,-4.084215090316051,0.0,J.Allen
2021_01_PIT_BUF,PIT,00-0022924,35,-0.73357135554755,0.0,B.Roethlisberger
2021_01_SEA_IND,IND,00-0032950,44,1.5544992104368678,0.0,C.Wentz
2021_01_SEA_IND,SEA,00-0029263,28,13.894179462222382,0.0,R.Wilson
2021_01_SF_DET,DET,00-0033106,65,-6.894018445879992,1.0,J.Goff
2021_01_SF_DET,SF,00-0031345,26,19.68797193593523,0.0,J.Garoppolo
2021_01_SF_DET,SF,00-0037012,1,1.1528736439649947,0.0,T.Lance
2021_02_ATL_TB,ATL,00-0026143,48,-7.229047776472271,3.0,M.Ryan
2021_02_ATL_TB,ATL,00-0034343,2,-2.8407156839966774,0.0,J.Rosen
2021_02_ATL_TB,TB,00-0019596,40,3.1384045947052073,0.0,T.Brady
2021_02_BUF_MIA,BUF,00-0034857,36,8.046346597670501,1.0,J.Allen
2021_02_BUF_MIA,MIA,00-0033119,47,-15.1379124262603,1.0,J.Brissett
2021_02_BUF_MIA,MIA,00-0036212,6,-7.603390352567658,0.0,T.Tagovailoa
2021_02_CIN_CHI,CHI,00-0027973,14,3.91715668910183,0.0,A.Dalton
2021_02_CIN_CHI,CHI,00-0036945,19,-8.445049123771952,1.0,J.Fields
2021_02_CIN_CHI,CIN,00-0036442,35,-8.971513120357098,3.0,J.Burrow
2021_02_DAL_LAC,DAL,00-0033077,29,-1.6675555825016857,1.0,D.Prescott
2021_02_DAL_LAC,LAC,00-0036355,45,3.641023849509386,2.0,J.Herbert
2021_02_DEN_JAX,DEN,00-0031237,38,9.007116145406625,0.0,T.Bridgewater
2021_02_DEN_JAX,JAX,00-0036971,37,-10.343711064654581,2.0,T.Lawrence
2021_02_DET_GB,DET,00-0033106,39,2.6797551621542386,1.0,J.Goff
2021_02_DET_GB,GB,00-0023459,33,18.275093255739193,0.0,A.Rodgers
2021_02_HOU_CLE,CLE,00-0034855,28,9.88609310996253,1.0,B.Mayfield
2021_02_HOU_CLE,HOU,00-0028118,12,12.336523685429711,0.0,T.Taylor
2021_02_HOU_CLE,HOU,00-0036898,19,0.449235846899406,1.0,D.Mills
2021_02_KC_BAL,BAL,00-0034796,29,0.1804227416200408,2.0,L.Jackson
2021_02_KC_BAL,KC,00-0033873,32,18.705445185652934,1.0,P.Mahomes
2021_02_LA_IND,IND,00-0032950,40,-0.19434550917067916,1.0,C.Wentz
2021_02_LA_IND,IND,00-0036226,5,-3.102543077489827,1.0,J.Eason
2021_02_LA_IND,LA,00-0026498,32,12.113322124206764,1.0,M.Stafford
2021_02_LV_PIT,LV,00-0031280,40,22.202663080259416,0.0,D.Carr
2021_02_LV_PIT,PIT,00-0022924,42,2.70703791455795,1.0,B.Roethlisberger
2021_02_MIN_ARI,ARI,00-0035228,42,8.708845896321217,2.0,K.Murray
2021_02_MIN_ARI,MIN,00-0029604,35,9.816869623280372,0.0,K.Cousins
2021_02_NE_NYJ,NE,00-0036972,33,-4.378398055847251,0.0,M.Jones
2021_02_NE_NYJ,NYJ,00-0037013,39,-20.042291676480534,4.0,Z.Wilson
2021_02_NO_CAR,CAR,00-0034869,41,11.21086418032196,1.0,S.Darnold
2021_02_NO_CAR,NO,00-0031503,28,-14.605863881006371,2.0,J.Winston
2021_02_NO_CAR,NO,00-0033357,1,1.0955008166492917,0.0,T.Hill
2021_02_NYG_WAS,NYG,00-0035710,38,1.906020420229968,0.0,D.Jones
2021_02_NYG_WAS,WAS,00-0031800,49,0.7531068563823178,1.0,T.Heinicke
2021_02_SF_PHI,PHI,00-0033733,1,-2.804270841705147,0.0,G.Ward
2021_02_SF_PHI,PHI,00-0036389,30,6.953926455820746,0.0,J.Hurts
2021_02_SF_PHI,SF,00-0031345,33,7.023444239108358,0.0,J.Garoppolo
2021_02_TEN_SEA,SEA,00-0029263,36,8.11572393502367,0.0,R.Wilson
2021_02_TEN_SEA,TEN,00-0029701,45,9.359020951757625,0.0,R.Tannehill
2021_03_ARI_JAX,ARI,00-0035228,37,11.612594699669375,1.0,K.Murray
2021_03_ARI_JAX,JAX,00-0036971,38,-13.499669585959055,2.0,T.Lawrence
2021_03_ATL_NYG,ATL,00-0026143,39,5.152402266510762,0.0,M.Ryan
2021_03_ATL_NYG,NYG,00-0035710,42,7.4843846144209545,0.0,D.Jones
2021_03_BAL_DET,BAL,00-0034796,39,8.739083498698271,1.0,L.Jackson
2021_03_BAL_DET,DET,00-0033106,33,1.5021032764925621,0.0,J.Goff
2021_03_BAL_DET,DET,00-0036275,1,-0.912519452162087,0.0,D.Swift
2021_03_CAR_HOU,CAR,00-0034869,38,13.830148094939545,0.0,S.Darnold
2021_03_CAR_HOU,HOU,00-0036898,31,-7.230187164082684,0.0,D.Mills
2021_03_CHI_CLE,CHI,00-0036945,30,-21.397072041391183,0.0,J.Fields
2021_03_CHI_CLE,CLE,00-0034855,39,-0.24148434015911713,0.0,B.Mayfield
2021_03_CIN_PIT,CIN,00-0036442,19,7.101927253956875,1.0,J.Burrow
2021_03_CIN_PIT,PIT,00-0022924,63,-8.082339087248448,2.0,B.Roethlisberger
2021_03_GB_SF,GB,00-0023459,32,7.226966804875916,0.0,A.Rodgers
2021_03_GB_SF,SF,00-0031345,44,0.668321106757503,1.0,J.Garoppolo
2021_03_IND_TEN,IND,00-0032950,39,-8.559545816927763,0.0,C.Wentz
2021_03_IND_TEN,TEN,00-0029701,30,7.4592087394848985,2.0,R.Tannehill
2021_03_LAC_KC,KC,00-0033873,50,13.606212587430425,2.0,P.Mahomes
2021_03_LAC_KC,LAC,00-0036355,42,16.11644013433097,0.0,J.Herbert
2021_03_MIA_LV,LV,00-0031280,46,6.625039513732054,1.0,D.Carr
2021_03_MIA_LV,MIA,00-0033119,57,0.4183284892784147,0.0,J.Brissett
2021_03_NO_NE,NE,00-0036972,56,-17.200383788101952,3.0,M.Jones
2021_03_NO_NE,NO,00-0031503,26,4.084457555058179,0.0,J.Winston
2021_03_NO_NE,NO,00-0033357,1,1.053273064433597,0.0,T.Hill
2021_03_NYJ_DEN,DEN,00-0031237,29,13.693212227523624,0.0,T.Bridgewater
2021_03_NYJ_DEN,NYJ,00-0037013,40,-24.105391451797914,2.0,Z.Wilson
2021_03_PHI_DAL,DAL,00-0033077,32,10.117653416382382,0.0,D.Prescott
2021_03_PHI_DAL,PHI,00-0036389,48,-9.906736668839585,2.0,J.Hurts
2021_03_SEA_MIN,MIN,00-0029604,39,19.216881190438933,0.0,K.Cousins
2021_03_SEA_MIN,SEA,00-0029263,37,-0.5358046079039283,0.0,R.Wilson
2021_03_TB_LA,LA,00-0026498,39,17.66876214655024,0.0,M.Stafford
2021_03_TB_LA,TB,00-0019596,60,13.187730162297756,0.0,T.Brady
2021_03_WAS_BUF,BUF,00-0033869,2,1.9561542423907667,0.0,M.Trubisky
2021_03_WAS_BUF,BUF,00-0034857,46,18.293449923704625,0.0,J.Allen
2021_03_WAS_BUF,WAS,00-0031800,30,5.151594856346492,2.0,T.Heinicke
2021_04_ARI_LA,ARI,00-0035228,39,17.063235258074812,0.0,K.Murray
2021_04_ARI_LA,LA,00-0026498,43,3.732779745227186,1.0,M.Stafford
2021_04_BAL_DEN,BAL,00-0034796,41,10.005040203594781,0.0,L.Jackson
2021_04_BAL_DEN,DEN,00-0031237,19,-6.037940899434034,0.0,T.Bridgewater
2021_04_BAL_DEN,DEN,00-0035704,24,-9.43301898604841,1.0,D.Lock
2021_04_CAR_DAL,CAR,00-0034869,46,0.9676027934165203,2.0,S.Darnold
2021_04_CAR_DAL,DAL,00-0033077,25,10.10918728107959,0.0,D.Prescott
2021_04_CLE_MIN,CLE,00-0034855,38,-6.517347794022108,0.0,B.Mayfield
2021_04_CLE_MIN,MIN,00-0029604,41,-10.883543685660698,1.0,K.Cousins
2021_04_DET_CHI,CHI,00-0036945,19,4.57237352942879,1.0,J.Fields
2021_04_DET_CHI,DET,00-0033106,43,3.5776425898075104,0.0,J.Goff
2021_04_HOU_BUF,BUF,00-0033869,1,0.5110225803800859,0.0,M.Trubisky
2021_04_HOU_BUF,BUF,00-0034857,33,2.5078889056067672,1.0,J.Allen
2021_04_HOU_BUF,HOU,00-0036898,25,-23.447776365210302,4.0,D.Mills
2021_04_IND_MIA,IND,00-0032950,34,9.914629933273302,0.0,C.Wentz
2021_04_IND_MIA,MIA,00-0033119,35,0.7234163142960801,0.0,J.Brissett
2021_04_JAX_CIN,CIN,00-0036442,33,17.589502797128443,0.0,J.Burrow
2021_04_JAX_CIN,JAX,00-0036971,27,7.611319774005096,0.0,T.Lawrence
2021_04_KC_PHI,KC,00-0033873,35,25.38340412543039,1.0,P.Mahomes
2021_04_KC_PHI,PHI,00-0036389,55,13.536472002692705,0.0,J.Hurts
2021_04_LV_LAC,LAC,00-0031543,1,-2.76716072531417,0.0,T.Long
2021_04_LV_LAC,LAC,00-0036355,41,5.299789174983744,0.0,J.Herbert
2021_04_LV_LAC,LV,00-0031280,40,-8.370207033747565,1.0,D.Carr
2021_04_NYG_NO,NO,00-0031503,23,10.945807373695482,0.0,J.Winston
2021_04_NYG_NO,NO,00-0033357,3,-2.296943289169576,1.0,T.Hill
2021_04_NYG_NO,NYG,00-0035710,43,15.980557530227795,1.0,D.Jones
2021_04_PIT_GB,GB,00-0023459,40,4.99959059707218,0.0,A.Rodgers
2021_04_PIT_GB,PIT,00-0022924,42,-10.516520136232064,1.0,B.Roethlisberger
2021_04_SEA_SF,SEA,00-0029263,28,-1.0899288762011565,0.0,R.Wilson
2021_04_SEA_SF,SF,00-0031345,24,-1.2354330546405947,1.0,J.Garoppolo
2021_04_SEA_SF,SF,00-0037012,24,9.360704286023974,0.0,T.Lance
2021_04_TB_NE,NE,00-0034960,2,1.7869173039798625,0.0,J.Meyers
2021_04_TB_NE,NE,00-0036972,44,2.518357435648848,1.0,M.Jones
2021_04_TB_NE,TB,00-0019596,45,3.9072663433705426,0.0,T.Brady
2021_04_TEN_NYJ,NYJ,00-0037013,36,7.750927372937702,1.0,Z.Wilson
2021_04_TEN_NYJ,TEN,00-0029701,58,0.6921513610135395,0.0,R.Tannehill
2021_04_WAS_ATL,ATL,00-0026143,44,12.933853072415953,0.0,M.Ryan
2021_04_WAS_ATL,WAS,00-0031800,39,21.884733058303247,0.0,T.Heinicke
2021_05_BUF_KC,BUF,00-0034857,30,17.629737957670272,0.0,J.Allen
2021_05_BUF_KC,KC,00-0033873,63,-5.191321152089884,2.0,P.Mahomes
2021_05_CHI_LV,CHI,00-0027973,1,1.5922801172710024,0.0,A.Dalton
2021_05_CHI_LV,CHI,00-0036945,21,4.757899117830675,0.0,J.Fields
2021_05_CHI_LV,LV,00-0031280,40,-9.311765442869005,1.0,D.Carr
2021_05_CLE_LAC,CLE,00-0034855,35,10.713506200391379,0.0,B.Mayfield
2021_05_CLE_LAC,LAC,00-0036355,49,20.64116320600454,0.0,J.Herbert
2021_05_DEN_PIT,DEN,00-0031237,42,8.161710428015887,1.0,T.Bridgewater
2021_05_DEN_PIT,PIT,00-0022924,26,9.34852731680036,0.0,B.Roethlisberger
2021_05_DET_MIN,DET,00-0033106,40,-14.08202783846655,1.0,J.Goff
2021_05_DET_MIN,MIN,00-0029604,36,5.134456016082441,1.0,K.Cousins
2021_05_GB_CIN,CIN,00-0036442,43,2.0231601811684667,2.0,J.Burrow
2021_05_GB_CIN,GB,00-0023459,40,8.687377569328252,1.0,A.Rodgers
2021_05_IND_BAL,BAL,00-0034796,54,36.40966209915645,0.0,L.Jackson
2021_05_IND_BAL,IND,00-0032950,39,16.3064587176729,0.0,C.Wentz
2021_05_LA_SEA,LA,00-0026498,38,14.05562873519375,1.0,M.Stafford
2021_05_LA_SEA,SEA,00-0029263,19,-1.7466775727438568,1.0,R.Wilson
2021_05_LA_SEA,SEA,00-0030565,19,4.669462259544418,1.0,G.Smith
2021_05_MIA_TB,MIA,00-0033119,42,-1.071150899813249,1.0,J.Brissett
2021_05_MIA_TB,TB,00-0019596,43,29.190939925673167,0.0,T.Brady
2021_05_MIA_TB,TB,00-0027948,3,3.947539044369478,0.0,B.Gabbert
2021_05_NE_HOU,HOU,00-0036898,32,17.91204633558163,0.0,D.Mills
2021_05_NE_HOU,NE,00-0036972,30,8.957857867401325,1.0,M.Jones
2021_05_NO_WAS,NO,00-0031503,34,8.414830362831708,1.0,J.Winston
2021_05_NO_WAS,WAS,00-0031800,49,-10.588737294040696,2.0,T.Heinicke
2021_05_NYG_DAL,DAL,00-0033077,35,10.469678318857191,1.0,D.Prescott
2021_05_NYG_DAL,DAL,00-0034418,1,1.256549630779773,0.0,C.Wilson
2021_05_NYG_DAL,NYG,00-0030520,25,-2.8583272549440153,2.0,M.Glennon
2021_05_NYG_DAL,NYG,00-0035710,14,1.7093177524802488,0.0,D.Jones
2021_05_NYG_DAL,NYG,00-0036913,1,-0.7465409515425563,0.0,K.Toney
2021_05_NYJ_ATL,ATL,00-0026143,45,21.30797904292473,0.0,M.Ryan
2021_05_NYJ_ATL,ATL,00-0030578,1,-0.5996399439172819,0.0,C.Patterson
2021_05_NYJ_ATL,NYJ,00-0037013,36,-5.009438224942411,1.0,Z.Wilson
2021_05_PHI_CAR,CAR,00-0034869,42,-16.92882912594289,3.0,S.Darnold
2021_05_PHI_CAR,PHI,00-0036389,41,-9.781661650492648,1.0,J.Hurts
2021_05_SF_ARI,ARI,00-0035228,33,4.36363601132804,0.0,K.Murray
2021_05_SF_ARI,SF,00-0037012,35,-3.1981870523115035,1.0,T.Lance
2021_05_TEN_JAX,JAX,00-0036971,39,-1.823639741444972,1.0,T.Lawrence
2021_05_TEN_JAX,TEN,00-0029701,26,9.767962499582564,0.0,R.Tannehill
2021_06_ARI_CLE,ARI,00-0035228,32,14.576906818488192,0.0,K.Murray
2021_06_ARI_CLE,CLE,00-0028986,3,-3.925788269669283,0.0,C.Keenum
2021_06_ARI_CLE,CLE,00-0034855,36,-7.926293299417011,1.0,B.Mayfield
2021_06_BUF_TEN,BUF,00-0034857,54,12.753835808337545,1.0,J.Allen
2021_06_BUF_TEN,BUF,00-0035689,1,1.053,0.0,D.Knox
2021_06_BUF_TEN,TEN,00-0029701,29,7.008122111278633,1.0,R.Tannehill
2021_06_CIN_DET,CIN,00-0032434,1,1.6770280594355427,0.0,B.Allen
2021_06_CIN_DET,CIN,00-0036442,36,12.301923342811273,1.0,J.Burrow
2021_06_CIN_DET,DET,00-0033106,44,-7.305281163631858,1.0,J.Goff
2021_06_DAL_NE,DAL,00-0033077,53,22.725646418884732,1.0,D.Prescott
2021_06_DAL_NE,NE,00-0036972,24,-3.2449553656768986,1.0,M.Jones
2021_06_GB_CHI,CHI,00-0036945,36,-2.4126573417452164,1.0,J.Fields
2021_06_GB_CHI,GB,00-0023459,28,9.157865368060182,0.0,A.Rodgers
2021_06_HOU_IND,HOU,00-0036898,46,-9.56209141482633,2.0,D.Mills
2021_06_HOU_IND,IND,00-0032950,23,6.040345975714045,0.0,C.Wentz
2021_06_KC_WAS,KC,00-0033873,53,15.84395077379898,2.0,P.Mahomes
2021_06_KC_WAS,WAS,00-0031800,39,-5.7160549873900806,1.0,T.Heinicke
2021_06_LAC_BAL,BAL,00-0034796,33,-2.6387821240902323,2.0,L.Jackson
2021_06_LAC_BAL,LAC,00-0036355,42,-13.548074788239319,1.0,J.Herbert
2021_06_LA_NYG,LA,00-0026498,32,18.691354216396576,1.0,M.Stafford
2021_06_LA_NYG,LA,00-0034899,2,-3.58801715192385,1.0,J.Wolford
2021_06_LA_NYG,NYG,00-0035710,57,-12.96190336267468,3.0,D.Jones
2021_06_LV_DEN,DEN,00-0031237,56,-0.27090752027685205,3.0,T.Bridgewater
2021_06_LV_DEN,LV,00-0031280,29,16.494320422538213,0.0,D.Carr
2021_06_MIA_JAX,JAX,00-0036971,44,10.106197618985618,0.0,T.Lawrence
2021_06_MIA_JAX,MIA,00-0033119,1,2.2277986847329885,0.0,J.Brissett
2021_06_MIA_JAX,MIA,00-0036212,49,11.200257633614974,1.0,T.Tagovailoa
2021_06_MIN_CAR,CAR,00-0034869,49,-12.570008909895137,1.0,S.Darnold
2021_06_MIN_CAR,MIN,00-0029604,49,14.215768710450558,0.0,K.Cousins
2021_06_SEA_PIT,PIT,00-0022924,41,-1.0961150637063595,0.0,B.Roethlisberger
2021_06_SEA_PIT,SEA,00-0030565,36,-8.426555957853342,0.0,G.Smith
2021_06_TB_PHI,PHI,00-0036389,34,-1.50575170773145,1.0,J.Hurts
2021_06_TB_PHI,TB,00-0019596,42,13.495770434703445,1.0,T.Brady
2021_07_ATL_MIA,ATL,00-0026143,42,7.787481922104886,1.0,M.Ryan
2021_07_ATL_MIA,MIA,00-0036212,44,8.010074655236686,2.0,T.Tagovailoa
2021_07_CAR_NYG,CAR,00-0033275,18,-10.243722067854833,0.0,P.Walker
2021_07_CAR_NYG,CAR,00-0034869,28,-10.541076185484348,1.0,S.Darnold
2021_07_CAR_NYG,NYG,00-0034860,1,0.9808847262756899,0.0,D.Pettis
2021_07_CAR_NYG,NYG,00-0035710,35,-2.0006399432271467,0.0,D.Jones
2021_07_CHI_TB,CHI,00-0036945,43,-27.054818379230866,3.0,J.Fields
2021_07_CHI_TB,TB,00-0019596,36,9.262589475397338,0.0,T.Brady
2021_07_CHI_TB,TB,00-0027948,3,-0.6526747738826089,0.0,B.Gabbert
2021_07_CIN_BAL,BAL,00-0034796,42,-7.011288673403237,0.0,L.Jackson
2021_07_CIN_BAL,BAL,00-0035993,11,-4.218866468407214,0.0,T.Huntley
2021_07_CIN_BAL,CIN,00-0036442,38,19.694369966115914,1.0,J.Burrow
2021_07_DEN_CLE,CLE,00-0028986,36,7.018353053719778,0.0,C.Keenum
2021_07_DEN_CLE,DEN,00-0031237,35,6.326554603932891,1.0,T.Bridgewater
2021_07_DET_LA,DET,00-0033106,37,-1.3040903689189536,2.0,J.Goff
2021_07_DET_LA,DET,00-0035156,1,4.225298851495609,0.0,J.Fox
2021_07_DET_LA,LA,00-0026498,43,15.091598226720237,0.0,M.Stafford
2021_07_HOU_ARI,ARI,00-0035228,34,12.12830812630641,1.0,K.Murray
2021_07_HOU_ARI,HOU,00-0036898,34,-16.395969196806718,0.0,D.Mills
2021_07_IND_SF,IND,00-0032950,30,-2.422996748635909,0.0,C.Wentz
2021_07_IND_SF,SF,00-0031345,30,-10.673977914469123,2.0,J.Garoppolo
2021_07_KC_TEN,KC,00-0026197,17,4.173739509074949,0.0,C.Henne
2021_07_KC_TEN,KC,00-0033873,44,-7.310887290180791,1.0,P.Mahomes
2021_07_KC_TEN,TEN,00-0029701,29,16.891502100400725,1.0,R.Tannehill
2021_07_KC_TEN,TEN,00-0032764,1,1.0320902957464568,0.0,D.Henry
2021_07_NO_SEA,NO,00-0031503,41,2.3415534734215773,0.0,J.Winston
2021_07_NO_SEA,SEA,00-0030565,28,-3.2631121917201886,0.0,G.Smith
2021_07_NYJ_NE,NE,00-0026625,4,8.096038494230015,0.0,B.Hoyer
2021_07_NYJ_NE,NE,00-0033307,1,2.3478310459759086,0.0,K.Bourne
2021_07_NYJ_NE,NE,00-0036972,39,17.170459590500034,0.0,M.Jones
2021_07_NYJ_NE,NYJ,00-0034401,33,-0.18972307356307283,2.0,M.White
2021_07_NYJ_NE,NYJ,00-0037013,11,0.29194482513759246,0.0,Z.Wilson
2021_07_PHI_LV,LV,00-0031280,35,17.874843370138255,1.0,D.Carr
2021_07_PHI_LV,PHI,00-0036389,41,7.587446674049832,0.0,J.Hurts
2021_07_WAS_GB,GB,00-0023459,40,13.294832637500102,0.0,A.Rodgers
2021_07_WAS_GB,WAS,00-0031800,46,-7.090272153956794,1.0,T.Heinicke
2021_08_CAR_ATL,ATL,00-0026143,31,-8.735457348552734,2.0,M.Ryan
2021_08_CAR_ATL,CAR,00-0033275,1,-0.2575570060289465,0.0,P.Walker
2021_08_CAR_ATL,CAR,00-0034869,28,6.7484035228797925,0.0,S.Darnold
2021_08_CIN_NYJ,CIN,00-0033009,1,3.1924436271365266,0.0,T.Boyd
2021_08_CIN_NYJ,CIN,00-0036442,37,-0.3167492939464509,1.0,J.Burrow
2021_08_CIN_NYJ,NYJ,00-0026300,4,-1.3434380979055862,0.0,J.Johnson
2021_08_CIN_NYJ,NYJ,00-0031941,1,1.053,0.0,J.Crowder
2021_08_CIN_NYJ,NYJ,00-0034401,48,8.044356710342926,2.0,M.White
2021_08_DAL_MIN,DAL,00-0033662,44,1.7715612465514314,1.0,C.Rush
2021_08_DAL_MIN,DAL,00-0034418,1,2.577636693720706,0.0,C.Wilson
2021_08_DAL_MIN,MIN,00-0029604,38,-10.044930935034607,0.0,K.Cousins
2021_08_DAL_MIN,MIN,00-0036322,1,-0.7470790517982095,0.0,J.Jefferson
2021_08_GB_ARI,ARI,00-0035228,36,1.254435190523509,2.0,K.Murray
2021_08_GB_ARI,GB,00-0023459,39,1.947399897386231,0.0,A.Rodgers
2021_08_JAX_SEA,JAX,00-0036971,57,-8.992189941578545,1.0,T.Lawrence
2021_08_JAX_SEA,SEA,00-0030565,28,6.538797661152957,0.0,G.Smith
2021_08_LA_HOU,HOU,00-0030288,1,-0.4931206500623375,0.0,R.Burkhead
2021_08_LA_HOU,HOU,00-0036898,43,-6.86876270891006,1.0,D.Mills
2021_08_LA_HOU,LA,00-0026498,32,16.18919793784235,0.0,M.Stafford
2021_08_LA_HOU,LA,00-0034899,3,-2.7724618413485587,0.0,J.Wolford
2021_08_MIA_BUF,BUF,00-0029000,1,-0.47759081999538466,0.0,C.Beasley
2021_08_MIA_BUF,BUF,00-0034857,45,9.528670383476957,0.0,J.Allen
2021_08_MIA_BUF,MIA,00-0036212,44,-1.5983705227032017,1.0,T.Tagovailoa
2021_08_NE_LAC,LAC,00-0036355,39,-8.057267994421014,2.0,J.Herbert
2021_08_NE_LAC,NE,00-0036972,39,3.2076341439608735,0.0,M.Jones
2021_08_NYG_KC,KC,00-0033873,52,3.434257698900209,1.0,P.Mahomes
2021_08_NYG_KC,NYG,00-0035710,37,-1.9775499621318224,1.0,D.Jones
2021_08_NYG_KC,NYG,00-0036913,1,1.275889344047755,0.0,K.Toney
2021_08_PHI_DET,DET,00-0033106,40,-11.528257348461844,0.0,J.Goff
2021_08_PHI_DET,DET,00-0035040,2,-0.5860745162935928,0.0,D.Blough
2021_08_PHI_DET,PHI,00-0035289,2,-0.6730880384643965,0.0,G.Minshew II
2021_08_PHI_DET,PHI,00-0036389,17,8.41079720885212,0.0,J.Hurts
2021_08_PIT_CLE,CLE,00-0034855,36,3.907535704609382,0.0,B.Mayfield
2021_08_PIT_CLE,PIT,00-0022924,38,5.655367612242411,0.0,B.Roethlisberger
2021_08_PIT_CLE,PIT,00-0031136,1,-3.0074845636845566,0.0,C.Boswell
2021_08_SF_CHI,CHI,00-0036945,39,13.855272665867595,1.0,J.Fields
2021_08_SF_CHI,SF,00-0031345,28,15.79003098803694,0.0,J.Garoppolo
2021_08_TB_NO,NO,00-0031503,14,7.372156679746695,0.0,J.Winston
2021_08_TB_NO,NO,00-0032156,31,-1.2373253305265437,0.0,T.Siemian
2021_08_TB_NO,TB,00-0019596,43,0.9626899479771964,2.0,T.Brady
2021_08_TB_NO,TB,00-0033856,1,-0.6633014641702175,0.0,L.Fournette
2021_08_TEN_IND,IND,00-0032950,53,-12.948935941165841,2.0,C.Wentz
2021_08_TEN_IND,TEN,00-0029701,36,7.834144261224225,2.0,R.Tannehill
2021_08_TEN_IND,TEN,00-0035676,1,-0.5098580090561882,0.0,A.Brown
2021_08_WAS_DEN,DEN,00-0031237,30,3.6067926516961646,0.0,T.Bridgewater
2021_08_WAS_DEN,WAS,00-0031800,45,-1.314340127868686,2.0,T.Heinicke
2021_09_ARI_SF,ARI,00-0027688,29,14.65665503195487,0.0,C.McCoy
2021_09_ARI_SF,ARI,00-0034775,1,3.0305774064618163,0.0,C.Kirk
2021_09_ARI_SF,SF,00-0031345,46,5.169065302480572,1.0,J.Garoppolo
2021_09_ATL_NO,ATL,00-0026143,35,19.121879706694433,0.0,M.Ryan
2021_09_ATL_NO,NO,00-0032156,43,-5.931132351300987,0.0,T.Siemian
2021_09_ATL_NO,NO,00-0033357,2,2.5959667556453496,0.0,T.Hill
2021_09_BUF_JAX,BUF,00-0034857,54,-3.18587009013003,2.0,J.Allen
2021_09_BUF_JAX,JAX,00-0033936,2,1.829054368659854,0.0,C.Beathard
2021_09_BUF_JAX,JAX,00-0036971,28,-3.913413686958209,0.0,T.Lawrence
2021_09_CHI_PIT,CHI,00-0036945,37,4.992769523330825,1.0,J.Fields
2021_09_CHI_PIT,PIT,00-0022924,33,4.203753383309742,0.0,B.Roethlisberger
2021_09_CLE_CIN,CIN,00-0032434,2,-0.482784754189197,0.0,B.Allen
2021_09_CLE_CIN,CIN,00-0036442,45,-14.341417052092218,2.0,J.Burrow
2021_09_CLE_CIN,CLE,00-0034855,23,10.440781613484193,0.0,B.Mayfield
2021_09_DEN_DAL,DAL,00-0033077,43,-8.335663211648352,1.0,D.Prescott
2021_09_DEN_DAL,DEN,00-0031237,33,9.055982814160895,0.0,T.Bridgewater
2021_09_GB_KC,GB,00-0036264,39,-0.11377040827389884,1.0,J.Love
2021_09_GB_KC,KC,00-0033873,38,-8.951695351142758,0.0,P.Mahomes
2021_09_HOU_MIA,HOU,00-0026035,1,-0.3616975506884046,0.0,D.Amendola
2021_09_HOU_MIA,HOU,00-0028118,50,-14.329021520987968,3.0,T.Taylor
2021_09_HOU_MIA,MIA,00-0033119,48,-1.607399677685203,2.0,J.Brissett
2021_09_LAC_PHI,LAC,00-0036355,41,23.059498187193793,0.0,J.Herbert
2021_09_LAC_PHI,PHI,00-0036389,24,10.722253702815891,0.0,J.Hurts
2021_09_LV_NYG,LV,00-0031280,48,-7.5091094297986505,2.0,D.Carr
2021_09_LV_NYG,NYG,00-0035710,25,0.3068422883396047,0.0,D.Jones
2021_09_LV_NYG,NYG,00-0036913,1,-0.8647951660677791,0.0,K.Toney
2021_09_MIN_BAL,BAL,00-0034796,53,-1.8732254803536783,2.0,L.Jackson
2021_09_MIN_BAL,MIN,00-0029604,28,7.666574854176505,0.0,K.Cousins
2021_09_NE_CAR,CAR,00-0034869,37,-25.53278875865279,3.0,S.Darnold
2021_09_NE_CAR,NE,00-0036972,20,-3.6108362397565905,1.0,M.Jones
2021_09_NYJ_IND,IND,00-0032950,33,15.151668528142604,0.0,C.Wentz
2021_09_NYJ_IND,NYJ,00-0026300,46,16.289754972590075,1.0,J.Johnson
2021_09_NYJ_IND,NYJ,00-0034401,11,6.34135879855603,0.0,M.White
2021_09_TEN_LA,LA,00-0026498,55,-18.26669921915311,2.0,M.Stafford
2021_09_TEN_LA,TEN,00-0029701,30,-4.238887444371358,1.0,R.Tannehill
2021_10_ATL_DAL,ATL,00-0026143,23,-14.91030587414469,2.0,M.Ryan
2021_10_ATL_DAL,ATL,00-0034343,6,-7.658034609630704,1.0,J.Rosen
2021_10_ATL_DAL,DAL,00-0033045,1,-0.7931139783468097,0.0,E.Elliott
2021_10_ATL_DAL,DAL,00-0033077,32,26.45186934809317,0.0,D.Prescott
2021_10_ATL_DAL,DAL,00-0033662,3,-1.0704912231303751,0.0,C.Rush
2021_10_BAL_MIA,BAL,00-0034796,48,-8.475138592402935,1.0,L.Jackson
2021_10_BAL_MIA,MIA,00-0030669,1,-1.0555784713942558,0.0,A.Wilson
2021_10_BAL_MIA,MIA,00-0033119,26,-2.183223865833242,0.0,J.Brissett
2021_10_BAL_MIA,MIA,00-0036212,15,2.261350670588492,0.0,T.Tagovailoa
2021_10_BUF_NYJ,BUF,00-0034857,31,18.869317696896026,1.0,J.Allen
2021_10_BUF_NYJ,NYJ,00-0026158,3,5.358928996196482,0.0,J.Flacco
2021_10_BUF_NYJ,NYJ,00-0034401,45,-12.202813913505484,4.0,M.White
2021_10_CAR_ARI,ARI,00-0027688,22,-15.439856804630026,1.0,C.McCoy
2021_10_CAR_ARI,ARI,00-0035752,12,-5.250195359112695,0.0,C.Streveler
2021_10_CAR_ARI,CAR,00-0027939,4,-0.9026529253655227,0.0,C.Newton
2021_10_CAR_ARI,CAR,00-0033275,30,5.311861031185821,1.0,P.Walker
2021_10_CLE_NE,CLE,00-0028986,15,-4.333748186589219,0.0,C.Keenum
2021_10_CLE_NE,CLE,00-0034855,23,-5.178473430220038,1.0,B.Mayfield
2021_10_CLE_NE,NE,00-0026625,3,7.705607541895006,0.0,B.Hoyer
2021_10_CLE_NE,NE,00-0036972,25,16.184750803796458,0.0,M.Jones
2021_10_DET_PIT,DET,00-0033106,29,-12.156797073417778,0.0,J.Goff
2021_10_DET_PIT,PIT,00-0034771,52,-2.8355235976549307,1.0,M.Rudolph
2021_10_JAX_IND,IND,00-0032950,36,-3.728162970601898,0.0,C.Wentz
2021_10_JAX_IND,JAX,00-0036971,43,-5.705949787527027,0.0,T.Lawrence
2021_10_KC_LV,KC,00-0033873,50,24.89287958815584,0.0,P.Mahomes
2021_10_KC_LV,KC,00-0035889,1,4.0306980279274285,0.0,T.Townsend
2021_10_KC_LV,LV,00-0031280,40,0.6794091395568103,1.0,D.Carr
2021_10_LA_SF,LA,00-0026498,43,-8.789725613083345,2.0,M.Stafford
2021_10_LA_SF,LA,00-0028872,1,-2.582091593008954,0.0,J.Hekker
2021_10_LA_SF,SF,00-0031345,20,15.410127189994908,0.0,J.Garoppolo
2021_10_MIN_LAC,LAC,00-0036355,37,-6.586191793135132,1.0,J.Herbert
2021_10_MIN_LAC,MIN,00-0029604,40,6.52666264923243,0.0,K.Cousins
2021_10_NO_TEN,NO,00-0032156,39,5.746473852760142,0.0,T.Siemian
2021_10_NO_TEN,NO,00-0033357,2,0.40334821632131934,0.0,T.Hill
2021_10_NO_TEN,TEN,00-0029701,30,1.3572104472897646,0.0,R.Tannehill
2021_10_PHI_DEN,DEN,00-0031237,37,-5.264816223103874,0.0,T.Bridgewater
2021_10_PHI_DEN,PHI,00-0036389,26,7.099713309564627,1.0,J.Hurts
2021_10_SEA_GB,GB,00-0023459,39,3.041297667560063,1.0,A.Rodgers
2021_10_SEA_GB,SEA,00-0029263,48,-19.061469130625483,2.0,R.Wilson
2021_10_TB_WAS,TB,00-0019596,34,-2.893736566748424,2.0,T.Brady
2021_10_TB_WAS,WAS,00-0031800,40,8.903243508548867,0.0,T.Heinicke
2021_11_ARI_SEA,ARI,00-0027688,47,15.836230676552141,0.0,C.McCoy
2021_11_ARI_SEA,SEA,00-0029263,30,-4.867761560064979,0.0,R.Wilson
2021_11_BAL_CHI,BAL,00-0035993,44,-4.8463323860854866,1.0,T.Huntley
2021_11_BAL_CHI,CHI,00-0027973,25,5.9737019405439495,0.0,A.Dalton
2021_11_BAL_CHI,CHI,00-0036945,14,-5.709138700040057,0.0,J.Fields
2021_11_CIN_LV,CIN,00-0036442,35,4.368271178024742,0.0,J.Burrow
2021_11_CIN_LV,LV,00-0031280,29,-8.895418585720616,1.0,D.Carr
2021_11_DAL_KC,DAL,00-0033077,48,-15.437383575127024,2.0,D.Prescott
2021_11_DAL_KC,KC,00-0033873,43,-7.580776334051294,1.0,P.Mahomes
2021_11_DET_CLE,CLE,00-0031382,1,2.048496054019779,0.0,J.Landry
2021_11_DET_CLE,CLE,00-0034855,32,-6.861783121127845,2.0,B.Mayfield
2021_11_DET_CLE,DET,00-0034177,23,-12.218957054021303,2.0,T.Boyle
2021_11_GB_MIN,GB,00-0023459,37,24.32478019926244,0.0,A.Rodgers
2021_11_GB_MIN,MIN,00-0029604,37,20.693389200809214,0.0,K.Cousins
2021_11_HOU_TEN,HOU,00-0028118,29,6.113719265534016,0.0,T.Taylor
2021_11_HOU_TEN,TEN,00-0029701,54,-9.988982106850017,4.0,R.Tannehill
2021_11_IND_BUF,BUF,00-0033869,5,-3.2850803857436404,1.0,M.Trubisky
2021_11_IND_BUF,BUF,00-0034857,37,-0.24592021433998923,2.0,J.Allen
2021_11_IND_BUF,IND,00-0032950,21,7.9007675446178975,0.0,C.Wentz
2021_11_MIA_NYJ,MIA,00-0030669,1,-0.9979544581146911,0.0,A.Wilson
2021_11_MIA_NYJ,MIA,00-0036212,34,16.479081871630562,1.0,T.Tagovailoa
2021_11_MIA_NYJ,NYJ,00-0026158,42,0.6297371332191877,0.0,J.Flacco
2021_11_NE_ATL,ATL,00-0026143,32,-12.23300183005631,2.0,M.Ryan
2021_11_NE_ATL,ATL,00-0034343,3,-8.206126666627824,1.0,J.Rosen
2021_11_NE_ATL,ATL,00-0036825,1,-3.8404934149584733,1.0,F.Franks
2021_11_NE_ATL,NE,00-0036972,30,-3.1698338099842402,1.0,M.Jones
2021_11_NO_PHI,NO,00-0032156,42,-5.476930127742401,2.0,T.Siemian
2021_11_NO_PHI,PHI,00-0036389,31,1.9739761233905024,0.0,J.Hurts
2021_11_NYG_TB,NYG,00-0035710,40,-21.361830150605268,2.0,D.Jones
2021_11_NYG_TB,NYG,00-0036913,1,-0.49293148308061063,0.0,K.Toney
2021_11_NYG_TB,TB,00-0019596,47,8.069958495915817,1.0,T.Brady
2021_11_NYG_TB,TB,00-0027948,3,0.1468733312212862,0.0,B.Gabbert
2021_11_PIT_LAC,LAC,00-0036355,49,24.281284338823752,1.0,J.Herbert
2021_11_PIT_LAC,PIT,00-0022924,47,0.524236235591232,0.0,B.Roethlisberger
2021_11_SF_JAX,JAX,00-0036971,30,2.6372349120808534,0.0,T.Lawrence
2021_11_SF_JAX,SF,00-0031345,25,9.388528057209202,0.0,J.Garoppolo
2021_11_WAS_CAR,CAR,00-0027939,29,3.818695557944011,0.0,C.Newton
2021_11_WAS_CAR,WAS,00-0031800,26,14.982691598648671,0.0,T.Heinicke
2021_12_ATL_JAX,ATL,00-0026143,31,4.9981169886305,1.0,M.Ryan
2021_12_ATL_JAX,JAX,00-0036971,45,-1.2049935305826178,1.0,T.Lawrence
2021_12_BUF_NO,BUF,00-0034857,34,15.22564226756954,2.0,J.Allen
2021_12_BUF_NO,NO,00-0032156,33,-6.434425594765227,1.0,T.Siemian
2021_12_BUF_NO,NO,00-0035859,1,-2.3642861736007035,0.0,B.Gillikin
2021_12_CAR_MIA,CAR,00-0027939,22,-13.059358132246416,2.0,C.Newton
2021_12_CAR_MIA,CAR,00-0033275,14,-5.332400707877241,1.0,P.Walker
2021_12_CAR_MIA,MIA,00-0036212,33,6.399635681390199,0.0,T.Tagovailoa
2021_12_CHI_DET,CHI,00-0027973,43,11.618753817300057,1.0,A.Dalton
2021_12_CHI_DET,DET,00-0033106,26,0.9617328613530844,0.0,J.Goff
2021_12_CLE_BAL,BAL,00-0034796,38,-8.213163088704968,4.0,L.Jackson
2021_12_CLE_BAL,CLE,00-0031382,1,-4.688111118914094,0.0,J.Landry
2021_12_CLE_BAL,CLE,00-0034855,40,-2.8138903273725404,0.0,B.Mayfield
2021_12_LAC_DEN,DEN,00-0031237,19,10.272166338341776,0.0,T.Bridgewater
2021_12_LAC_DEN,DEN,00-0035704,7,-5.183105234813411,1.0,D.Lock
2021_12_LAC_DEN,LAC,00-0036355,52,1.6991185492151706,2.0,J.Herbert
2021_12_LA_GB,GB,00-0023459,47,8.402708753229879,0.0,A.Rodgers
2021_12_LA_GB,LA,00-0026498,41,-2.325334406745898,1.0,M.Stafford
2021_12_LA_GB,LA,00-0033908,1,-0.4020649445010349,0.0,C.Kupp
2021_12_LV_DAL,DAL,00-0033077,50,7.950079146151062,0.0,D.Prescott
2021_12_LV_DAL,LV,00-0031280,43,11.085088545213566,0.0,D.Carr
2021_12_MIN_SF,MIN,00-0029604,34,-1.373868018199457,1.0,K.Cousins
2021_12_MIN_SF,MIN,00-0036322,1,1.7298753513023257,0.0,J.Jefferson
2021_12_MIN_SF,SF,00-0031345,28,3.2568196143819588,1.0,J.Garoppolo
2021_12_NYJ_HOU,HOU,00-0028118,32,-11.205253878034686,1.0,T.Taylor
2021_12_NYJ_HOU,NYJ,00-0037013,28,-9.377842194640897,1.0,Z.Wilson
2021_12_PHI_NYG,NYG,00-0035710,33,3.7868970676703815,0.0,D.Jones
2021_12_PHI_NYG,PHI,00-0036389,33,-17.426394045178313,3.0,J.Hurts
2021_12_PIT_CIN,CIN,00-0032434,1,-1.0887799442280084,0.0,B.Allen
2021_12_PIT_CIN,CIN,00-0036442,27,4.158220751974872,1.0,J.Burrow
2021_12_PIT_CIN,PIT,00-0022924,44,-14.617871658538252,2.0,B.Roethlisberger
2021_12_SEA_WAS,SEA,00-0029263,35,2.8975261939195915,0.0,R.Wilson
2021_12_SEA_WAS,WAS,00-0031800,38,4.92359130209209,1.0,T.Heinicke
2021_12_TB_IND,IND,00-0032950,49,2.103494882022531,2.0,C.Wentz
2021_12_TB_IND,TB,00-0019596,36,-1.315539552459383,1.0,T.Brady
2021_12_TEN_NE,NE,00-0036972,35,13.3199090298687,0.0,M.Jones
2021_12_TEN_NE,TEN,00-0029701,26,-8.092616167613828,1.0,R.Tannehill
2021_13_ARI_CHI,ARI,00-0022824,1,-0.947,0.0,A.Lee
2021_13_ARI_CHI,ARI,00-0035228,20,10.31246948551288,0.0,K.Murray
2021_13_ARI_CHI,CHI,00-0027973,46,-15.342609643514034,4.0,A.Dalton
2021_13_BAL_PIT,BAL,00-0034796,48,6.786558950887527,1.0,L.Jackson
2021_13_BAL_PIT,PIT,00-0022924,33,9.283845617240397,0.0,B.Roethlisberger
2021_13_DAL_NO,DAL,00-0033077,41,-8.3563032825659,1.0,D.Prescott
2021_13_DAL_NO,NO,00-0033357,47,-18.64926499055206,4.0,T.Hill
2021_13_DEN_KC,DEN,00-0031237,45,-10.169800410788618,2.0,T.Bridgewater
2021_13_DEN_KC,KC,00-0033873,32,-1.9444299216897971,1.0,P.Mahomes
2021_13_IND_HOU,HOU,00-0028118,17,-9.690105879330076,1.0,T.Taylor
2021_13_IND_HOU,HOU,00-0036898,18,-12.136330292036291,0.0,D.Mills
2021_13_IND_HOU,IND,00-0032950,24,2.6482579222823235,0.0,C.Wentz
2021_13_JAX_LA,JAX,00-0036971,33,-2.352075808652444,0.0,T.Lawrence
2021_13_JAX_LA,LA,00-0026498,39,13.03600023035274,0.0,M.Stafford
2021_13_LAC_CIN,CIN,00-0036442,47,-3.840660697207631,2.0,J.Burrow
2021_13_LAC_CIN,LAC,00-0030279,1,1.053,0.0,K.Allen
2021_13_LAC_CIN,LAC,00-0036355,40,11.678990906559003,1.0,J.Herbert
2021_13_MIN_DET,DET,00-0033106,43,3.511223321794965,1.0,J.Goff
2021_13_MIN_DET,MIN,00-0029604,45,5.0307446190334355,0.0,K.Cousins
2021_13_MIN_DET,MIN,00-0036322,1,-0.45213315926957875,0.0,J.Jefferson
2021_13_NE_BUF,BUF,00-0034857,36,-2.2791258018192617,0.0,J.Allen
2021_13_NE_BUF,NE,00-0036972,3,0.035594736225903034,0.0,M.Jones
2021_13_NYG_MIA,MIA,00-0036212,44,3.660196381250418,0.0,T.Tagovailoa
2021_13_NYG_MIA,NYG,00-0030520,45,-12.414338405826053,1.0,M.Glennon
2021_13_PHI_NYJ,NYJ,00-0037013,40,1.0516482562380842,1.0,Z.Wilson
2021_13_PHI_NYJ,PHI,00-0035289,28,14.893581033441194,0.0,G.Minshew II
2021_13_SF_SEA,SEA,00-0029263,43,-1.7861358388400292,1.0,R.Wilson
2021_13_SF_SEA,SF,00-0031345,31,1.7457135824833152,2.0,J.Garoppolo
2021_13_TB_ATL,ATL,00-0026143,47,1.1249006788245284,0.0,M.Ryan
2021_13_TB_ATL,TB,00-0019596,51,15.678909607755486,1.0,T.Brady
2021_13_WAS_LV,LV,00-0031280,43,0.7433494928749457,0.0,D.Carr
2021_13_WAS_LV,WAS,00-0031800,33,5.8800794769776985,1.0,T.Heinicke
2021_14_ATL_CAR,ATL,00-0026143,29,5.201244819079017,0.0,M.Ryan
2021_14_ATL_CAR,CAR,00-0027939,25,-4.1534115975373425,1.0,C.Newton
2021_14_ATL_CAR,CAR,00-0033275,12,-0.99732152724755,1.0,P.Walker
2021_14_BAL_CLE,BAL,00-0034796,6,-2.46442741737701,0.0,L.Jackson
2021_14_BAL_CLE,BAL,00-0035993,46,0.11670560001679187,0.0,T.Huntley
2021_14_BAL_CLE,CLE,00-0034855,35,0.4708491147776437,1.0,B.Mayfield
2021_14_BUF_TB,BUF,00-0034857,60,-1.8552965836300475,1.0,J.Allen
2021_14_BUF_TB,TB,00-0019596,50,11.384981380741689,0.0,T.Brady
2021_14_CHI_GB,CHI,00-0036945,43,-6.9311733429446925,2.0,J.Fields
2021_14_CHI_GB,GB,00-0023459,40,15.845237118060734,0.0,A.Rodgers
2021_14_DAL_WAS,DAL,00-0033077,46,-9.326772357376278,2.0,D.Prescott
2021_14_DAL_WAS,WAS,00-0031800,31,-24.057440514443442,1.0,T.Heinicke
2021_14_DAL_WAS,WAS,00-0034577,11,-4.530649679319933,0.0,K.Allen
2021_14_DET_DEN,DEN,00-0031237,26,8.901604409562424,0.0,T.Bridgewater
2021_14_DET_DEN,DET,00-0033106,42,-6.4813223375564135,1.0,J.Goff
2021_14_JAX_TEN,JAX,00-0036971,44,-17.13651812094031,4.0,T.Lawrence
2021_14_JAX_TEN,TEN,00-0029701,38,7.654615160437145,0.0,R.Tannehill
2021_14_LA_ARI,ARI,00-0035228,58,-1.093145370236413,2.0,K.Murray
2021_14_LA_ARI,LA,00-0026498,33,14.540051262349431,0.0,M.Stafford
2021_14_LV_KC,KC,00-0033873,30,17.04686777001668,0.0,P.Mahomes
2021_14_LV_KC,LV,00-0031280,49,-3.004427570980563,1.0,D.Carr
2021_14_NO_NYJ,NO,00-0033357,27,5.469859893487701,0.0,T.Hill
2021_14_NO_NYJ,NYJ,00-0037013,49,-17.946254573530155,0.0,Z.Wilson
2021_14_NYG_LAC,LAC,00-0036355,35,16.377009074180236,0.0,J.Herbert
2021_14_NYG_LAC,NYG,00-0030520,39,-9.40897549306089,1.0,M.Glennon
2021_14_NYG_LAC,NYG,00-0032943,1,-2.8510376673657447,0.0,R.Dixon
2021_14_PIT_MIN,MIN,00-0029604,32,-8.098632013314209,2.0,K.Cousins
2021_14_PIT_MIN,PIT,00-0022924,47,-3.9364627137965567,1.0,B.Roethlisberger
2021_14_SEA_HOU,HOU,00-0036898,52,-4.7585550245895005,0.0,D.Mills
2021_14_SEA_HOU,SEA,00-0029263,30,17.25613551207073,0.0,R.Wilson
2021_14_SF_CIN,CIN,00-0036442,40,10.632759900439527,0.0,J.Burrow
2021_14_SF_CIN,SF,00-0031345,46,6.742630965968724,0.0,J.Garoppolo
2021_15_ARI_DET,ARI,00-0027688,10,-2.04433078848524,0.0,C.McCoy
2021_15_ARI_DET,ARI,00-0035228,44,-14.395082654681225,1.0,K.Murray
2021_15_ARI_DET,DET,00-0033106,28,13.53759341259456,0.0,J.Goff
2021_15_ATL_SF,ATL,00-0026143,39,-6.688551224241051,0.0,M.Ryan
2021_15_ATL_SF,SF,00-0031345,23,12.071358914410649,0.0,J.Garoppolo
2021_15_ATL_SF,SF,00-0035719,1,-0.458133943437133,0.0,D.Samuel
2021_15_CAR_BUF,BUF,00-0034857,39,9.954469564415009,1.0,J.Allen
2021_15_CAR_BUF,CAR,00-0027939,46,-13.476698966187424,1.0,C.Newton
2021_15_CIN_DEN,CIN,00-0036442,30,-0.09583687750823966,0.0,J.Burrow
2021_15_CIN_DEN,DEN,00-0031237,25,-9.939512632049333,0.0,T.Bridgewater
2021_15_CIN_DEN,DEN,00-0035704,13,2.611640738614369,0.0,D.Lock
2021_15_DAL_NYG,DAL,00-0033077,40,0.3544087269654437,0.0,D.Prescott
2021_15_DAL_NYG,NYG,00-0030520,24,-14.41463947513613,3.0,M.Glennon
2021_15_DAL_NYG,NYG,00-0036197,13,-0.6246030861511827,0.0,J.Fromm
2021_15_GB_BAL,BAL,00-0035993,50,9.412555426693988,0.0,T.Huntley
2021_15_GB_BAL,GB,00-0023459,36,19.872106403438778,0.0,A.Rodgers
2021_15_HOU_JAX,HOU,00-0036898,31,3.5034704332963273,1.0,D.Mills
2021_15_HOU_JAX,JAX,00-0036971,41,-4.779663139796631,0.0,T.Lawrence
2021_15_KC_LAC,KC,00-0033873,50,11.598810389868522,1.0,P.Mahomes
2021_15_KC_LAC,LAC,00-0030279,1,-0.49345556169282645,0.0,K.Allen
2021_15_KC_LAC,LAC,00-0036355,41,-1.967476535734022,1.0,J.Herbert
2021_15_LV_CLE,CLE,00-0033319,29,2.302981056180947,0.0,N.Mullens
2021_15_LV_CLE,LV,00-0031280,40,-1.5450752007442965,1.0,D.Carr
2021_15_MIN_CHI,CHI,00-0036945,46,0.40756275297377265,0.0,J.Fields
2021_15_MIN_CHI,MIN,00-0029604,29,-7.095084426540888,1.0,K.Cousins
2021_15_NE_IND,IND,00-0032950,14,-6.752544155463598,1.0,C.Wentz
2021_15_NE_IND,NE,00-0036972,47,0.06214382785223682,2.0,M.Jones
2021_15_NO_TB,NO,00-0033357,30,-4.224280601099166,0.0,T.Hill
2021_15_NO_TB,TB,00-0019596,53,-20.190750285302546,1.0,T.Brady
2021_15_NYJ_MIA,MIA,00-0036212,31,-0.4131958660931385,2.0,T.Tagovailoa
2021_15_NYJ_MIA,NYJ,00-0033681,1,-0.7408587794052437,0.0,K.Cole
2021_15_NYJ_MIA,NYJ,00-0037013,32,-11.295322215926552,0.0,Z.Wilson
2021_15_SEA_LA,LA,00-0026498,33,-2.4432692991103977,1.0,M.Stafford
2021_15_SEA_LA,SEA,00-0029263,34,-11.612742018719405,1.0,R.Wilson
2021_15_TEN_PIT,PIT,00-0022924,28,-7.649893534213611,0.0,B.Roethlisberger
2021_15_TEN_PIT,TEN,00-0029701,37,-8.416082301989828,1.0,R.Tannehill
2021_15_WAS_PHI,PHI,00-0036389,32,5.919714626078173,1.0,J.Hurts
2021_15_WAS_PHI,WAS,00-0031395,33,-2.7503931065014506,0.0,G.Gilbert
2021_16_BAL_CIN,BAL,00-0026300,42,14.491996183700394,1.0,J.Johnson
2021_16_BAL_CIN,CIN,00-0036442,50,34.681345285159225,0.0,J.Burrow
2021_16_BUF_NE,BUF,00-0034857,50,23.01321486731847,0.0,J.Allen
2021_16_BUF_NE,NE,00-0036972,36,-1.719025065714959,2.0,M.Jones
2021_16_CHI_SEA,CHI,00-0029567,41,6.165563555913264,0.0,N.Foles
2021_16_CHI_SEA,SEA,00-0029263,30,2.207476686969721,0.0,R.Wilson
2021_16_CLE_GB,CLE,00-0034855,43,-0.3343891175241791,4.0,B.Mayfield
2021_16_CLE_GB,GB,00-0023459,34,5.71987514583647,0.0,A.Rodgers
2021_16_DEN_LV,DEN,00-0035704,25,-3.0623476052707894,0.0,D.Lock
2021_16_DEN_LV,LV,00-0031280,29,-4.308609790767788,1.0,D.Carr
2021_16_DET_ATL,ATL,00-0026143,27,8.473386036256269,0.0,M.Ryan
2021_16_DET_ATL,DET,00-0034177,34,0.9762948026112319,1.0,T.Boyle
2021_16_DET_ATL,DET,00-0035156,1,3.9836941372486763,0.0,J.Fox
2021_16_IND_ARI,ARI,00-0035228,44,-3.042251907148838,0.0,K.Murray
2021_16_IND_ARI,IND,00-0032950,31,10.076258637328538,0.0,C.Wentz
2021_16_JAX_NYJ,JAX,00-0036971,43,5.820727101807968,0.0,T.Lawrence
2021_16_JAX_NYJ,NYJ,00-0037013,26,8.267398874741684,0.0,Z.Wilson
2021_16_LAC_HOU,HOU,00-0036898,28,16.02542242752344,0.0,D.Mills
2021_16_LAC_HOU,LAC,00-0036355,42,8.877566756872081,2.0,J.Herbert
2021_16_LA_MIN,LA,00-0026498,38,-9.008423710605367,3.0,M.Stafford
2021_16_LA_MIN,MIN,00-0029604,43,2.3823807136172497,1.0,K.Cousins
2021_16_MIA_NO,MIA,00-0033119,1,-1.7549947032239288,0.0,J.Brissett
2021_16_MIA_NO,MIA,00-0036212,29,3.4238800018329174,1.0,T.Tagovailoa
2021_16_MIA_NO,NO,00-0036929,30,-30.90607289003674,2.0,I.Book
2021_16_NYG_PHI,NYG,00-0030520,29,-4.953661892912351,1.0,M.Glennon
2021_16_NYG_PHI,NYG,00-0036197,22,-15.152696834644303,1.0,J.Fromm
2021_16_NYG_PHI,PHI,00-0036389,30,1.3048490787027536,0.0,J.Hurts
2021_16_PIT_KC,KC,00-0033873,32,15.892987490044346,0.0,P.Mahomes
2021_16_PIT_KC,PIT,00-0022924,37,-10.630025819071596,1.0,B.Roethlisberger
2021_16_PIT_KC,PIT,00-0034771,8,-1.2379544473369606,0.0,M.Rudolph
2021_16_SF_TEN,SF,00-0031345,37,3.3737984425484306,2.0,J.Garoppolo
2021_16_SF_TEN,TEN,00-0029701,34,9.136442212389793,0.0,R.Tannehill
2021_16_SF_TEN,TEN,00-0035676,1,-0.7416003388352692,0.0,A.Brown
2021_16_TB_CAR,CAR,00-0027939,16,-9.712214070869397,1.0,C.Newton
2021_16_TB_CAR,CAR,00-0034869,37,-10.77393338146453,0.0,S.Darnold
2021_16_TB_CAR,TB,00-0019596,32,11.40191822028335,0.0,T.Brady
2021_16_TB_CAR,TB,00-0027948,1,-1.0804429114796221,0.0,B.Gabbert
2021_16_WAS_DAL,DAL,00-0033077,44,19.852436814719113,0.0,D.Prescott
2021_16_WAS_DAL,DAL,00-0033662,3,6.139480325684417,0.0,C.Rush
2021_16_WAS_DAL,WAS,00-0031800,26,-22.93075953796506,2.0,T.Heinicke
2021_16_WAS_DAL,WAS,00-0034577,11,4.923251868865918,0.0,K.Allen
2021_17_ARI_DAL,ARI,00-0029747,1,3.7315283046336845,0.0,C.Banjo
2021_17_ARI_DAL,ARI,00-0035228,41,8.344435585268556,0.0,K.Murray
2021_17_ARI_DAL,DAL,00-0033077,43,8.164481966349719,0.0,D.Prescott
2021_17_ARI_DAL,DAL,00-0034418,1,1.9148532252875157,0.0,C.Wilson
2021_17_ATL_BUF,ATL,00-0026143,30,-12.876218170872253,0.0,M.Ryan
2021_17_ATL_BUF,BUF,00-0031588,1,-0.836327348719351,0.0,S.Diggs
2021_17_ATL_BUF,BUF,00-0034857,31,-2.8698722122497857,3.0,J.Allen
2021_17_CAR_NO,CAR,00-0034869,34,-16.26791815039398,1.0,S.Darnold
2021_17_CAR_NO,NO,00-0033357,32,1.3780391842747273,0.0,T.Hill
2021_17_CLE_PIT,CLE,00-0034855,48,-14.242783837544266,2.0,B.Mayfield
2021_17_CLE_PIT,PIT,00-0022924,48,-17.463139853376425,1.0,B.Roethlisberger
2021_17_DEN_LAC,DEN,00-0034955,2,-2.059117787517607,0.0,B.Rypien
2021_17_DEN_LAC,DEN,00-0035704,28,1.2654100297329727,0.0,D.Lock
2021_17_DEN_LAC,DEN,00-0035864,1,-3.1306644288706593,0.0,K.Hinton
2021_17_DEN_LAC,LAC,00-0036355,32,15.128668514969448,0.0,J.Herbert
2021_17_DET_SEA,DET,00-0034177,39,9.274996210466089,3.0,T.Boyle
2021_17_DET_SEA,SEA,00-0029263,32,16.682147175965504,0.0,R.Wilson
2021_17_HOU_SF,HOU,00-0036898,36,-16.223402371882532,1.0,D.Mills
2021_17_HOU_SF,SF,00-0037012,26,7.427295525378705,1.0,T.Lance
2021_17_JAX_NE,JAX,00-0036971,31,-10.4079895685667,3.0,T.Lawrence
2021_17_JAX_NE,NE,00-0026625,4,5.07548840472009,0.0,B.Hoyer
2021_17_JAX_NE,NE,00-0036972,31,17.954579164253794,0.0,M.Jones
2021_17_KC_CIN,CIN,00-0036442,45,23.53502671237379,0.0,J.Burrow
2021_17_KC_CIN,KC,00-0033873,37,14.34033896142309,0.0,P.Mahomes
2021_17_LA_BAL,BAL,00-0035993,37,-3.886682915883473,1.0,T.Huntley
2021_17_LA_BAL,LA,00-0026498,37,6.03499570429116,2.0,M.Stafford
2021_17_LV_IND,IND,00-0032950,29,-6.121473750897536,0.0,C.Wentz
2021_17_LV_IND,LV,00-0031280,33,5.657450032503069,2.0,D.Carr
2021_17_LV_IND,LV,00-0032268,1,-0.5612619514577091,0.0,M.Mariota
2021_17_MIA_TEN,MIA,00-0034829,1,-0.5864534196443856,0.0,M.Gesicki
2021_17_MIA_TEN,MIA,00-0036212,43,-16.23560275430414,1.0,T.Tagovailoa
2021_17_MIA_TEN,TEN,00-0029701,19,1.5083645741704368,0.0,R.Tannehill
2021_17_MIN_GB,GB,00-0023459,40,11.220234040552397,0.0,A.Rodgers
2021_17_MIN_GB,GB,00-0036264,5,1.4387212407891639,0.0,J.Love
2021_17_MIN_GB,MIN,00-0032245,39,-10.664098131165645,0.0,S.Mannion
2021_17_MIN_GB,MIN,00-0036946,3,-1.7575525424908847,0.0,K.Mond
2021_17_NYG_CHI,CHI,00-0027973,39,-5.208812728905586,1.0,A.Dalton
2021_17_NYG_CHI,CHI,00-0035685,1,-3.1767500246642157,1.0,D.Montgomery
2021_17_NYG_CHI,NYG,00-0030520,16,-34.45866809046129,2.0,M.Glennon
2021_17_PHI_WAS,PHI,00-0036389,29,10.266986134351153,0.0,J.Hurts
2021_17_PHI_WAS,WAS,00-0031800,40,-3.862782176878294,1.0,T.Heinicke
2021_17_TB_NYJ,NYJ,00-0037013,34,8.402356714839332,0.0,Z.Wilson
2021_17_TB_NYJ,TB,00-0019596,50,22.178621956729174,1.0,T.Brady
2021_18_CAR_TB,CAR,00-0034052,1,-1.3167127471533604,0.0,B.Zylstra
2021_18_CAR_TB,CAR,00-0034869,49,-6.67766886923796,1.0,S.Darnold
2021_18_CAR_TB,TB,00-0019596,38,17.841727344951124,0.0,T.Brady
2021_18_CAR_TB,TB,00-0027948,2,-2.1694595670486767,0.0,B.Gabbert
2021_18_CHI_MIN,CHI,00-0027973,57,-20.48093508499676,2.0,A.Dalton
2021_18_CHI_MIN,MIN,00-0029604,25,8.121575125864378,0.0,K.Cousins
2021_18_CIN_CLE,CIN,00-0032434,34,-11.26088957624258,0.0,B.Allen
2021_18_CIN_CLE,CLE,00-0028986,27,-3.0611887155100703,1.0,C.Keenum
2021_18_DAL_PHI,DAL,00-0033077,28,25.244150168401422,0.0,D.Prescott
2021_18_DAL_PHI,DAL,00-0033662,1,0.7347193992463872,0.0,C.Rush
2021_18_DAL_PHI,PHI,00-0033733,1,-0.5495583995361812,0.0,G.Ward
2021_18_DAL_PHI,PHI,00-0035289,40,1.4870761986958434,1.0,G.Minshew II
2021_18_GB_DET,DET,00-0033106,31,10.669662685257045,0.0,J.Goff
2021_18_GB_DET,DET,00-0035156,1,-3.0166336740367115,0.0,J.Fox
2021_18_GB_DET,DET,00-0035544,1,5.069598037283868,0.0,T.Kennedy
2021_18_GB_DET,GB,00-0023459,22,4.098409766796976,0.0,A.Rodgers
2021_18_GB_DET,GB,00-0036264,19,-4.216211624497491,2.0,J.Love
2021_18_IND_JAX,IND,00-0032950,39,-11.280648764636272,1.0,C.Wentz
2021_18_IND_JAX,JAX,00-0036971,36,9.037927537240646,0.0,T.Lawrence
2021_18_KC_DEN,DEN,00-0034348,1,1.001634000451304,0.0,C.Sutton
2021_18_KC_DEN,DEN,00-0035704,29,8.512762610698614,0.0,D.Lock
2021_18_KC_DEN,KC,00-0033873,50,16.347146454180333,0.0,P.Mahomes
2021_18_LAC_LV,LAC,00-0036355,69,15.71428588375957,1.0,J.Herbert
2021_18_LAC_LV,LV,00-0031280,40,-5.20867770146934,0.0,D.Carr
2021_18_LAC_LV,LV,00-0032268,1,-0.15916647401172668,0.0,M.Mariota
2021_18_NE_MIA,MIA,00-0036212,26,0.18978427301307277,0.0,T.Tagovailoa
2021_18_NE_MIA,NE,00-0036972,33,0.8321503236340799,1.0,M.Jones
2021_18_NO_ATL,ATL,00-0026143,37,-4.898198551955706,1.0,M.Ryan
2021_18_NO_ATL,NO,00-0032156,16,3.8034235922098327,0.0,T.Siemian
2021_18_NO_ATL,NO,00-0033357,11,8.296681738175865,0.0,T.Hill
2021_18_NYJ_BUF,BUF,00-0033869,1,1.3690552145126276,0.0,M.Trubisky
2021_18_NYJ_BUF,BUF,00-0034857,50,4.120850741667936,0.0,J.Allen
2021_18_NYJ_BUF,NYJ,00-0031941,1,-1.3508157203905284,0.0,J.Crowder
2021_18_NYJ_BUF,NYJ,00-0037013,30,-16.270781341127567,0.0,Z.Wilson
2021_18_PIT_BAL,BAL,00-0024417,1,-2.778717302950099,0.0,S.Koch
2021_18_PIT_BAL,BAL,00-0035993,42,-12.38510068718907,2.0,T.Huntley
2021_18_PIT_BAL,PIT,00-0022924,45,2.885277848894475,1.0,B.Roethlisberger
2021_18_SEA_ARI,ARI,00-0035228,48,-3.28765490161702,0.0,K.Murray
2021_18_SEA_ARI,SEA,00-0029263,28,5.118403909681502,1.0,R.Wilson
2021_18_SF_LA,LA,00-0026498,37,12.573336445549572,2.0,M.Stafford
2021_18_SF_LA,SF,00-0031345,34,3.3874766476484557,2.0,J.Garoppolo
2021_18_SF_LA,SF,00-0035719,1,2.4758675792254508,0.0,D.Samuel
2021_18_TEN_HOU,HOU,00-0036898,39,9.271066577990677,0.0,D.Mills
2021_18_TEN_HOU,TEN,00-0029701,33,18.735545415315684,0.0,R.Tannehill
2021_18_WAS_NYG,NYG,00-0036197,37,-13.88460865302477,2.0,J.Fromm
2021_18_WAS_NYG,WAS,00-0031800,23,-8.205257768737345,0.0,T.Heinicke
2022_01_BAL_NYJ,BAL,00-0034796,34,5.710352904042203,1.0,L.Jackson
2022_01_BAL_NYJ,NYJ,00-0026158,62,-7.11291638909344,1.0,J.Flacco
2022_01_BUF_LA,BUF,00-0034857,38,20.12609783903984,2.0,J.Allen
2022_01_BUF_LA,LA,00-0026498,49,-16.58664491797188,3.0,M.Stafford
2022_01_CLE_CAR,CAR,00-0034855,32,1.0021167244121898,1.0,B.Mayfield
2022_01_CLE_CAR,CLE,00-0033119,36,-8.108411534788111,0.0,J.Brissett
2022_01_DEN_SEA,DEN,00-0029263,45,14.729669153456332,0.0,R.Wilson
2022_01_DEN_SEA,SEA,00-0030565,31,9.406207996399184,0.0,G.Smith
2022_01_GB_MIN,GB,00-0023459,38,-11.627544641436543,1.0,A.Rodgers
2022_01_GB_MIN,GB,00-0036264,4,-0.32043389006867073,0.0,J.Love
2022_01_GB_MIN,MIN,00-0029604,33,9.272198556757566,0.0,K.Cousins
2022_01_IND_HOU,HOU,00-0032436,1,1.0369468966964632,0.0,J.Driskel
2022_01_IND_HOU,HOU,00-0036898,40,-6.464837897088398,0.0,D.Mills
2022_01_IND_HOU,IND,00-0026143,54,4.606755829250293,1.0,M.Ryan
2022_01_JAX_WAS,JAX,00-0036971,46,-0.2594194863505521,1.0,T.Lawrence
2022_01_JAX_WAS,WAS,00-0032950,47,8.964236457861494,2.0,C.Wentz
2022_01_KC_ARI,ARI,00-0035146,7,-0.5295085881371051,0.0,T.McSorley
2022_01_KC_ARI,ARI,00-0035228,39,1.6956020452491938,0.0,K.Murray
2022_01_KC_ARI,KC,00-0033873,41,32.91547438597522,0.0,P.Mahomes
2022_01_LV_LAC,LAC,00-0036355,35,16.890072495497858,0.0,J.Herbert
2022_01_LV_LAC,LV,00-0031280,43,-5.492958870270653,3.0,D.Carr
2022_01_LV_LAC,LV,00-0031381,1,-1.8045640784548596,0.0,D.Adams
2022_01_NE_MIA,MIA,00-0036212,36,5.8563312284282425,0.0,T.Tagovailoa
2022_01_NE_MIA,NE,00-0036972,33,-5.425684138899669,1.0,M.Jones
2022_01_NO_ATL,ATL,00-0032268,37,3.8615905978919107,0.0,M.Mariota
2022_01_NO_ATL,NO,00-0031503,39,3.059208921573679,0.0,J.Winston
2022_01_NYG_TEN,NYG,00-0035710,30,-6.2985367397340015,1.0,D.Jones
2022_01_NYG_TEN,TEN,00-0029701,34,9.41096061665307,0.0,R.Tannehill
2022_01_PHI_DET,DET,00-0033106,39,-0.5631476477428805,1.0,J.Goff
2022_01_PHI_DET,PHI,00-0036389,44,14.287582644411266,0.0,J.Hurts
2022_01_PIT_CIN,CIN,00-0036442,66,-14.0812360714521,4.0,J.Burrow
2022_01_PIT_CIN,PIT,00-0033869,40,-4.2937630159698195,0.0,M.Trubisky
2022_01_SF_CHI,CHI,00-0036945,23,1.9740925582591444,1.0,J.Fields
2022_01_SF_CHI,SF,00-0037012,34,-8.85679171096698,1.0,T.Lance
2022_01_TB_DAL,DAL,00-0033077,31,-12.482924892189722,1.0,D.Prescott
2022_01_TB_DAL,DAL,00-0033662,15,-7.56040465075057,0.0,C.Rush
2022_01_TB_DAL,TB,00-0019596,29,1.0508535547742515,1.0,T.Brady
2022_02_ARI_LV,ARI,00-0035228,53,-1.842226092397934,1.0,K.Murray
2022_02_ARI_LV,LV,00-0031280,41,4.447703456430601,0.0,D.Carr
2022_02_ATL_LA,ATL,00-0032268,33,0.1340468361663607,2.0,M.Mariota
2022_02_ATL_LA,LA,00-0026498,37,6.490207429602901,2.0,M.Stafford
2022_02_CAR_NYG,CAR,00-0034855,36,-8.714812675238964,0.0,B.Mayfield
2022_02_CAR_NYG,NYG,00-0035710,43,-1.3668281980953718,0.0,D.Jones
2022_02_CHI_GB,CHI,00-0036945,16,-7.541164602502249,1.0,J.Fields
2022_02_CHI_GB,GB,00-0023459,29,12.797079258913033,0.0,A.Rodgers
2022_02_CIN_DAL,CIN,00-0036442,46,7.17360448386352,0.0,J.Burrow
2022_02_CIN_DAL,DAL,00-0033662,32,7.66333686072573,0.0,C.Rush
2022_02_HOU_DEN,DEN,00-0029263,35,-0.03425490234581985,1.0,R.Wilson
2022_02_HOU_DEN,HOU,00-0036898,41,-11.454928964852702,0.0,D.Mills
2022_02_IND_JAX,IND,00-0026143,35,-20.349193572357763,3.0,M.Ryan
2022_02_IND_JAX,JAX,00-0036971,30,17.55709814446109,0.0,T.Lawrence
2022_02_LAC_KC,KC,00-0033873,36,4.842983256522691,0.0,P.Mahomes
2022_02_LAC_KC,LAC,00-0036355,50,-0.9218983927798554,1.0,J.Herbert
2022_02_MIA_BAL,BAL,00-0034796,31,20.905349774398815,0.0,L.Jackson
2022_02_MIA_BAL,MIA,00-0036212,51,26.893467999441782,2.0,T.Tagovailoa
2022_02_MIN_PHI,MIN,00-0029604,50,-12.638125509547535,3.0,K.Cousins
2022_02_MIN_PHI,PHI,00-0036389,38,12.156381091576451,1.0,J.Hurts
2022_02_NE_PIT,NE,00-0036972,38,5.422613486303479,1.0,M.Jones
2022_02_NE_PIT,PIT,00-0033869,38,-4.575801823227396,1.0,M.Trubisky
2022_02_NYJ_CLE,CLE,00-0033119,32,15.388086598111926,1.0,J.Brissett
2022_02_NYJ_CLE,NYJ,00-0026158,47,13.773821910540414,0.0,J.Flacco
2022_02_NYJ_CLE,NYJ,00-0036313,1,3.8100264680106193,0.0,B.Mann
2022_02_SEA_SF,SEA,00-0030565,32,-7.9178877762460615,1.0,G.Smith
2022_02_SEA_SF,SEA,00-0036425,1,-4.867112466075923,1.0,D.Dallas
2022_02_SEA_SF,SF,00-0031345,22,2.2144243547698266,0.0,J.Garoppolo
2022_02_SEA_SF,SF,00-0037012,3,-0.6033703323051962,0.0,T.Lance
2022_02_TB_NO,NO,00-0031503,47,-16.641933325150365,3.0,J.Winston
2022_02_TB_NO,TB,00-0019596,35,2.4287069754605843,0.0,T.Brady
2022_02_TEN_BUF,BUF,00-0028986,2,-1.8931406389456242,0.0,C.Keenum
2022_02_TEN_BUF,BUF,00-0034857,40,18.198082985651467,0.0,J.Allen
2022_02_TEN_BUF,TEN,00-0029701,22,-11.536094523384236,2.0,R.Tannehill
2022_02_TEN_BUF,TEN,00-0038128,6,-0.3545824554748833,0.0,M.Willis
2022_02_WAS_DET,DET,00-0033106,37,1.220533122167696,0.0,J.Goff
2022_02_WAS_DET,WAS,00-0032950,55,5.217997885978781,1.0,C.Wentz
2022_03_ATL_SEA,ATL,00-0032268,25,14.80192309736379,1.0,M.Mariota
2022_03_ATL_SEA,SEA,00-0030565,46,11.882529247147998,1.0,G.Smith
2022_03_BAL_NE,BAL,00-0034796,34,8.796628272882218,1.0,L.Jackson
2022_03_BAL_NE,NE,00-0036972,41,1.5274049932396174,3.0,M.Jones
2022_03_BUF_MIA,BUF,00-0034857,70,12.545484341461089,0.0,J.Allen
2022_03_BUF_MIA,MIA,00-0031237,3,-1.8561580092646182,0.0,T.Bridgewater
2022_03_BUF_MIA,MIA,00-0036212,19,8.660381451714784,0.0,T.Tagovailoa
2022_03_CIN_NYJ,CIN,00-0036442,39,16.65663778404307,0.0,J.Burrow
2022_03_CIN_NYJ,NYJ,00-0026158,56,-23.438705922635535,2.0,J.Flacco
2022_03_DAL_NYG,DAL,00-0033662,31,3.3870945778639845,0.0,C.Rush
2022_03_DAL_NYG,NYG,00-0035710,49,-6.811274266249335,1.0,D.Jones
2022_03_DET_MIN,DET,00-0033106,42,6.447036874660753,1.0,J.Goff
2022_03_DET_MIN,MIN,00-0029604,41,-0.7378148111331324,0.0,K.Cousins
2022_03_GB_TB,GB,00-0023459,36,4.507947998121381,1.0,A.Rodgers
2022_03_GB_TB,TB,00-0019596,46,0.1297493004336464,0.0,T.Brady
2022_03_HOU_CHI,CHI,00-0036945,25,-3.4941794381319538,2.0,J.Fields
2022_03_HOU_CHI,HOU,00-0036898,33,-5.738881866280412,2.0,D.Mills
2022_03_JAX_LAC,JAX,00-0036971,41,14.147963003223678,0.0,T.Lawrence
2022_03_JAX_LAC,LAC,00-0036355,47,-7.589638344692533,1.0,J.Herbert
2022_03_KC_IND,IND,00-0026143,43,-4.260167350763402,0.0,M.Ryan
2022_03_KC_IND,KC,00-0033873,41,9.774477550043294,1.0,P.Mahomes
2022_03_KC_IND,KC,00-0035889,1,-3.5175859160954133,0.0,T.Townsend
2022_03_LA_ARI,ARI,00-0035228,62,-5.977130441084191,0.0,K.Murray
2022_03_LA_ARI,LA,00-0026498,27,10.95367243464081,0.0,M.Stafford
2022_03_LV_TEN,LV,00-0031280,48,7.488349881075236,1.0,D.Carr
2022_03_LV_TEN,LV,00-0033555,1,0.05114959494676441,0.0,M.Hollins
2022_03_LV_TEN,TEN,00-0029701,28,12.199781181290746,1.0,R.Tannehill
2022_03_NO_CAR,CAR,00-0034855,28,-4.784538739791833,0.0,B.Mayfield
2022_03_NO_CAR,NO,00-0031503,42,7.925139243444096,2.0,J.Winston
2022_03_PHI_WAS,PHI,00-0036389,41,15.026386129666879,0.0,J.Hurts
2022_03_PHI_WAS,WAS,00-0032950,56,-20.205735688927117,0.0,C.Wentz
2022_03_PIT_CLE,CLE,00-0033119,33,1.4553319280582349,0.0,J.Brissett
2022_03_PIT_CLE,PIT,00-0033869,33,-1.4143335938087471,0.0,M.Trubisky
2022_03_SF_DEN,DEN,00-0029263,41,-11.572317793838776,0.0,R.Wilson
2022_03_SF_DEN,SF,00-0031345,33,-5.718365225647711,1.0,J.Garoppolo
2022_04_ARI_CAR,ARI,00-0035228,36,-0.26343309419031324,1.0,K.Murray
2022_04_ARI_CAR,CAR,00-0034855,39,-13.312966976399572,2.0,B.Mayfield
2022_04_BUF_BAL,BAL,00-0034796,38,-6.520377070333302,2.0,L.Jackson
2022_04_BUF_BAL,BUF,00-0034857,42,6.921938114689482,1.0,J.Allen
2022_04_CHI_NYG,CHI,00-0036945,35,0.4663258514050317,0.0,J.Fields
2022_04_CHI_NYG,NYG,00-0028118,5,2.2942787907086313,1.0,T.Taylor
2022_04_CHI_NYG,NYG,00-0035710,17,3.1278655321220867,0.0,D.Jones
2022_04_CLE_ATL,ATL,00-0032268,20,-5.13430580927494,1.0,M.Mariota
2022_04_CLE_ATL,CLE,00-0033119,38,1.2441292894854663,1.0,J.Brissett
2022_04_DEN_LV,DEN,00-0029263,31,0.4675410116033403,0.0,R.Wilson
2022_04_DEN_LV,LV,00-0031280,39,-0.1849473830976085,0.0,D.Carr
2022_04_JAX_PHI,JAX,00-0036971,27,-8.892259932064917,1.0,T.Lawrence
2022_04_JAX_PHI,PHI,00-0036389,30,-8.201743248823908,1.0,J.Hurts
2022_04_KC_TB,KC,00-0033873,43,11.766679277975694,1.0,P.Mahomes
2022_04_KC_TB,TB,00-0019596,53,9.511334128834488,0.0,T.Brady
2022_04_LAC_HOU,HOU,00-0036898,39,-8.713956958995084,2.0,D.Mills
2022_04_LAC_HOU,LAC,00-0036355,40,16.72019481801938,0.0,J.Herbert
2022_04_LA_SF,LA,00-0026498,56,-12.961944403433428,1.0,M.Stafford
2022_04_LA_SF,SF,00-0031345,28,11.513793454952317,0.0,J.Garoppolo
2022_04_MIA_CIN,CIN,00-0033009,1,3.2179457168094814,0.0,T.Boyd
2022_04_MIA_CIN,CIN,00-0036442,34,12.83611151914878,0.0,J.Burrow
2022_04_MIA_CIN,MIA,00-0031237,24,1.574530430596572,1.0,T.Bridgewater
2022_04_MIA_CIN,MIA,00-0036212,15,-0.6181870382068242,1.0,T.Tagovailoa
2022_04_MIN_NO,MIN,00-0029604,41,-1.4547618038246202,1.0,K.Cousins
2022_04_MIN_NO,MIN,00-0037500,1,3.3623869362054393,0.0,R.Wright
2022_04_MIN_NO,NO,00-0027973,31,7.587017989876083,0.0,A.Dalton
2022_04_NE_GB,GB,00-0023459,37,0.18104925697175878,1.0,A.Rodgers
2022_04_NE_GB,NE,00-0026625,7,-2.126523873504231,0.0,B.Hoyer
2022_04_NE_GB,NE,00-0038108,18,-4.759012996626552,0.0,B.Zappe
2022_04_NYJ_PIT,NYJ,00-0034419,1,1.1844526951317675,0.0,B.Berrios
2022_04_NYJ_PIT,NYJ,00-0037013,39,0.8619610614421411,2.0,Z.Wilson
2022_04_NYJ_PIT,PIT,00-0033869,17,-8.248325738486269,1.0,M.Trubisky
2022_04_NYJ_PIT,PIT,00-0038102,16,3.4170469060190953,3.0,K.Pickett
2022_04_SEA_DET,DET,00-0033106,42,14.336876435754025,1.0,J.Goff
2022_04_SEA_DET,DET,00-0035156,1,2.9525986034423113,0.0,J.Fox
2022_04_SEA_DET,SEA,00-0030565,32,23.518674020627337,0.0,G.Smith
2022_04_TEN_IND,IND,00-0026143,41,8.426249315606121,1.0,M.Ryan
2022_04_TEN_IND,TEN,00-0029701,26,0.12490823676308338,0.0,R.Tannehill
2022_04_WAS_DAL,DAL,00-0033662,29,1.17106456914778,0.0,C.Rush
2022_04_WAS_DAL,WAS,00-0032950,45,-17.402252158561772,2.0,C.Wentz
2022_05_ATL_TB,ATL,00-0032268,35,0.21626973931838522,0.0,M.Mariota
2022_05_ATL_TB,TB,00-0019596,53,14.042589801922093,0.0,T.Brady
2022_05_CHI_MIN,CHI,00-0036945,30,12.454576872612703,0.0,J.Fields
2022_05_CHI_MIN,MIN,00-0029604,43,12.7546599131126,1.0,K.Cousins
2022_05_CHI_MIN,MIN,00-0036322,1,2.411417374154553,0.0,J.Jefferson
2022_05_CIN_BAL,BAL,00-0034796,35,-7.228020014225175,1.0,L.Jackson
2022_05_CIN_BAL,CIN,00-0033009,1,-2.6106572727439925,0.0,T.Boyd
2022_05_CIN_BAL,CIN,00-0036442,37,-4.348129396073598,1.0,J.Burrow
2022_05_DAL_LA,DAL,00-0033662,19,-6.667604514324781,0.0,C.Rush
2022_05_DAL_LA,LA,00-0026498,47,-14.383166473479385,1.0,M.Stafford
2022_05_DAL_LA,LA,00-0032943,1,2.6160584269091487,0.0,R.Dixon
2022_05_DAL_LA,LA,00-0033908,1,-0.46752027643378824,0.0,C.Kupp
2022_05_DET_NE,DET,00-0033106,39,-21.53779788839165,1.0,J.Goff
2022_05_DET_NE,NE,00-0038108,22,6.459811620595656,1.0,B.Zappe
2022_05_HOU_JAX,HOU,00-0036898,25,-2.518987307273534,0.0,D.Mills
2022_05_HOU_JAX,JAX,00-0036971,49,-5.039809680065023,2.0,T.Lawrence
2022_05_IND_DEN,DEN,00-0029263,45,-11.23335572777189,2.0,R.Wilson
2022_05_IND_DEN,IND,00-0026143,47,-12.377018977613602,2.0,M.Ryan
2022_05_LAC_CLE,CLE,00-0033119,36,10.041391014410786,1.0,J.Brissett
2022_05_LAC_CLE,LAC,00-0036355,38,8.136768316038918,0.0,J.Herbert
2022_05_LV_KC,KC,00-0033873,49,15.349153572859304,0.0,P.Mahomes
2022_05_LV_KC,LV,00-0031280,33,6.481799431432109,0.0,D.Carr
2022_05_MIA_NYJ,MIA,00-0031237,1,-1.611123567679897,0.0,T.Bridgewater
2022_05_MIA_NYJ,MIA,00-0037327,35,-16.290222810827046,1.0,S.Thompson
2022_05_MIA_NYJ,NYJ,00-0037013,24,3.6259968512762755,0.0,Z.Wilson
2022_05_NYG_GB,GB,00-0023459,41,2.8204905224904886,0.0,A.Rodgers
2022_05_NYG_GB,NYG,00-0035710,31,15.200515000174596,0.0,D.Jones
2022_05_PHI_ARI,ARI,00-0035228,42,6.952897431313569,1.0,K.Murray
2022_05_PHI_ARI,PHI,00-0036389,40,6.094706392803292,0.0,J.Hurts
2022_05_PIT_BUF,BUF,00-0028986,5,-3.8931332784704864,0.0,C.Keenum
2022_05_PIT_BUF,BUF,00-0034857,34,28.466345863767682,1.0,J.Allen
2022_05_PIT_BUF,PIT,00-0038102,56,-3.78627134233403,1.0,K.Pickett
2022_05_SEA_NO,NO,00-0027973,26,0.16879553985769657,1.0,A.Dalton
2022_05_SEA_NO,NO,00-0033357,1,2.6551444854121655,0.0,T.Hill
2022_05_SEA_NO,SEA,00-0030565,31,8.143107684420567,0.0,G.Smith
2022_05_SF_CAR,CAR,00-0033275,8,-1.0447977796429768,0.0,P.Walker
2022_05_SF_CAR,CAR,00-0034855,40,-10.82744055864383,1.0,B.Mayfield
2022_05_SF_CAR,SF,00-0031345,32,18.338088222325844,0.0,J.Garoppolo
2022_05_TEN_WAS,TEN,00-0029701,31,-1.7821903496806044,0.0,R.Tannehill
2022_05_TEN_WAS,WAS,00-0032950,43,1.157142387557542,1.0,C.Wentz
2022_06_ARI_SEA,ARI,00-0035228,47,-12.192261468604649,1.0,K.Murray
2022_06_ARI_SEA,SEA,00-0030565,38,-4.399299488643104,0.0,G.Smith
2022_06_BAL_NYG,BAL,00-0034796,36,0.7701776737085799,1.0,L.Jackson
2022_06_BAL_NYG,NYG,00-0035710,32,10.151336191478347,0.0,D.Jones
2022_06_BUF_KC,BUF,00-0034857,44,12.093372781852127,0.0,J.Allen
2022_06_BUF_KC,KC,00-0033873,47,6.684418563819634,2.0,P.Mahomes
2022_06_CAR_LA,CAR,00-0033275,18,-10.686251363847493,0.0,P.Walker
2022_06_CAR_LA,CAR,00-0036226,5,-2.261281799641438,1.0,J.Eason
2022_06_CAR_LA,LA,00-0026498,34,3.050174951131148,1.0,M.Stafford
2022_06_CIN_NO,CIN,00-0036442,43,13.477488841553333,0.0,J.Burrow
2022_06_CIN_NO,NO,00-0027973,33,3.3422487050444802,0.0,A.Dalton
2022_06_CIN_NO,NO,00-0033357,4,0.36707627365831286,0.0,T.Hill
2022_06_DAL_PHI,DAL,00-0033662,38,-8.38204789838014,3.0,C.Rush
2022_06_DAL_PHI,PHI,00-0036389,30,4.500261384993792,0.0,J.Hurts
2022_06_DEN_LAC,DEN,00-0029263,34,-6.6439468525832845,0.0,R.Wilson
2022_06_DEN_LAC,LAC,00-0036355,61,-15.85757839218554,1.0,J.Herbert
2022_06_JAX_IND,IND,00-0026143,59,16.710375011160323,0.0,M.Ryan
2022_06_JAX_IND,JAX,00-0036971,28,1.4704143688287585,0.0,T.Lawrence
2022_06_MIN_MIA,MIA,00-0031237,41,4.164646235057233,2.0,T.Bridgewater
2022_06_MIN_MIA,MIA,00-0037327,15,-0.5086634728359058,0.0,S.Thompson
2022_06_MIN_MIA,MIN,00-0029604,34,-4.474486189924965,0.0,K.Cousins
2022_06_NE_CLE,CLE,00-0033119,50,-11.611608906550218,2.0,J.Brissett
2022_06_NE_CLE,NE,00-0038108,36,8.408839391245918,0.0,B.Zappe
2022_06_NYJ_GB,GB,00-0023459,45,-13.293249441275686,0.0,A.Rodgers
2022_06_NYJ_GB,GB,00-0036264,4,-3.0663895857869647,0.0,J.Love
2022_06_NYJ_GB,NYJ,00-0037013,21,-4.843031750984147,0.0,Z.Wilson
2022_06_SF_ATL,ATL,00-0032268,17,7.458483794878703,0.0,M.Mariota
2022_06_SF_ATL,SF,00-0031345,42,3.43238974083215,2.0,J.Garoppolo
2022_06_TB_PIT,PIT,00-0033869,13,10.28481799835572,0.0,M.Trubisky
2022_06_TB_PIT,PIT,00-0038102,21,-1.9318374041109219,0.0,K.Pickett
2022_06_TB_PIT,TB,00-0019596,42,7.86594522687327,0.0,T.Brady
2022_06_WAS_CHI,CHI,00-0036945,42,-9.068543967907317,1.0,J.Fields
2022_06_WAS_CHI,WAS,00-0032950,26,-8.918802357812334,0.0,C.Wentz
2022_07_ATL_CIN,ATL,00-0032268,19,0.6269370299996808,0.0,M.Mariota
2022_07_ATL_CIN,CIN,00-0036442,45,27.025639946310548,0.0,J.Burrow
2022_07_CHI_NE,CHI,00-0036945,26,4.304313987836208,1.0,J.Fields
2022_07_CHI_NE,NE,00-0036972,9,-4.044128735782579,1.0,M.Jones
2022_07_CHI_NE,NE,00-0038108,23,-2.5211492006201297,2.0,B.Zappe
2022_07_CLE_BAL,BAL,00-0034796,21,-3.8888917018411435,0.0,L.Jackson
2022_07_CLE_BAL,CLE,00-0033119,34,0.3825951032747583,0.0,J.Brissett
2022_07_DET_DAL,DAL,00-0033077,28,9.256969157606363,0.0,D.Prescott
2022_07_DET_DAL,DET,00-0033106,32,-7.7661604175692585,2.0,J.Goff
2022_07_GB_WAS,GB,00-0023459,34,-2.8316968664876185,0.0,A.Rodgers
2022_07_GB_WAS,WAS,00-0031800,35,-1.171241786504699,1.0,T.Heinicke
2022_07_HOU_LV,HOU,00-0036898,42,3.0725101789447713,1.0,D.Mills
2022_07_HOU_LV,LV,00-0031280,28,12.190014437572689,0.0,D.Carr
2022_07_IND_TEN,IND,00-0026143,48,-10.458358726706713,2.0,M.Ryan
2022_07_IND_TEN,TEN,00-0029701,22,3.5131787377355974,0.0,R.Tannehill
2022_07_KC_SF,KC,00-0026197,2,-1.8915138673619367,0.0,C.Henne
2022_07_KC_SF,KC,00-0033873,35,29.82754325820133,1.0,P.Mahomes
2022_07_KC_SF,SF,00-0031345,42,2.4119111946497878,1.0,J.Garoppolo
2022_07_KC_SF,SF,00-0037834,10,-0.27490987512283027,1.0,B.Purdy
2022_07_NO_ARI,ARI,00-0035228,33,4.660471699069532,0.0,K.Murray
2022_07_NO_ARI,NO,00-0027973,50,0.41578368939978905,3.0,A.Dalton
2022_07_NO_ARI,NO,00-0033357,2,4.110409893502947,0.0,T.Hill
2022_07_NYG_JAX,JAX,00-0034775,1,-0.32680640323087573,0.0,C.Kirk
2022_07_NYG_JAX,JAX,00-0036971,43,11.34437677102678,0.0,T.Lawrence
2022_07_NYG_JAX,NYG,00-0035710,36,5.72086015990941,0.0,D.Jones
2022_07_NYJ_DEN,DEN,00-0034955,48,-13.152249194690823,1.0,B.Rypien
2022_07_NYJ_DEN,NYJ,00-0037013,32,-9.784222102919973,0.0,Z.Wilson
2022_07_PIT_MIA,MIA,00-0036212,38,4.95747096154566,0.0,T.Tagovailoa
2022_07_PIT_MIA,PIT,00-0038102,48,-5.025357320018753,3.0,K.Pickett
2022_07_SEA_LAC,LAC,00-0036355,57,-9.154989705828484,1.0,J.Herbert
2022_07_SEA_LAC,SEA,00-0030565,30,5.486976294565505,1.0,G.Smith
2022_07_TB_CAR,CAR,00-0033275,23,5.268874500063248,0.0,P.Walker
2022_07_TB_CAR,TB,00-0019596,51,-2.945114506334133,0.0,T.Brady
2022_08_ARI_MIN,ARI,00-0035228,52,-2.0612098259218135,2.0,K.Murray
2022_08_ARI_MIN,MIN,00-0029604,42,-1.7409184869741647,0.0,K.Cousins
2022_08_BAL_TB,BAL,00-0034796,42,1.3727093124240732,0.0,L.Jackson
2022_08_BAL_TB,TB,00-0019596,47,4.423796500860462,0.0,T.Brady
2022_08_CAR_ATL,ATL,00-0032268,31,6.271976453508419,2.0,M.Mariota
2022_08_CAR_ATL,CAR,00-0033275,38,1.2104339156093298,1.0,P.Walker
2022_08_CHI_DAL,CHI,00-0032156,1,-0.10554143716581166,0.0,T.Siemian
2022_08_CHI_DAL,CHI,00-0036945,32,-0.6826463066547617,0.0,J.Fields
2022_08_CHI_DAL,DAL,00-0033077,28,14.725687290658243,1.0,D.Prescott
2022_08_CIN_CLE,CIN,00-0036442,40,-9.247885615689658,1.0,J.Burrow
2022_08_CIN_CLE,CLE,00-0031544,1,-4.980502444552258,1.0,A.Cooper
2022_08_CIN_CLE,CLE,00-0033119,24,15.104406007111693,0.0,J.Brissett
2022_08_DEN_JAX,DEN,00-0029263,34,4.349041432986269,1.0,R.Wilson
2022_08_DEN_JAX,JAX,00-0036971,35,-14.665910604039844,2.0,T.Lawrence
2022_08_GB_BUF,BUF,00-0034857,30,5.0296448944739875,2.0,J.Allen
2022_08_GB_BUF,GB,00-0023459,33,-0.2084848401152788,1.0,A.Rodgers
2022_08_LV_NO,LV,00-0031280,29,-11.870314587722532,1.0,D.Carr
2022_08_LV_NO,LV,00-0035264,14,-1.8916243902640417,0.0,J.Stidham
2022_08_LV_NO,NO,00-0027973,30,9.861515589303902,0.0,A.Dalton
2022_08_LV_NO,NO,00-0033357,1,-0.42441357113420963,0.0,T.Hill
2022_08_MIA_DET,DET,00-0033106,39,8.320412632260659,0.0,J.Goff
2022_08_MIA_DET,MIA,00-0036212,40,27.102619697063016,0.0,T.Tagovailoa
2022_08_NE_NYJ,NE,00-0036972,44,-2.6845386178680006,1.0,M.Jones
2022_08_NE_NYJ,NYJ,00-0037013,43,-2.3100673717470475,3.0,Z.Wilson
2022_08_NYG_SEA,NYG,00-0035710,39,-0.7397913191726682,0.0,D.Jones
2022_08_NYG_SEA,SEA,00-0030565,41,2.3389987198857436,0.0,G.Smith
2022_08_PIT_PHI,PHI,00-0035289,2,1.2339688256615773,0.0,G.Minshew II
2022_08_PIT_PHI,PHI,00-0036389,32,14.849850579921622,0.0,J.Hurts
2022_08_PIT_PHI,PIT,00-0036326,1,2.553211367689073,0.0,C.Claypool
2022_08_PIT_PHI,PIT,00-0036893,1,-0.06479255756130442,0.0,N.Harris
2022_08_PIT_PHI,PIT,00-0038102,49,-15.610610732856685,1.0,K.Pickett
2022_08_SF_LA,LA,00-0026498,36,1.4835295859957114,0.0,M.Stafford
2022_08_SF_LA,SF,00-0031345,28,14.54981271661357,0.0,J.Garoppolo
2022_08_SF_LA,SF,00-0033280,1,3.771136244176887,0.0,C.McCaffrey
2022_08_TEN_HOU,HOU,00-0030288,1,-0.45197261590510607,0.0,R.Burkhead
2022_08_TEN_HOU,HOU,00-0036898,34,-13.164249579313822,1.0,D.Mills
2022_08_TEN_HOU,TEN,00-0038128,15,-10.946083825653645,1.0,M.Willis
2022_08_WAS_IND,IND,00-0036879,28,0.02891328523401171,0.0,S.Ehlinger
2022_08_WAS_IND,WAS,00-0031800,38,1.5273108780547546,1.0,T.Heinicke
2022_09_BAL_NO,BAL,00-0034796,25,4.459183780374766,0.0,L.Jackson
2022_09_BAL_NO,NO,00-0027973,34,-4.761434533332576,1.0,A.Dalton
2022_09_BAL_NO,NO,00-0033357,1,0.7960708744358271,0.0,T.Hill
2022_09_BUF_NYJ,BUF,00-0034857,42,-8.33767851203599,2.0,J.Allen
2022_09_BUF_NYJ,NYJ,00-0037013,29,1.5262168382027514,0.0,Z.Wilson
2022_09_CAR_CIN,CAR,00-0033275,11,-13.487693735864013,2.0,P.Walker
2022_09_CAR_CIN,CAR,00-0034855,20,11.83189404089353,0.0,B.Mayfield
2022_09_CAR_CIN,CIN,00-0032434,4,-0.6882539251500881,0.0,B.Allen
2022_09_CAR_CIN,CIN,00-0036442,29,10.73769141008961,0.0,J.Burrow
2022_09_GB_DET,DET,00-0033106,26,-1.4637722153565846,1.0,J.Goff
2022_09_GB_DET,GB,00-0023459,48,-5.76933522835091,3.0,A.Rodgers
2022_09_IND_NE,IND,00-0036879,42,-27.3569948151585,1.0,S.Ehlinger
2022_09_IND_NE,NE,00-0036972,34,-8.348341388273239,0.0,M.Jones
2022_09_LAC_ATL,ATL,00-0032268,27,0.10487526444112638,0.0,M.Mariota
2022_09_LAC_ATL,LAC,00-0036355,44,4.26082900960817,1.0,J.Herbert
2022_09_LA_TB,LA,00-0026498,31,-4.682238655547344,0.0,M.Stafford
2022_09_LA_TB,TB,00-0019596,58,-4.642511470688663,0.0,T.Brady
2022_09_LV_JAX,JAX,00-0036971,32,16.949912497366313,0.0,T.Lawrence
2022_09_LV_JAX,LV,00-0031280,38,7.940071661809695,0.0,D.Carr
2022_09_MIA_CHI,CHI,00-0036945,38,9.947147713479946,0.0,J.Fields
2022_09_MIA_CHI,MIA,00-0036212,31,18.861084380462646,0.0,T.Tagovailoa
2022_09_MIN_WAS,MIN,00-0029604,42,0.8858901001233872,1.0,K.Cousins
2022_09_MIN_WAS,MIN,00-0033319,1,-1.0125369522138499,0.0,N.Mullens
2022_09_MIN_WAS,WAS,00-0031800,34,-11.775401883986579,1.0,T.Heinicke
2022_09_PHI_HOU,HOU,00-0036898,28,-7.278794847509188,2.0,D.Mills
2022_09_PHI_HOU,PHI,00-0036389,33,7.546548112838261,0.0,J.Hurts
2022_09_SEA_ARI,ARI,00-0035228,44,-4.816091919521568,0.0,K.Murray
2022_09_SEA_ARI,SEA,00-0030565,38,1.5772742069996326,1.0,G.Smith
2022_09_TEN_KC,KC,00-0033873,78,9.204618409227852,1.0,P.Mahomes
2022_09_TEN_KC,TEN,00-0038128,21,-6.639326144300867,0.0,M.Willis
2022_10_ARI_LA,ARI,00-0027688,40,5.119140639260877,0.0,C.McCoy
2022_10_ARI_LA,LA,00-0034899,39,-11.777885161398444,1.0,J.Wolford
2022_10_ARI_LA,LA,00-0035939,1,-1.119884199462831,0.0,B.Perkins
2022_10_ATL_CAR,ATL,00-0032268,36,-3.6751431147858966,1.0,M.Mariota
2022_10_ATL_CAR,CAR,00-0033275,17,-1.4368196007872056,0.0,P.Walker
2022_10_CLE_MIA,CLE,00-0033119,42,-1.4320510683690575,0.0,J.Brissett
2022_10_CLE_MIA,MIA,00-0034418,1,-1.2526237178826705,0.0,C.Wilson
2022_10_CLE_MIA,MIA,00-0036212,32,17.952127413349316,0.0,T.Tagovailoa
2022_10_CLE_MIA,MIA,00-0037327,1,0.916236138145905,0.0,S.Thompson
2022_10_DAL_GB,DAL,00-0033077,48,-6.6972863994014915,2.0,D.Prescott
2022_10_DAL_GB,GB,00-0023459,23,8.209897911703479,0.0,A.Rodgers
2022_10_DEN_TEN,DEN,00-0029263,49,-4.3493628831344155,1.0,R.Wilson
2022_10_DEN_TEN,TEN,00-0029701,38,5.962274292428846,0.0,R.Tannehill
2022_10_DET_CHI,CHI,00-0036945,26,-2.6169357559410855,1.0,J.Fields
2022_10_DET_CHI,DET,00-0033106,30,18.63873388083295,0.0,J.Goff
2022_10_HOU_NYG,HOU,00-0036898,41,5.210638428934834,1.0,D.Mills
2022_10_HOU_NYG,NYG,00-0035710,23,12.906602224218659,0.0,D.Jones
2022_10_IND_LV,IND,00-0026143,32,10.58590078552214,0.0,M.Ryan
2022_10_IND_LV,LV,00-0031280,41,1.9861640654127113,0.0,D.Carr
2022_10_JAX_KC,JAX,00-0036971,48,7.940707052544072,0.0,T.Lawrence
2022_10_JAX_KC,KC,00-0033873,40,23.657842735061422,1.0,P.Mahomes
2022_10_LAC_SF,LAC,00-0026544,3,-1.2977716058135824,0.0,C.Daniel
2022_10_LAC_SF,LAC,00-0036355,40,-4.562804376091606,1.0,J.Herbert
2022_10_LAC_SF,SF,00-0031345,30,9.23889787190496,0.0,J.Garoppolo
2022_10_MIN_BUF,BUF,00-0034857,50,8.786644468013433,2.0,J.Allen
2022_10_MIN_BUF,MIN,00-0029604,56,5.659301211377288,2.0,K.Cousins
2022_10_NO_PIT,NO,00-0027973,30,-2.113333903075789,2.0,A.Dalton
2022_10_NO_PIT,NO,00-0033357,1,-0.7525700656697154,0.0,T.Hill
2022_10_NO_PIT,PIT,00-0038102,40,-0.7896796066105018,0.0,K.Pickett
2022_10_SEA_TB,SEA,00-0030565,41,5.7207094178486235,0.0,G.Smith
2022_10_SEA_TB,TB,00-0019596,29,15.308452322617589,1.0,T.Brady
2022_10_SEA_TB,TB,00-0033856,1,-4.726016435190104,1.0,L.Fournette
2022_10_WAS_PHI,PHI,00-0036389,28,6.3120638633699855,1.0,J.Hurts
2022_10_WAS_PHI,WAS,00-0031800,31,2.961019896074659,1.0,T.Heinicke
2022_11_CAR_BAL,BAL,00-0034796,37,-6.6657061406473,1.0,L.Jackson
2022_11_CAR_BAL,CAR,00-0034855,39,-12.946284210119453,2.0,B.Mayfield
2022_11_CHI_ATL,ATL,00-0032268,22,0.26213198645579694,0.0,M.Mariota
2022_11_CHI_ATL,CHI,00-0036945,31,4.465285398611368,1.0,J.Fields
2022_11_CIN_PIT,CIN,00-0036442,42,12.308839984178595,2.0,J.Burrow
2022_11_CIN_PIT,PIT,00-0038102,44,-2.2171212978394985,0.0,K.Pickett
2022_11_CLE_BUF,BUF,00-0034857,30,7.238635674634271,0.0,J.Allen
2022_11_CLE_BUF,CLE,00-0033119,45,20.93541961021065,0.0,J.Brissett
2022_11_DAL_MIN,DAL,00-0033077,27,17.579956661390497,0.0,D.Prescott
2022_11_DAL_MIN,DAL,00-0033662,5,1.258351276628673,0.0,C.Rush
2022_11_DAL_MIN,MIN,00-0029604,30,-18.254179260157446,0.0,K.Cousins
2022_11_DAL_MIN,MIN,00-0033319,7,2.154336723848246,0.0,N.Mullens
2022_11_DET_NYG,DET,00-0033106,26,2.7965532299512796,0.0,J.Goff
2022_11_DET_NYG,NYG,00-0035710,49,2.9980773522548843,2.0,D.Jones
2022_11_KC_LAC,KC,00-0033873,38,18.56451969941028,0.0,P.Mahomes
2022_11_KC_LAC,LAC,00-0036355,37,9.090333306299994,1.0,J.Herbert
2022_11_LA_NO,LA,00-0026498,20,3.892986782506341,0.0,M.Stafford
2022_11_LA_NO,LA,00-0035939,15,-3.9931046871190947,0.0,B.Perkins
2022_11_LA_NO,NO,00-0027973,28,10.676713502541368,0.0,A.Dalton
2022_11_LA_NO,NO,00-0033357,4,-1.6168676738643164,0.0,T.Hill
2022_11_LV_DEN,DEN,00-0029263,35,3.8908549879609278,0.0,R.Wilson
2022_11_LV_DEN,LV,00-0031280,38,7.107108139808969,0.0,D.Carr
2022_11_NYJ_NE,NE,00-0036972,33,-1.287339450327257,0.0,M.Jones
2022_11_NYJ_NE,NYJ,00-0037013,29,-10.075993583188392,0.0,Z.Wilson
2022_11_PHI_IND,IND,00-0026143,36,-3.337152352619078,0.0,M.Ryan
2022_11_PHI_IND,PHI,00-0036389,30,-4.807511657407179,0.0,J.Hurts
2022_11_SF_ARI,ARI,00-0027688,39,-4.738227778077199,1.0,C.McCoy
2022_11_SF_ARI,ARI,00-0035146,10,-2.319488760898821,1.0,T.McSorley
2022_11_SF_ARI,SF,00-0031345,29,16.238574595444895,0.0,J.Garoppolo
2022_11_TEN_GB,GB,00-0023459,41,2.710083668859718,0.0,A.Rodgers
2022_11_TEN_GB,TEN,00-0029701,30,16.866169782995712,1.0,R.Tannehill
2022_11_TEN_GB,TEN,00-0032764,2,0.46645660075591877,0.0,D.Henry
2022_11_WAS_HOU,HOU,00-0036898,40,-14.701991650848441,2.0,D.Mills
2022_11_WAS_HOU,WAS,00-0031800,28,1.0961671084145368,0.0,T.Heinicke
2022_12_ATL_WAS,ATL,00-0032268,26,-4.720274761264227,1.0,M.Mariota
2022_12_ATL_WAS,WAS,00-0031800,23,2.3663911386651924,1.0,T.Heinicke
2022_12_BAL_JAX,BAL,00-0034796,38,12.147412117769523,0.0,L.Jackson
2022_12_BAL_JAX,JAX,00-0036971,43,14.445185331222405,0.0,T.Lawrence
2022_12_BUF_DET,BUF,00-0034857,50,2.9330113126299135,1.0,J.Allen
2022_12_BUF_DET,DET,00-0033106,39,5.661230087837421,0.0,J.Goff
2022_12_CHI_NYJ,CHI,00-0032156,28,-7.198234196939094,1.0,T.Siemian
2022_12_CHI_NYJ,NYJ,00-0034401,29,17.472247347781625,0.0,M.White
2022_12_CHI_NYJ,NYJ,00-0036313,1,-2.9179823807789944,0.0,B.Mann
2022_12_CIN_TEN,CIN,00-0036442,42,9.712389707104286,0.0,J.Burrow
2022_12_CIN_TEN,TEN,00-0029701,37,7.811615065763158,0.0,R.Tannehill
2022_12_DEN_CAR,CAR,00-0034869,20,5.0429926195687,0.0,S.Darnold
2022_12_DEN_CAR,DEN,00-0029263,40,-14.039732148476617,0.0,R.Wilson
2022_12_GB_PHI,GB,00-0023459,19,0.24754998786374927,2.0,A.Rodgers
2022_12_GB_PHI,GB,00-0036264,9,7.2954735470837715,0.0,J.Love
2022_12_GB_PHI,PHI,00-0036389,35,9.516161477262306,0.0,J.Hurts
2022_12_HOU_MIA,HOU,00-0034577,47,-17.25544835659813,2.0,K.Allen
2022_12_HOU_MIA,MIA,00-0036212,39,7.89533004684172,0.0,T.Tagovailoa
2022_12_HOU_MIA,MIA,00-0037327,8,-4.801111137494445,0.0,S.Thompson
2022_12_LAC_ARI,ARI,00-0035228,33,11.304996520466283,1.0,K.Murray
2022_12_LAC_ARI,LAC,00-0036355,54,5.9492657625825185,0.0,J.Herbert
2022_12_LA_KC,KC,00-0033873,46,11.752733617261482,1.0,P.Mahomes
2022_12_LA_KC,LA,00-0032943,1,2.770695556886494,0.0,R.Dixon
2022_12_LA_KC,LA,00-0035939,29,-9.236250921385363,2.0,B.Perkins
2022_12_LV_SEA,LV,00-0031280,39,14.18038841849193,2.0,D.Carr
2022_12_LV_SEA,SEA,00-0030565,42,10.573389431791414,1.0,G.Smith
2022_12_NE_MIN,MIN,00-0029604,38,11.62973163149592,1.0,K.Cousins
2022_12_NE_MIN,MIN,00-0036322,1,0.641668995609507,0.0,J.Jefferson
2022_12_NE_MIN,NE,00-0036972,41,6.055180872248524,0.0,M.Jones
2022_12_NO_SF,NO,00-0027973,34,0.15031298820395023,0.0,A.Dalton
2022_12_NO_SF,NO,00-0033357,1,-0.5499812194611877,0.0,T.Hill
2022_12_NO_SF,SF,00-0031345,38,1.2983711801601878,0.0,J.Garoppolo
2022_12_NYG_DAL,DAL,00-0033077,31,11.561907541879918,2.0,D.Prescott
2022_12_NYG_DAL,NYG,00-0035710,36,-4.171471849232568,0.0,D.Jones
2022_12_PIT_IND,IND,00-0026143,39,-3.819723894698397,1.0,M.Ryan
2022_12_PIT_IND,PIT,00-0038102,35,2.1698469077364146,0.0,K.Pickett
2022_12_TB_CLE,CLE,00-0033119,43,-3.0410595802109306,1.0,J.Brissett
2022_12_TB_CLE,TB,00-0019596,46,-1.7076084542957708,0.0,T.Brady
2022_13_BUF_NE,BUF,00-0034857,37,12.228551077368587,0.0,J.Allen
2022_13_BUF_NE,NE,00-0036972,38,0.5689314212109138,0.0,M.Jones
2022_13_CLE_HOU,CLE,00-0033537,24,-3.7949740766117017,1.0,D.Watson
2022_13_CLE_HOU,HOU,00-0034577,40,-19.178753267763113,2.0,K.Allen
2022_13_DEN_BAL,BAL,00-0034796,7,-5.197536546271294,0.0,L.Jackson
2022_13_DEN_BAL,BAL,00-0035993,38,-0.5294359995734927,1.0,T.Huntley
2022_13_DEN_BAL,BAL,00-0036133,1,-4.042891675024293,1.0,J.Proche
2022_13_DEN_BAL,DEN,00-0029263,26,1.5851203387035717,0.0,R.Wilson
2022_13_GB_CHI,CHI,00-0036945,27,3.089199760042044,2.0,J.Fields
2022_13_GB_CHI,GB,00-0023459,33,4.647110581885899,0.0,A.Rodgers
2022_13_IND_DAL,DAL,00-0033077,31,3.403147913515568,1.0,D.Prescott
2022_13_IND_DAL,DAL,00-0036358,1,-0.947,0.0,C.Lamb
2022_13_IND_DAL,IND,00-0026143,41,-9.065597803175208,3.0,M.Ryan
2022_13_JAX_DET,DET,00-0033106,43,21.616481448157973,0.0,J.Goff
2022_13_JAX_DET,JAX,00-0033936,3,-4.1846463868860155,0.0,C.Beathard
2022_13_JAX_DET,JAX,00-0036971,37,2.0091972144026466,0.0,T.Lawrence
2022_13_KC_CIN,CIN,00-0036442,36,18.923114413130527,0.0,J.Burrow
2022_13_KC_CIN,KC,00-0033873,31,11.653247935735763,0.0,P.Mahomes
2022_13_LAC_LV,LAC,00-0036355,54,-4.555013024924873,0.0,J.Herbert
2022_13_LAC_LV,LV,00-0031280,30,-2.441481476572157,1.0,D.Carr
2022_13_MIA_SF,MIA,00-0036212,36,-11.288042567537595,2.0,T.Tagovailoa
2022_13_MIA_SF,MIA,00-0037327,1,-3.02408297767397,1.0,S.Thompson
2022_13_MIA_SF,SF,00-0031345,5,1.7997388601280084,0.0,J.Garoppolo
2022_13_MIA_SF,SF,00-0037834,40,0.6362147501786595,1.0,B.Purdy
2022_13_NO_TB,NO,00-0027973,31,3.2486107354994327,0.0,A.Dalton
2022_13_NO_TB,NO,00-0033357,1,1.510944586363621,0.0,T.Hill
2022_13_NO_TB,TB,00-0019596,55,0.4349068538671368,1.0,T.Brady
2022_13_NYJ_MIN,MIN,00-0029604,38,-0.009861391842157285,0.0,K.Cousins
2022_13_NYJ_MIN,MIN,00-0036322,1,0.47467085055541247,0.0,J.Jefferson
2022_13_NYJ_MIN,NYJ,00-0034401,59,-7.8919347694510025,2.0,M.White
2022_13_NYJ_MIN,NYJ,00-0037740,1,-0.4925385075621307,0.0,G.Wilson
2022_13_PIT_ATL,ATL,00-0032268,25,-4.990370061447824,1.0,M.Mariota
2022_13_PIT_ATL,PIT,00-0038102,31,10.009420917130779,0.0,K.Pickett
2022_13_SEA_LA,LA,00-0034899,34,-10.067160180236698,2.0,J.Wolford
2022_13_SEA_LA,LA,00-0035939,1,0.5098572203423828,0.0,B.Perkins
2022_13_SEA_LA,SEA,00-0030565,44,10.383644285665728,1.0,G.Smith
2022_13_TEN_PHI,PHI,00-0035289,2,0.7413408674765378,0.0,G.Minshew II
2022_13_TEN_PHI,PHI,00-0036389,41,18.354393674177118,0.0,J.Hurts
2022_13_TEN_PHI,TEN,00-0029701,31,-3.31435523735517,0.0,R.Tannehill
2022_13_TEN_PHI,TEN,00-0038128,4,-3.0927752410643734,0.0,M.Willis
2022_13_WAS_NYG,NYG,00-0035710,38,1.4519477429300622,0.0,D.Jones
2022_13_WAS_NYG,WAS,00-0031800,47,0.041783344428314884,0.0,T.Heinicke
2022_14_BAL_PIT,BAL,00-0035993,17,1.5556547849453333,0.0,T.Huntley
2022_14_BAL_PIT,BAL,00-0037175,6,-1.5073696270119399,0.0,A.Brown
2022_14_BAL_PIT,PIT,00-0033869,31,6.581241613318904,3.0,M.Trubisky
2022_14_BAL_PIT,PIT,00-0038102,4,-2.695423591416329,0.0,K.Pickett
2022_14_CAR_SEA,CAR,00-0034869,28,0.5101873724237183,0.0,S.Darnold
2022_14_CAR_SEA,SEA,00-0030565,42,0.2868746749794422,2.0,G.Smith
2022_14_CLE_CIN,CIN,00-0036442,36,0.9114932469422659,1.0,J.Burrow
2022_14_CLE_CIN,CIN,00-0036900,1,-1.6040139043470845,0.0,J.Chase
2022_14_CLE_CIN,CLE,00-0033119,1,-3.9296806396450847,0.0,J.Brissett
2022_14_CLE_CIN,CLE,00-0033537,46,0.11238411751129895,1.0,D.Watson
2022_14_HOU_DAL,DAL,00-0033077,42,-3.87664631875853,2.0,D.Prescott
2022_14_HOU_DAL,HOU,00-0032436,7,2.0431824672268704,0.0,J.Driskel
2022_14_HOU_DAL,HOU,00-0036898,21,5.824640800322527,1.0,D.Mills
2022_14_JAX_TEN,JAX,00-0036971,44,17.478357688010508,0.0,T.Lawrence
2022_14_JAX_TEN,TEN,00-0029701,45,-1.909994306231849,1.0,R.Tannehill
2022_14_KC_DEN,DEN,00-0029263,45,-2.8833446853386704,1.0,R.Wilson
2022_14_KC_DEN,DEN,00-0034955,8,-1.8287857586983591,1.0,B.Rypien
2022_14_KC_DEN,KC,00-0033873,44,5.76684766136743,3.0,P.Mahomes
2022_14_LV_LA,LA,00-0034855,40,1.8220704529941822,0.0,B.Mayfield
2022_14_LV_LA,LV,00-0031280,23,-2.3461339827325323,2.0,D.Carr
2022_14_MIA_LAC,LAC,00-0036355,56,3.30972517491551,0.0,J.Herbert
2022_14_MIA_LAC,MIA,00-0036212,33,-5.7235204428240305,0.0,T.Tagovailoa
2022_14_MIN_DET,DET,00-0033106,41,17.006477047441823,0.0,J.Goff
2022_14_MIN_DET,MIN,00-0029604,45,21.626524024930177,0.0,K.Cousins
2022_14_MIN_DET,MIN,00-0033893,1,-6.88789240695769,0.0,D.Cook
2022_14_NE_ARI,ARI,00-0027688,50,-20.162126144166393,1.0,C.McCoy
2022_14_NE_ARI,ARI,00-0035228,2,0.6080455235205591,0.0,K.Murray
2022_14_NE_ARI,NE,00-0036972,37,-2.757249460983005,1.0,M.Jones
2022_14_NYJ_BUF,BUF,00-0034857,33,-1.695664087461866,0.0,J.Allen
2022_14_NYJ_BUF,NYJ,00-0026158,4,-7.217953758081421,0.0,J.Flacco
2022_14_NYJ_BUF,NYJ,00-0034401,47,1.8589150796179932,0.0,M.White
2022_14_PHI_NYG,NYG,00-0028118,11,1.9028327801935374,0.0,T.Taylor
2022_14_PHI_NYG,NYG,00-0035710,33,-2.647410579462303,0.0,D.Jones
2022_14_PHI_NYG,PHI,00-0036389,36,7.0741512967216815,0.0,J.Hurts
2022_14_TB_SF,SF,00-0026300,2,-0.8358491185936145,0.0,J.Johnson
2022_14_TB_SF,SF,00-0037834,22,9.582698492333293,0.0,B.Purdy
2022_14_TB_SF,TB,00-0019596,56,-11.317572427422503,2.0,T.Brady
2022_15_ARI_DEN,ARI,00-0027688,24,-8.4041430843644,1.0,C.McCoy
2022_15_ARI_DEN,ARI,00-0035146,17,-9.455500419440678,2.0,T.McSorley
2022_15_ARI_DEN,DEN,00-0034955,33,-6.004046415129839,1.0,B.Rypien
2022_15_ATL_NO,ATL,00-0038122,35,-6.283422722121996,0.0,D.Ridder
2022_15_ATL_NO,NO,00-0027973,19,5.619783213594928,0.0,A.Dalton
2022_15_ATL_NO,NO,00-0033357,2,6.253231343929656,0.0,T.Hill
2022_15_BAL_CLE,BAL,00-0035993,35,-10.602696747157646,1.0,T.Huntley
2022_15_BAL_CLE,CLE,00-0033537,32,-0.386483636846763,0.0,D.Watson
2022_15_CIN_TB,CIN,00-0036442,43,3.1132050738478196,1.0,J.Burrow
2022_15_CIN_TB,TB,00-0019596,47,2.6335976802773615,2.0,T.Brady
2022_15_DAL_JAX,DAL,00-0033077,34,2.944761304213843,2.0,D.Prescott
2022_15_DAL_JAX,JAX,00-0036971,45,6.782130842576961,1.0,T.Lawrence
2022_15_DET_NYJ,DET,00-0033106,38,11.718987848478,0.0,J.Goff
2022_15_DET_NYJ,NYJ,00-0037013,40,0.09479163926580392,1.0,Z.Wilson
2022_15_IND_MIN,IND,00-0026143,37,-2.640025036304674,0.0,M.Ryan
2022_15_IND_MIN,MIN,00-0029604,63,4.141373214710929,2.0,K.Cousins
2022_15_IND_MIN,MIN,00-0037500,1,-3.771600315463729,0.0,R.Wright
2022_15_KC_HOU,HOU,00-0032208,1,-0.536111096618697,0.0,P.Dorsett
2022_15_KC_HOU,HOU,00-0032436,5,-2.5618165407213382,0.0,J.Driskel
2022_15_KC_HOU,HOU,00-0036898,27,0.30002647650581693,0.0,D.Mills
2022_15_KC_HOU,KC,00-0033873,47,20.126489914140752,0.0,P.Mahomes
2022_15_LA_GB,GB,00-0023459,33,1.0240986059150234,1.0,A.Rodgers
2022_15_LA_GB,LA,00-0034855,27,-4.561115059606566,1.0,B.Mayfield
2022_15_MIA_BUF,BUF,00-0034857,43,11.325279776152456,0.0,J.Allen
2022_15_MIA_BUF,MIA,00-0036212,34,-1.722427016173728,0.0,T.Tagovailoa
2022_15_NE_LV,LV,00-0031280,41,-3.9131523310789023,1.0,D.Carr
2022_15_NE_LV,NE,00-0036972,34,-6.709945815237435,0.0,M.Jones
2022_15_NYG_WAS,NYG,00-0035710,34,2.4392303754362494,0.0,D.Jones
2022_15_NYG_WAS,WAS,00-0031800,33,-9.200182257334516,0.0,T.Heinicke
2022_15_PHI_CHI,CHI,00-0033958,1,-0.8866650275886059,0.0,N.Peterman
2022_15_PHI_CHI,CHI,00-0036945,32,1.60215130582219,0.0,J.Fields
2022_15_PHI_CHI,PHI,00-0036389,42,3.63826867985871,2.0,J.Hurts
2022_15_PIT_CAR,CAR,00-0034869,27,9.85391959683903,0.0,S.Darnold
2022_15_PIT_CAR,PIT,00-0033869,23,10.363566592393909,0.0,M.Trubisky
2022_15_SF_SEA,SEA,00-0030565,48,-5.5961246443037,0.0,G.Smith
2022_15_SF_SEA,SF,00-0037834,28,7.102263867098115,0.0,B.Purdy
2022_15_TEN_LAC,LAC,00-0036355,43,-7.437397897273771,2.0,J.Herbert
2022_15_TEN_LAC,TEN,00-0029701,27,-7.504923164752885,1.0,R.Tannehill
2022_15_TEN_LAC,TEN,00-0038128,5,0.5169591912999749,0.0,M.Willis
2022_16_ATL_BAL,ATL,00-0038122,37,2.343440868267028,0.0,D.Ridder
2022_16_ATL_BAL,BAL,00-0035993,18,-1.7635794646452916,0.0,T.Huntley
2022_16_BUF_CHI,BUF,00-0034857,32,9.266190739668671,2.0,J.Allen
2022_16_BUF_CHI,CHI,00-0033958,4,-0.461854790977668,1.0,N.Peterman
2022_16_BUF_CHI,CHI,00-0036945,28,-9.506830436714587,0.0,J.Fields
2022_16_CIN_NE,CIN,00-0036442,55,10.47424095197871,2.0,J.Burrow
2022_16_CIN_NE,NE,00-0036972,37,1.5809908420343417,0.0,M.Jones
2022_16_DEN_LA,DEN,00-0029263,34,-8.414014944144945,3.0,R.Wilson
2022_16_DEN_LA,DEN,00-0034955,8,-8.615333982510492,1.0,B.Rypien
2022_16_DEN_LA,LA,00-0034855,29,13.557566112128224,0.0,B.Mayfield
2022_16_DET_CAR,CAR,00-0034869,22,14.305658381892986,0.0,S.Darnold
2022_16_DET_CAR,DET,00-0033106,46,13.724729892509806,0.0,J.Goff
2022_16_GB_MIA,GB,00-0023459,42,4.451761236433059,1.0,A.Rodgers
2022_16_GB_MIA,MIA,00-0036212,27,0.9524047966828881,3.0,T.Tagovailoa
2022_16_HOU_TEN,HOU,00-0032436,4,2.99267583724577,0.0,J.Driskel
2022_16_HOU_TEN,HOU,00-0036898,32,0.7694220782252642,1.0,D.Mills
2022_16_HOU_TEN,TEN,00-0038128,28,-15.800559098424856,2.0,M.Willis
2022_16_JAX_NYJ,JAX,00-0036971,36,5.657190087710044,0.0,T.Lawrence
2022_16_JAX_NYJ,NYJ,00-0035752,19,1.9864990065689199,0.0,C.Streveler
2022_16_JAX_NYJ,NYJ,00-0037013,21,-7.955209709747606,1.0,Z.Wilson
2022_16_LAC_IND,IND,00-0029567,36,-24.711032529917382,3.0,N.Foles
2022_16_LAC_IND,LAC,00-0036355,36,-3.377958639916532,1.0,J.Herbert
2022_16_LV_PIT,LV,00-0031280,35,-5.189331803252642,3.0,D.Carr
2022_16_LV_PIT,PIT,00-0038102,40,1.5969067528773837,1.0,K.Pickett
2022_16_NO_CLE,CLE,00-0033537,33,-15.472528058248335,1.0,D.Watson
2022_16_NO_CLE,NO,00-0027973,15,-5.012543362448923,1.0,A.Dalton
2022_16_NYG_MIN,MIN,00-0029604,51,-1.1651165757229047,0.0,K.Cousins
2022_16_NYG_MIN,NYG,00-0035710,50,4.419274247645889,1.0,D.Jones
2022_16_PHI_DAL,DAL,00-0033077,44,7.748412054157459,1.0,D.Prescott
2022_16_PHI_DAL,PHI,00-0035289,41,15.798507074767976,2.0,G.Minshew II
2022_16_SEA_KC,KC,00-0033873,31,4.79338250726093,0.0,P.Mahomes
2022_16_SEA_KC,SEA,00-0030565,44,-15.771391564306668,1.0,G.Smith
2022_16_TB_ARI,ARI,00-0022824,1,2.8644769557286054,0.0,A.Lee
2022_16_TB_ARI,ARI,00-0035146,47,-16.749228622274302,1.0,T.McSorley
2022_16_TB_ARI,TB,00-0019596,48,-1.8559757816318068,2.0,T.Brady
2022_16_WAS_SF,SF,00-0037834,26,5.797184069140291,1.0,B.Purdy
2022_16_WAS_SF,WAS,00-0031800,20,2.4114419579855166,1.0,T.Heinicke
2022_16_WAS_SF,WAS,00-0032950,17,4.377109591194428,0.0,C.Wentz
2022_17_ARI_ATL,ARI,00-0035040,44,1.1150610307669049,0.0,D.Blough
2022_17_ARI_ATL,ATL,00-0038122,29,0.4163071324017942,0.0,D.Ridder
2022_17_CAR_TB,CAR,00-0034869,39,9.466907728201477,1.0,S.Darnold
2022_17_CAR_TB,TB,00-0019596,50,17.43078252064816,0.0,T.Brady
2022_17_CHI_DET,CHI,00-0036945,32,-20.861571423892176,1.0,J.Fields
2022_17_CHI_DET,DET,00-0032792,1,-0.8987278068009172,0.0,N.Sudfeld
2022_17_CHI_DET,DET,00-0033106,30,5.750412242149881,0.0,J.Goff
2022_17_CLE_WAS,CLE,00-0033537,25,6.655695457630052,0.0,D.Watson
2022_17_CLE_WAS,WAS,00-0032950,32,-8.248393517615996,3.0,C.Wentz
2022_17_DAL_TEN,DAL,00-0033077,44,10.809204020682667,2.0,D.Prescott
2022_17_DAL_TEN,TEN,00-0033949,42,-8.016893009707012,1.0,J.Dobbs
2022_17_DEN_KC,DEN,00-0029263,43,-11.277646985588747,1.0,R.Wilson
2022_17_DEN_KC,KC,00-0033873,45,7.952348930804021,1.0,P.Mahomes
2022_17_IND_NYG,IND,00-0029567,15,-9.481068864857775,1.0,N.Foles
2022_17_IND_NYG,IND,00-0036879,15,0.6514081047407267,0.0,S.Ehlinger
2022_17_IND_NYG,NYG,00-0035710,28,14.629973526306003,0.0,D.Jones
2022_17_JAX_HOU,HOU,00-0032436,5,-3.8118267643731087,0.0,J.Driskel
2022_17_JAX_HOU,HOU,00-0036898,44,-22.363768436854116,0.0,D.Mills
2022_17_JAX_HOU,JAX,00-0033936,9,-7.416494338554785,1.0,C.Beathard
2022_17_JAX_HOU,JAX,00-0036971,22,1.5274631844949909,1.0,T.Lawrence
2022_17_LA_LAC,LA,00-0034855,24,-10.249821537136393,0.0,B.Mayfield
2022_17_LA_LAC,LAC,00-0026544,3,1.3682270137942396,0.0,C.Daniel
2022_17_LA_LAC,LAC,00-0036355,28,10.223021560577926,0.0,J.Herbert
2022_17_MIA_NE,MIA,00-0031237,21,0.5345273110653554,1.0,T.Bridgewater
2022_17_MIA_NE,MIA,00-0037327,23,-1.749518432392506,1.0,S.Thompson
2022_17_MIA_NE,NE,00-0036972,36,-3.1916010248089837,0.0,M.Jones
2022_17_MIN_GB,GB,00-0023459,25,3.791099197405856,0.0,A.Rodgers
2022_17_MIN_GB,GB,00-0036264,3,-0.3886218328261748,0.0,J.Love
2022_17_MIN_GB,MIN,00-0029604,35,-13.221115551046914,3.0,K.Cousins
2022_17_MIN_GB,MIN,00-0033319,4,5.713234336813912,0.0,N.Mullens
2022_17_NO_PHI,NO,00-0027973,28,-4.766653260149154,1.0,A.Dalton
2022_17_NO_PHI,NO,00-0033357,3,0.2371366373845376,0.0,T.Hill
2022_17_NO_PHI,PHI,00-0035289,38,-11.34749149967277,1.0,G.Minshew II
2022_17_NYJ_SEA,NYJ,00-0034401,50,-18.903030699438016,2.0,M.White
2022_17_NYJ_SEA,SEA,00-0030565,35,-3.402310657246465,0.0,G.Smith
2022_17_PIT_BAL,BAL,00-0035993,24,3.6463978683069267,1.0,T.Huntley
2022_17_PIT_BAL,PIT,00-0038102,29,4.159131734225969,0.0,K.Pickett
2022_17_SF_LV,LV,00-0035264,38,8.773262395776328,2.0,J.Stidham
2022_17_SF_LV,SF,00-0037834,35,7.8457565903289925,1.0,B.Purdy
2022_18_ARI_SF,ARI,00-0035040,21,-6.578614370839205,2.0,D.Blough
2022_18_ARI_SF,ARI,00-0035146,10,-7.274572821392212,1.0,T.McSorley
2022_18_ARI_SF,SF,00-0037834,26,6.220758411826095,0.0,B.Purdy
2022_18_BAL_CIN,BAL,00-0037175,46,-14.768571108536236,2.0,A.Brown
2022_18_BAL_CIN,CIN,00-0036442,45,-7.652972402236098,0.0,J.Burrow
2022_18_CAR_NO,CAR,00-0034869,20,-11.217554388509598,2.0,S.Darnold
2022_18_CAR_NO,NO,00-0027973,26,-4.9516878303989795,0.0,A.Dalton
2022_18_CLE_PIT,CLE,00-0033537,40,-1.3667548747034743,2.0,D.Watson
2022_18_CLE_PIT,PIT,00-0038102,32,9.836055716447177,0.0,K.Pickett
2022_18_DAL_WAS,DAL,00-0033077,41,-15.704320981632918,1.0,D.Prescott
2022_18_DAL_WAS,DAL,00-0033662,1,-1.3351104226894677,0.0,C.Rush
2022_18_DAL_WAS,WAS,00-0037077,25,-3.5828141591250597,1.0,S.Howell
2022_18_DET_GB,DET,00-0033106,36,7.591253462874959,0.0,J.Goff
2022_18_DET_GB,GB,00-0023459,31,-2.4384231466893924,1.0,A.Rodgers
2022_18_HOU_IND,HOU,00-0032436,2,0.3698128878022544,0.0,J.Driskel
2022_18_HOU_IND,HOU,00-0036898,41,7.005485140720563,2.0,D.Mills
2022_18_HOU_IND,IND,00-0036879,41,-8.54291387419868,2.0,S.Ehlinger
2022_18_KC_LV,KC,00-0033873,31,3.9934099595539574,0.0,P.Mahomes
2022_18_KC_LV,LV,00-0035264,49,-6.5053139702661085,1.0,J.Stidham
2022_18_LAC_DEN,DEN,00-0029263,29,2.852229579168579,1.0,R.Wilson
2022_18_LAC_DEN,LAC,00-0026544,9,1.550969937568996,0.0,C.Daniel
2022_18_LAC_DEN,LAC,00-0036355,38,15.43183239398754,0.0,J.Herbert
2022_18_LA_SEA,LA,00-0034855,32,-10.800843399583384,1.0,B.Mayfield
2022_18_LA_SEA,SEA,00-0030565,37,-2.835807223374788,2.0,G.Smith
2022_18_MIN_CHI,CHI,00-0033958,22,-3.9232536728377454,0.0,N.Peterman
2022_18_MIN_CHI,CHI,00-0034177,9,-5.456478976833634,2.0,T.Boyle
2022_18_MIN_CHI,MIN,00-0029604,20,16.61085238459663,0.0,K.Cousins
2022_18_MIN_CHI,MIN,00-0033319,14,5.403600771608391,1.0,N.Mullens
2022_18_NE_BUF,BUF,00-0034857,36,8.961742240004241,1.0,J.Allen
2022_18_NE_BUF,NE,00-0036972,43,-2.5773646496422487,3.0,M.Jones
2022_18_NYG_PHI,NYG,00-0033550,43,-0.29255941972145516,0.0,D.Webb
2022_18_NYG_PHI,NYG,00-0035042,1,-3.9164693378843367,0.0,J.Gillan
2022_18_NYG_PHI,NYG,00-0036145,1,-0.8402121948311105,0.0,L.Cager
2022_18_NYG_PHI,PHI,00-0036389,42,-4.060752069962097,1.0,J.Hurts
2022_18_NYJ_MIA,MIA,00-0037327,33,-7.527019070850674,0.0,S.Thompson
2022_18_NYJ_MIA,NYJ,00-0026158,33,0.06368995871728211,0.0,J.Flacco
2022_18_TB_ATL,ATL,00-0038122,34,5.170709586158088,0.0,D.Ridder
2022_18_TB_ATL,TB,00-0019596,17,2.99913360318169,0.0,T.Brady
2022_18_TB_ATL,TB,00-0027948,8,0.2152441979269497,0.0,B.Gabbert
2022_18_TB_ATL,TB,00-0036928,9,-5.332559636328369,0.0,K.Trask
2022_18_TEN_JAX,JAX,00-0036971,33,4.347590087726094,0.0,T.Lawrence
2022_18_TEN_JAX,TEN,00-0033949,35,0.6063990443241334,1.0,J.Dobbs
2023_01_ARI_WAS,ARI,00-0033949,33,-9.239667566276069,0.0,J.Dobbs
2023_01_ARI_WAS,WAS,00-0037077,39,-10.644990148619346,1.0,S.Howell
2023_01_BUF_NYJ,BUF,00-0034857,49,1.8577012634230752,3.0,J.Allen
2023_01_BUF_NYJ,NYJ,00-0023459,2,-2.0319598843343556,0.0,A.Rodgers
2023_01_BUF_NYJ,NYJ,00-0037013,24,-2.6268176948587474,1.0,Z.Wilson
2023_01_CAR_ATL,ATL,00-0038122,22,-4.450449751486303,0.0,D.Ridder
2023_01_CAR_ATL,CAR,00-0039150,42,-10.89758377636121,2.0,B.Young
2023_01_CIN_CLE,CIN,00-0035100,1,-1.24702901893761,0.0,J.Browning
2023_01_CIN_CLE,CIN,00-0036442,33,-18.635626889657797,0.0,J.Burrow
2023_01_CIN_CLE,CLE,00-0033537,35,-8.946648691942107,1.0,D.Watson
2023_01_DAL_NYG,DAL,00-0033077,24,4.17848433913809,0.0,D.Prescott
2023_01_DAL_NYG,DAL,00-0033662,1,-2.601653972407803,0.0,C.Rush
2023_01_DAL_NYG,NYG,00-0028118,2,-0.544656885205768,0.0,T.Taylor
2023_01_DAL_NYG,NYG,00-0035710,42,-19.93063894008657,2.0,D.Jones
2023_01_DET_KC,DET,00-0033106,35,6.560922560049221,0.0,J.Goff
2023_01_DET_KC,KC,00-0033873,45,-3.528876792866256,1.0,P.Mahomes
2023_01_GB_CHI,CHI,00-0036945,49,-6.785059820600336,1.0,J.Fields
2023_01_GB_CHI,GB,00-0036264,30,16.61554509038449,0.0,J.Love
2023_01_HOU_BAL,BAL,00-0034796,31,-3.3592993431180593,1.0,L.Jackson
2023_01_HOU_BAL,HOU,00-0039163,52,-11.982237156984189,0.0,C.Stroud
2023_01_JAX_IND,IND,00-0035289,2,-4.754616433085175,0.0,G.Minshew II
2023_01_JAX_IND,IND,00-0039164,45,-1.3221173129568342,1.0,A.Richardson
2023_01_JAX_IND,JAX,00-0036971,35,-8.35069335292792,1.0,T.Lawrence
2023_01_LA_SEA,LA,00-0026498,39,21.533917942772007,0.0,M.Stafford
2023_01_LA_SEA,SEA,00-0030565,29,-4.138155587344848,0.0,G.Smith
2023_01_LV_DEN,DEN,00-0029263,36,2.5443418036406764,0.0,R.Wilson
2023_01_LV_DEN,LV,00-0031345,29,15.25899333226155,1.0,J.Garoppolo
2023_01_MIA_LAC,LAC,00-0036355,40,0.8176514151795868,0.0,J.Herbert
2023_01_MIA_LAC,MIA,00-0036212,46,28.02271966272243,1.0,T.Tagovailoa
2023_01_PHI_NE,NE,00-0036972,59,-7.251481273167767,1.0,M.Jones
2023_01_PHI_NE,PHI,00-0036389,38,-3.4727165590960407,0.0,J.Hurts
2023_01_SF_PIT,PIT,00-0038102,51,-19.723898847587407,2.0,K.Pickett
2023_01_SF_PIT,SF,00-0037834,34,9.021956155516968,0.0,B.Purdy
2023_01_TB_MIN,MIN,00-0029604,47,0.020436382425193855,1.0,K.Cousins
2023_01_TB_MIN,TB,00-0034855,38,-0.5397831565378179,0.0,B.Mayfield
2023_01_TEN_NO,NO,00-0031280,38,4.031965380200153,1.0,D.Carr
2023_01_TEN_NO,TEN,00-0029701,40,-13.87972273965786,3.0,R.Tannehill
2023_02_BAL_CIN,BAL,00-0034796,40,12.682106673154951,0.0,L.Jackson
2023_02_BAL_CIN,CIN,00-0036442,43,1.614977647843281,1.0,J.Burrow
2023_02_CHI_TB,CHI,00-0036945,36,-7.760078409069772,2.0,J.Fields
2023_02_CHI_TB,TB,00-0034855,38,14.072294632131712,0.0,B.Mayfield
2023_02_CLE_PIT,CLE,00-0033537,49,-14.453625332341343,1.0,D.Watson
2023_02_CLE_PIT,PIT,00-0038102,32,-7.772112777774912,1.0,K.Pickett
2023_02_GB_ATL,ATL,00-0038122,38,3.9963163802179804,1.0,D.Ridder
2023_02_GB_ATL,GB,00-0036264,27,5.775012838732188,0.0,J.Love
2023_02_IND_HOU,HOU,00-0039163,52,6.776416820741511,0.0,C.Stroud
2023_02_IND_HOU,IND,00-0035289,25,7.993314544173558,0.0,G.Minshew II
2023_02_IND_HOU,IND,00-0039164,10,1.7329200523672625,0.0,A.Richardson
2023_02_KC_JAX,JAX,00-0034775,1,-1.2398807080462575,0.0,C.Kirk
2023_02_KC_JAX,JAX,00-0036971,48,-12.314719714304985,0.0,T.Lawrence
2023_02_KC_JAX,KC,00-0033873,45,13.903775003228573,1.0,P.Mahomes
2023_02_LAC_TEN,LAC,00-0036355,45,10.31794210589466,0.0,J.Herbert
2023_02_LAC_TEN,TEN,00-0029701,29,1.4567640593870608,0.0,R.Tannehill
2023_02_LV_BUF,BUF,00-0034857,39,13.21760739837191,0.0,J.Allen
2023_02_LV_BUF,LV,00-0031345,25,-2.442873755053334,2.0,J.Garoppolo
2023_02_MIA_NE,MIA,00-0036212,32,11.093639488664019,1.0,T.Tagovailoa
2023_02_MIA_NE,NE,00-0036972,47,0.8486122824460702,1.0,M.Jones
2023_02_MIN_PHI,MIN,00-0029604,46,17.481337210163474,0.0,K.Cousins
2023_02_MIN_PHI,PHI,00-0036389,31,1.071341116388794,1.0,J.Hurts
2023_02_NO_CAR,CAR,00-0039150,40,-8.23003936551313,0.0,B.Young
2023_02_NO_CAR,NO,00-0031280,40,-2.1891075282538184,1.0,D.Carr
2023_02_NO_CAR,NO,00-0033357,1,0.5803323040599935,0.0,T.Hill
2023_02_NYG_ARI,ARI,00-0033949,32,9.7786227666915,0.0,J.Dobbs
2023_02_NYG_ARI,NYG,00-0035710,45,11.365890339307953,1.0,D.Jones
2023_02_NYJ_DAL,DAL,00-0033077,40,12.127467724516306,0.0,D.Prescott
2023_02_NYJ_DAL,NYJ,00-0037013,33,-17.36166969581683,3.0,Z.Wilson
2023_02_SEA_DET,DET,00-0033106,37,8.152201352508701,1.0,J.Goff
2023_02_SEA_DET,SEA,00-0030565,44,13.804038181967737,0.0,G.Smith
2023_02_SF_LA,LA,00-0026498,59,-5.869871402951072,2.0,M.Stafford
2023_02_SF_LA,SF,00-0037834,26,3.2599135650464697,0.0,B.Purdy
2023_02_WAS_DEN,DEN,00-0029263,42,5.1075460721556745,1.0,R.Wilson
2023_02_WAS_DEN,WAS,00-0037077,45,9.32635035846528,0.0,S.Howell
2023_03_ATL_DET,ATL,00-0038122,46,-15.308350742955156,0.0,D.Ridder
2023_03_ATL_DET,DET,00-0033106,34,2.5963639060543686,1.0,J.Goff
2023_03_BUF_WAS,BUF,00-0034857,35,12.31367629836841,1.0,J.Allen
2023_03_BUF_WAS,WAS,00-0037077,39,-25.4762640962587,4.0,S.Howell
2023_03_CAR_SEA,CAR,00-0027973,62,5.783337843080505,0.0,A.Dalton
2023_03_CAR_SEA,SEA,00-0030565,39,6.3265152484276275,1.0,G.Smith
2023_03_CHI_KC,CHI,00-0036945,29,-14.283650645146189,1.0,J.Fields
2023_03_CHI_KC,KC,00-0027948,5,-6.706045397208072,2.0,B.Gabbert
2023_03_CHI_KC,KC,00-0033873,36,22.254377943793063,0.0,P.Mahomes
2023_03_DAL_ARI,ARI,00-0033949,24,3.6136314062201795,0.0,J.Dobbs
2023_03_DAL_ARI,DAL,00-0033077,45,-1.5810894987287631,1.0,D.Prescott
2023_03_DEN_MIA,DEN,00-0029263,39,2.208718735000881,1.0,R.Wilson
2023_03_DEN_MIA,MIA,00-0034401,2,4.690234114881605,0.0,M.White
2023_03_DEN_MIA,MIA,00-0036212,26,26.372212297806982,0.0,T.Tagovailoa
2023_03_HOU_JAX,HOU,00-0039163,31,15.313143495278847,0.0,C.Stroud
2023_03_HOU_JAX,JAX,00-0033936,2,0.4268732601776719,0.0,C.Beathard
2023_03_HOU_JAX,JAX,00-0036971,43,1.162274692074278,1.0,T.Lawrence
2023_03_IND_BAL,BAL,00-0034796,40,-3.0975112472068242,0.0,L.Jackson
2023_03_IND_BAL,IND,00-0035289,49,-8.418345229189796,0.0,G.Minshew II
2023_03_LAC_MIN,LAC,00-0030279,1,3.968392387731001,0.0,K.Allen
2023_03_LAC_MIN,LAC,00-0036355,49,22.232349276951616,0.0,J.Herbert
2023_03_LAC_MIN,MIN,00-0029604,55,4.109739679959835,1.0,K.Cousins
2023_03_LA_CIN,CIN,00-0036442,50,-6.553374456077261,1.0,J.Burrow
2023_03_LA_CIN,LA,00-0026498,40,-5.875213672447127,2.0,M.Stafford
2023_03_NE_NYJ,NE,00-0036972,30,5.591172625287991,0.0,M.Jones
2023_03_NE_NYJ,NYJ,00-0037013,39,-16.557454169821067,0.0,Z.Wilson
2023_03_NO_GB,GB,00-0036264,50,-0.3015006505507887,1.0,J.Love
2023_03_NO_GB,NO,00-0031280,21,0.07446693118935999,0.0,D.Carr
2023_03_NO_GB,NO,00-0031503,17,-2.519490228338142,0.0,J.Winston
2023_03_NYG_SF,NYG,00-0028118,2,-0.8406057901447639,0.0,T.Taylor
2023_03_NYG_SF,NYG,00-0035710,35,-9.130832609500471,1.0,D.Jones
2023_03_NYG_SF,SF,00-0037834,39,16.46249543812681,0.0,B.Purdy
2023_03_PHI_TB,PHI,00-0036389,40,3.075349073855991,2.0,J.Hurts
2023_03_PHI_TB,TB,00-0034855,29,0.4019567172122436,1.0,B.Mayfield
2023_03_PIT_LV,LV,00-0031345,50,-6.322202480317664,3.0,J.Garoppolo
2023_03_PIT_LV,PIT,00-0038102,30,7.812041055398968,0.0,K.Pickett
2023_03_TEN_CLE,CLE,00-0033537,37,12.334876190070451,0.0,D.Watson
2023_03_TEN_CLE,TEN,00-0029701,30,-14.025611756842375,0.0,R.Tannehill
2023_04_ARI_SF,ARI,00-0033949,47,8.599607213004028,0.0,J.Dobbs
2023_04_ARI_SF,SF,00-0037834,22,22.84409084377694,0.0,B.Purdy
2023_04_ATL_JAX,ATL,00-0038122,36,-18.909445540688466,2.0,D.Ridder
2023_04_ATL_JAX,JAX,00-0036971,36,7.852372166120382,0.0,T.Lawrence
2023_04_BAL_CLE,BAL,00-0034796,25,5.660022119001951,0.0,L.Jackson
2023_04_BAL_CLE,BAL,00-0035993,1,-0.476365496404469,0.0,T.Huntley
2023_04_BAL_CLE,CLE,00-0038583,43,-27.148254870449076,3.0,D.Thompson-Robinson
2023_04_CIN_TEN,CIN,00-0036442,35,-11.110376292723231,0.0,J.Burrow
2023_04_CIN_TEN,TEN,00-0029701,30,7.981003546773793,1.0,R.Tannehill
2023_04_CIN_TEN,TEN,00-0032764,1,3.1021673296636436,0.0,D.Henry
2023_04_DEN_CHI,CHI,00-0036945,41,8.9672380326665,1.0,J.Fields
2023_04_DEN_CHI,DEN,00-0029263,31,14.82378441720468,0.0,R.Wilson
2023_04_DET_GB,DET,00-0033106,31,3.464928048694761,1.0,J.Goff
2023_04_DET_GB,GB,00-0036264,42,-11.640179846350668,2.0,J.Love
2023_04_KC_NYJ,KC,00-0033873,35,8.454403170807378,2.0,P.Mahomes
2023_04_KC_NYJ,NYJ,00-0037013,42,3.7100979929004696,0.0,Z.Wilson
2023_04_LA_IND,IND,00-0039164,32,8.881961050210753,0.0,A.Richardson
2023_04_LA_IND,LA,00-0026498,44,14.640348019397798,1.0,M.Stafford
2023_04_LV_LAC,LAC,00-0036355,31,0.7094927389511345,1.0,J.Herbert
2023_04_LV_LAC,LV,00-0038579,46,-11.765604441442477,1.0,A.O'Connell
2023_04_MIA_BUF,BUF,00-0034857,29,21.410786066840544,0.0,J.Allen
2023_04_MIA_BUF,MIA,00-0036212,42,-3.880629441773519,1.0,T.Tagovailoa
2023_04_MIN_CAR,CAR,00-0039150,39,-12.68557326854645,0.0,B.Young
2023_04_MIN_CAR,MIN,00-0029604,21,-10.878062953648623,2.0,K.Cousins
2023_04_NE_DAL,DAL,00-0029692,1,1.053,0.0,B.Anger
2023_04_NE_DAL,DAL,00-0033077,37,3.933240894897108,0.0,D.Prescott
2023_04_NE_DAL,DAL,00-0033662,2,1.5769879361032508,0.0,C.Rush
2023_04_NE_DAL,NE,00-0036972,24,-14.00623534451006,2.0,M.Jones
2023_04_NE_DAL,NE,00-0038108,10,-2.9953646172221102,0.0,B.Zappe
2023_04_PIT_HOU,HOU,00-0035250,1,1.8422965880599804,0.0,D.Singletary
2023_04_PIT_HOU,HOU,00-0039163,30,12.533993645725115,0.0,C.Stroud
2023_04_PIT_HOU,PIT,00-0033869,5,-1.1255575283430517,0.0,M.Trubisky
2023_04_PIT_HOU,PIT,00-0038102,27,-11.75820830432166,1.0,K.Pickett
2023_04_SEA_NYG,NYG,00-0035639,1,-1.5267874808050692,0.0,P.Campbell
2023_04_SEA_NYG,NYG,00-0035710,50,-24.416932036377272,2.0,D.Jones
2023_04_SEA_NYG,SEA,00-0030565,22,-9.127239332726395,0.0,G.Smith
2023_04_SEA_NYG,SEA,00-0035704,7,2.897378358669812,0.0,D.Lock
2023_04_TB_NO,NO,00-0031280,39,-12.751911281074792,0.0,D.Carr
2023_04_TB_NO,NO,00-0031503,1,-2.82205399236409,1.0,J.Winston
2023_04_TB_NO,NO,00-0033357,3,-0.48978158622048795,0.0,T.Hill
2023_04_TB_NO,TB,00-0033921,1,-0.7111730779288337,0.0,C.Godwin
2023_04_TB_NO,TB,00-0034855,39,11.144905568444734,1.0,B.Mayfield
2023_04_WAS_PHI,PHI,00-0036389,44,10.755384327945778,0.0,J.Hurts
2023_04_WAS_PHI,WAS,00-0037077,51,10.74327674431567,0.0,S.Howell
2023_05_BAL_PIT,BAL,00-0034796,45,-13.86843166297829,1.0,L.Jackson
2023_05_BAL_PIT,PIT,00-0038102,37,2.6365545042627345,0.0,K.Pickett
2023_05_CAR_DET,CAR,00-0039150,43,-0.2491377636246761,2.0,B.Young
2023_05_CAR_DET,DET,00-0033106,30,5.771698093274608,0.0,J.Goff
2023_05_CHI_WAS,CHI,00-0036945,33,12.558913661367365,0.0,J.Fields
2023_05_CHI_WAS,WAS,00-0037077,61,1.600785807212246,1.0,S.Howell
2023_05_CIN_ARI,ARI,00-0033949,35,-15.65153375652153,2.0,J.Dobbs
2023_05_CIN_ARI,CIN,00-0036442,51,10.001990186729842,1.0,J.Burrow
2023_05_DAL_SF,DAL,00-0033077,27,-12.18878598313313,3.0,D.Prescott
2023_05_DAL_SF,DAL,00-0033662,3,-1.4217072618193924,0.0,C.Rush
2023_05_DAL_SF,SF,00-0034869,1,-1.0555692620109767,0.0,S.Darnold
2023_05_DAL_SF,SF,00-0037834,25,18.54200110162492,0.0,B.Purdy
2023_05_GB_LV,GB,00-0036264,34,-13.289734881167469,3.0,J.Love
2023_05_GB_LV,LV,00-0031345,34,-1.2471177648022094,1.0,J.Garoppolo
2023_05_GB_LV,LV,00-0035700,1,-1.076406596112065,0.0,J.Jacobs
2023_05_HOU_ATL,ATL,00-0037238,1,1.8440146018983796,0.0,D.London
2023_05_HOU_ATL,ATL,00-0038122,39,15.135801336657124,0.0,D.Ridder
2023_05_HOU_ATL,HOU,00-0039163,35,3.2933569529967612,0.0,C.Stroud
2023_05_JAX_BUF,BUF,00-0034857,43,15.511939366333653,1.0,J.Allen
2023_05_JAX_BUF,JAX,00-0036971,47,9.087618015764747,0.0,T.Lawrence
2023_05_KC_MIN,KC,00-0033873,42,14.77843926546339,0.0,P.Mahomes
2023_05_KC_MIN,MIN,00-0029604,49,2.6349363884598587,0.0,K.Cousins
2023_05_NO_NE,NE,00-0036972,24,-18.676953684316025,2.0,M.Jones
2023_05_NO_NE,NE,00-0038108,9,-7.567776053445414,0.0,B.Zappe
2023_05_NO_NE,NO,00-0031280,29,3.6365576417502625,0.0,D.Carr
2023_05_NO_NE,NO,00-0033357,1,0.8920678436988965,0.0,T.Hill
2023_05_NYG_MIA,MIA,00-0036212,31,-2.0249020664778072,2.0,T.Tagovailoa
2023_05_NYG_MIA,NYG,00-0028118,16,3.0086112552630198,0.0,T.Taylor
2023_05_NYG_MIA,NYG,00-0035710,27,-2.6766729076529883,0.0,D.Jones
2023_05_NYJ_DEN,DEN,00-0029263,40,-6.192980376506109,0.0,R.Wilson
2023_05_NYJ_DEN,NYJ,00-0037013,33,-6.846319755172024,1.0,Z.Wilson
2023_05_PHI_LA,LA,00-0026498,41,-2.536261009518057,0.0,M.Stafford
2023_05_PHI_LA,PHI,00-0036389,43,11.972430125636967,1.0,J.Hurts
2023_05_TEN_IND,IND,00-0035289,15,6.070766856573755,0.0,G.Minshew II
2023_05_TEN_IND,IND,00-0039164,13,2.1360964990392026,0.0,A.Richardson
2023_05_TEN_IND,TEN,00-0029701,35,10.240296797659528,1.0,R.Tannehill
2023_05_TEN_IND,TEN,00-0032764,1,-0.47603245900245383,0.0,D.Henry
2023_06_ARI_LA,ARI,00-0033949,46,-12.369815325427092,1.0,J.Dobbs
2023_06_ARI_LA,LA,00-0026498,26,3.0373565292140396,0.0,M.Stafford
2023_06_BAL_TEN,BAL,00-0034796,37,6.7922979494654205,1.0,L.Jackson
2023_06_BAL_TEN,TEN,00-0029701,18,-10.508053488856875,1.0,R.Tannehill
2023_06_BAL_TEN,TEN,00-0038128,12,-0.5204476047654847,0.0,M.Willis
2023_06_CAR_MIA,CAR,00-0028872,1,-1.9410884017124772,0.0,J.Hekker
2023_06_CAR_MIA,CAR,00-0039150,42,-10.966093807958625,0.0,B.Young
2023_06_CAR_MIA,MIA,00-0034401,1,-8.976947910850868,1.0,M.White
2023_06_CAR_MIA,MIA,00-0036212,31,16.12479107605759,0.0,T.Tagovailoa
2023_06_DAL_LAC,DAL,00-0033077,38,9.936122703543322,0.0,D.Prescott
2023_06_DAL_LAC,LAC,00-0036355,43,-0.29050432224005407,1.0,J.Herbert
2023_06_DEN_KC,DEN,00-0029263,29,-15.239230140403379,2.0,R.Wilson
2023_06_DEN_KC,KC,00-0033873,45,8.343834281371002,1.0,P.Mahomes
2023_06_DEN_KC,KC,00-0036913,1,-0.4460934295784682,0.0,K.Toney
2023_06_DET_TB,DET,00-0033106,48,18.9255152631183,0.0,J.Goff
2023_06_DET_TB,TB,00-0034855,40,-9.626154865448859,1.0,B.Mayfield
2023_06_IND_JAX,IND,00-0035289,60,-12.718201063497784,3.0,G.Minshew II
2023_06_IND_JAX,JAX,00-0036971,35,-2.5290257588692624,1.0,T.Lawrence
2023_06_MIN_CHI,CHI,00-0036945,17,-8.20828985588891,1.0,J.Fields
2023_06_MIN_CHI,CHI,00-0038416,15,-16.589481437113136,1.0,T.Bagent
2023_06_MIN_CHI,MIN,00-0029604,33,-6.169656257693803,0.0,K.Cousins
2023_06_NE_LV,LV,00-0026625,10,4.752259165038733,0.0,B.Hoyer
2023_06_NE_LV,LV,00-0031345,23,4.770385427174795,1.0,J.Garoppolo
2023_06_NE_LV,NE,00-0036972,36,-3.186446495703189,1.0,M.Jones
2023_06_NE_LV,NE,00-0038911,1,-1.2853722739964724,0.0,M.Cunningham
2023_06_NO_HOU,HOU,00-0039163,30,-0.7927757852776995,1.0,C.Stroud
2023_06_NO_HOU,NO,00-0031280,52,5.213855274451472,1.0,D.Carr
2023_06_NO_HOU,NO,00-0033357,1,0.08685685053933412,0.0,T.Hill
2023_06_NYG_BUF,BUF,00-0034857,32,3.1429269691107065,1.0,J.Allen
2023_06_NYG_BUF,NYG,00-0028118,42,-2.064092800788076,0.0,T.Taylor
2023_06_PHI_NYJ,NYJ,00-0037013,41,-8.57432484426056,0.0,Z.Wilson
2023_06_PHI_NYJ,PHI,00-0036389,50,-4.5447638828754195,3.0,J.Hurts
2023_06_SEA_CIN,CIN,00-0036442,39,-2.8682698637419377,1.0,J.Burrow
2023_06_SEA_CIN,SEA,00-0030565,48,-3.02223255378434,2.0,G.Smith
2023_06_SF_CLE,CLE,00-0033275,37,-15.703696793320214,2.0,P.Walker
2023_06_SF_CLE,SF,00-0037834,30,-10.610405049751776,1.0,B.Purdy
2023_06_WAS_ATL,ATL,00-0038122,51,-5.8086419680651975,3.0,D.Ridder
2023_06_WAS_ATL,WAS,00-0037077,29,-0.999132285815056,0.0,S.Howell
2023_07_ARI_SEA,ARI,00-0033949,38,-11.439035255225638,0.0,J.Dobbs
2023_07_ARI_SEA,ARI,00-0038582,1,-1.980460286140442,0.0,C.Tune
2023_07_ARI_SEA,SEA,00-0030565,28,10.24058273648876,1.0,G.Smith
2023_07_ATL_TB,ATL,00-0038122,28,9.311401137167355,0.0,D.Ridder
2023_07_ATL_TB,TB,00-0034855,46,2.8791055014255105,1.0,B.Mayfield
2023_07_BUF_NE,BUF,00-0034857,46,9.9418966893595,1.0,J.Allen
2023_07_BUF_NE,NE,00-0036972,33,13.26602976946583,0.0,M.Jones
2023_07_CLE_IND,CLE,00-0033275,34,-3.36256614293283,1.0,P.Walker
2023_07_CLE_IND,CLE,00-0033537,5,-5.8757238739635795,1.0,D.Watson
2023_07_CLE_IND,IND,00-0035289,30,5.047984605683798,1.0,G.Minshew II
2023_07_DET_BAL,BAL,00-0034796,32,25.294587948534172,0.0,L.Jackson
2023_07_DET_BAL,BAL,00-0035993,1,-0.9280543375061825,0.0,T.Huntley
2023_07_DET_BAL,DET,00-0033106,59,-13.326357203666586,1.0,J.Goff
2023_07_GB_DEN,DEN,00-0029263,31,5.035590808419195,0.0,R.Wilson
2023_07_GB_DEN,GB,00-0036264,33,9.466638347101352,1.0,J.Love
2023_07_GB_DEN,GB,00-0038393,1,0.8892822902998887,0.0,D.Wicks
2023_07_JAX_NO,JAX,00-0034437,1,2.5643760072416626,0.0,L.Cooke
2023_07_JAX_NO,JAX,00-0036971,34,8.64958393819472,0.0,T.Lawrence
2023_07_JAX_NO,NO,00-0031280,60,-16.21134117840244,1.0,D.Carr
2023_07_LAC_KC,KC,00-0033873,45,27.58279873360683,1.0,P.Mahomes
2023_07_LAC_KC,LAC,00-0036355,36,0.8349743524528073,2.0,J.Herbert
2023_07_LV_CHI,CHI,00-0033958,1,-0.09442649222910404,0.0,N.Peterman
2023_07_LV_CHI,CHI,00-0038416,32,7.425959888932767,0.0,T.Bagent
2023_07_LV_CHI,LV,00-0026625,33,-13.533031918403136,2.0,B.Hoyer
2023_07_LV_CHI,LV,00-0038579,14,3.0453352402402087,1.0,A.O'Connell
2023_07_MIA_PHI,MIA,00-0034418,1,-1.3574523675488308,0.0,C.Wilson
2023_07_MIA_PHI,MIA,00-0036212,35,-3.8402599184064217,1.0,T.Tagovailoa
2023_07_MIA_PHI,PHI,00-0036389,36,4.334790441789664,1.0,J.Hurts
2023_07_PIT_LA,LA,00-0026498,33,-0.7964025487222877,1.0,M.Stafford
2023_07_PIT_LA,PIT,00-0038102,28,-0.22413209330647632,0.0,K.Pickett
2023_07_SF_MIN,MIN,00-0029604,44,13.05572469308527,1.0,K.Cousins
2023_07_SF_MIN,SF,00-0037834,32,9.691932756210722,2.0,B.Purdy
2023_07_WAS_NYG,NYG,00-0028118,36,4.78499393106726,0.0,T.Taylor
2023_07_WAS_NYG,WAS,00-0037077,49,-13.427788552758994,1.0,S.Howell
2023_08_ATL_TEN,ATL,00-0031800,24,6.180408427873852,0.0,T.Heinicke
2023_08_ATL_TEN,ATL,00-0033858,1,-0.8618303572875448,0.0,J.Smith
2023_08_ATL_TEN,ATL,00-0038122,18,-10.91085727932041,0.0,D.Ridder
2023_08_ATL_TEN,TEN,00-0039152,32,5.915263460075948,0.0,W.Levis
2023_08_BAL_ARI,ARI,00-0033949,42,-8.907121154115767,2.0,J.Dobbs
2023_08_BAL_ARI,BAL,00-0034796,32,-5.437409175806122,0.0,L.Jackson
2023_08_CHI_LAC,CHI,00-0038416,39,-9.57190470393095,2.0,T.Bagent
2023_08_CHI_LAC,LAC,00-0036355,41,16.562912164261082,0.0,J.Herbert
2023_08_CIN_SF,CIN,00-0036442,38,16.022131229362994,0.0,J.Burrow
2023_08_CIN_SF,SF,00-0037834,39,1.5572658735782472,2.0,B.Purdy
2023_08_CLE_SEA,CLE,00-0033275,36,-4.947868501675034,2.0,P.Walker
2023_08_CLE_SEA,CLE,00-0038583,1,0.6945670462446287,0.0,D.Thompson-Robinson
2023_08_CLE_SEA,SEA,00-0030565,38,2.6245567447569806,2.0,G.Smith
2023_08_HOU_CAR,CAR,00-0039150,40,0.34162128909964773,0.0,B.Young
2023_08_HOU_CAR,HOU,00-0039163,28,2.2910365027929656,0.0,C.Stroud
2023_08_JAX_PIT,JAX,00-0036971,36,7.389666902787923,1.0,T.Lawrence
2023_08_JAX_PIT,PIT,00-0033869,31,-6.258529262850061,2.0,M.Trubisky
2023_08_JAX_PIT,PIT,00-0038102,18,-6.173350289171214,0.0,K.Pickett
2023_08_KC_DEN,DEN,00-0029263,30,-4.171677741724755,0.0,R.Wilson
2023_08_KC_DEN,KC,00-0033873,44,-9.3095867463111,2.0,P.Mahomes
2023_08_LA_DAL,DAL,00-0033077,38,14.145354410850441,1.0,D.Prescott
2023_08_LA_DAL,DAL,00-0033662,3,-2.3172528342111036,0.0,C.Rush
2023_08_LA_DAL,LA,00-0026498,25,-5.14089745832604,1.0,M.Stafford
2023_08_LA_DAL,LA,00-0034955,11,-5.129441424680408,0.0,B.Rypien
2023_08_LA_DAL,LA,00-0036849,1,1.053,0.0,T.Atwell
2023_08_LV_DET,DET,00-0033106,37,2.399114062233902,1.0,J.Goff
2023_08_LV_DET,DET,00-0036963,1,-1.9745741735678166,0.0,St. Brown
2023_08_LV_DET,LV,00-0031345,28,-24.438375678495504,1.0,J.Garoppolo
2023_08_MIN_GB,GB,00-0036264,49,-11.466686858679168,1.0,J.Love
2023_08_MIN_GB,MIN,00-0029604,34,19.874179541593747,0.0,K.Cousins
2023_08_MIN_GB,MIN,00-0038598,5,-2.580854845873546,0.0,J.Hall
2023_08_NE_MIA,MIA,00-0036212,49,14.830295773141353,1.0,T.Tagovailoa
2023_08_NE_MIA,NE,00-0036972,32,-9.12733173041946,1.0,M.Jones
2023_08_NO_IND,IND,00-0035289,44,-1.0950243985097141,1.0,G.Minshew II
2023_08_NO_IND,NO,00-0031280,28,13.525134789408185,0.0,D.Carr
2023_08_NO_IND,NO,00-0033357,3,4.367061837285291,0.0,T.Hill
2023_08_NYJ_NYG,NYG,00-0028118,13,-11.423640237923646,0.0,T.Taylor
2023_08_NYJ_NYG,NYG,00-0038476,11,-7.608046218345407,0.0,T.DeVito
2023_08_NYJ_NYG,NYJ,00-0037013,42,-14.61004304717062,0.0,Z.Wilson
2023_08_PHI_WAS,PHI,00-0036389,41,25.281520863166904,0.0,J.Hurts
2023_08_PHI_WAS,WAS,00-0037077,55,4.706371475942433,1.0,S.Howell
2023_08_TB_BUF,BUF,00-0034857,45,3.7089710432741967,1.0,J.Allen
2023_08_TB_BUF,TB,00-0034855,48,-1.7294919719591793,0.0,B.Mayfield
2023_09_ARI_CLE,ARI,00-0038582,32,-32.35245737794321,2.0,C.Tune
2023_09_ARI_CLE,CLE,00-0033537,33,2.843960698267497,0.0,D.Watson
2023_09_BUF_CIN,BUF,00-0034857,45,5.913474064180095,1.0,J.Allen
2023_09_BUF_CIN,CIN,00-0036442,46,13.963265801360592,0.0,J.Burrow
2023_09_CHI_NO,CHI,00-0038416,37,4.429475766501119,3.0,T.Bagent
2023_09_CHI_NO,NO,00-0031280,35,2.715091329439319,0.0,D.Carr
2023_09_CHI_NO,NO,00-0033357,1,0.8065087035065517,0.0,T.Hill
2023_09_DAL_PHI,DAL,00-0033077,53,13.627523211405663,0.0,D.Prescott
2023_09_DAL_PHI,PHI,00-0036389,32,10.09221189346863,0.0,J.Hurts
2023_09_IND_CAR,CAR,00-0039150,48,-21.002250483500536,3.0,B.Young
2023_09_IND_CAR,IND,00-0035289,28,1.7329938924997723,0.0,G.Minshew II
2023_09_LAC_NYJ,LAC,00-0036355,37,-4.929351664225714,0.0,J.Herbert
2023_09_LAC_NYJ,NYJ,00-0037013,58,-19.484172292876945,0.0,Z.Wilson
2023_09_LA_GB,GB,00-0036264,30,8.78867612781806,0.0,J.Love
2023_09_LA_GB,LA,00-0034955,32,-13.259743645299986,1.0,B.Rypien
2023_09_MIA_KC,KC,00-0033873,34,2.3984147515147924,0.0,P.Mahomes
2023_09_MIA_KC,MIA,00-0036212,38,0.11652849154779688,0.0,T.Tagovailoa
2023_09_MIN_ATL,ATL,00-0031800,41,0.2112966589117704,1.0,T.Heinicke
2023_09_MIN_ATL,MIN,00-0033949,39,4.454183855002035,0.0,J.Dobbs
2023_09_MIN_ATL,MIN,00-0036414,1,-1.5187924897181801,0.0,C.Akers
2023_09_MIN_ATL,MIN,00-0038598,8,2.8170061177640946,0.0,J.Hall
2023_09_NYG_LV,LV,00-0038579,25,7.603048639668113,0.0,A.O'Connell
2023_09_NYG_LV,NYG,00-0035710,12,-3.257889191387221,0.0,D.Jones
2023_09_NYG_LV,NYG,00-0038115,1,-0.947,0.0,D.Bellinger
2023_09_NYG_LV,NYG,00-0038476,30,-15.956742526497692,2.0,T.DeVito
2023_09_SEA_BAL,BAL,00-0034796,30,-2.2692661763472657,0.0,L.Jackson
2023_09_SEA_BAL,BAL,00-0035993,7,5.176841295120539,0.0,T.Huntley
2023_09_SEA_BAL,SEA,00-0030565,33,-14.631679117631457,1.0,G.Smith
2023_09_TB_HOU,HOU,00-0039163,45,27.64180092026526,0.0,C.Stroud
2023_09_TB_HOU,TB,00-0034855,34,12.278283142449382,0.0,B.Mayfield
2023_09_TEN_PIT,PIT,00-0038102,30,3.3539545370808663,0.0,K.Pickett
2023_09_TEN_PIT,TEN,00-0030564,1,0.017510708246845752,0.0,D.Hopkins
2023_09_TEN_PIT,TEN,00-0039152,43,-4.0142541064027935,1.0,W.Levis
2023_09_WAS_NE,NE,00-0036972,46,-6.40575982828407,1.0,M.Jones
2023_09_WAS_NE,WAS,00-0037077,51,7.439794281612361,1.0,S.Howell
2023_10_ATL_ARI,ARI,00-0035228,37,-4.577545701767859,1.0,K.Murray
2023_10_ATL_ARI,ATL,00-0031800,21,-4.037808772697813,0.0,T.Heinicke
2023_10_ATL_ARI,ATL,00-0038122,7,1.5387614090433344,0.0,D.Ridder
2023_10_CAR_CHI,CAR,00-0039150,44,-2.464722387576677,0.0,B.Young
2023_10_CAR_CHI,CHI,00-0038416,37,-2.064004194872629,0.0,T.Bagent
2023_10_CLE_BAL,BAL,00-0034796,30,-6.657361372056585,2.0,L.Jackson
2023_10_CLE_BAL,CLE,00-0033275,1,-0.2794255707995035,0.0,P.Walker
2023_10_CLE_BAL,CLE,00-0033537,45,1.5441003347912026,1.0,D.Watson
2023_10_DEN_BUF,BUF,00-0034857,28,-1.8936046703746543,2.0,J.Allen
2023_10_DEN_BUF,DEN,00-0029263,37,6.994377328626966,0.0,R.Wilson
2023_10_DET_LAC,DET,00-0033106,33,14.826729859458283,0.0,J.Goff
2023_10_DET_LAC,LAC,00-0036355,41,16.517309810044146,1.0,J.Herbert
2023_10_GB_PIT,GB,00-0036264,42,5.404864830606166,2.0,J.Love
2023_10_GB_PIT,PIT,00-0038102,26,-4.741637834315181,0.0,K.Pickett
2023_10_HOU_CIN,CIN,00-0036442,47,2.6259724842669128,2.0,J.Burrow
2023_10_HOU_CIN,HOU,00-0039163,41,6.829193458505647,1.0,C.Stroud
2023_10_IND_NE,IND,00-0035289,28,2.417548161858106,1.0,G.Minshew II
2023_10_IND_NE,NE,00-0036972,27,-2.4140509589902757,1.0,M.Jones
2023_10_IND_NE,NE,00-0038108,7,-0.8285839124000631,1.0,B.Zappe
2023_10_NO_MIN,MIN,00-0033949,41,11.087346272506004,0.0,J.Dobbs
2023_10_NO_MIN,NO,00-0031280,21,-2.031172763319053,0.0,D.Carr
2023_10_NO_MIN,NO,00-0031503,26,-4.560712916892953,2.0,J.Winston
2023_10_NYG_DAL,DAL,00-0033077,37,21.792587802163325,1.0,D.Prescott
2023_10_NYG_DAL,DAL,00-0033662,9,-0.29045116109773517,1.0,C.Rush
2023_10_NYG_DAL,NYG,00-0038476,37,-10.660517804018937,1.0,T.DeVito
2023_10_NYJ_LV,LV,00-0038579,30,-9.807394982754028,1.0,A.O'Connell
2023_10_NYJ_LV,NYJ,00-0037013,45,-1.2359097392990295,1.0,Z.Wilson
2023_10_NYJ_LV,NYJ,00-0037740,1,-0.43348260154016316,0.0,G.Wilson
2023_10_SF_JAX,JAX,00-0033936,2,-1.0978968928102404,0.0,C.Beathard
2023_10_SF_JAX,JAX,00-0034775,1,-0.5167164581362158,0.0,C.Kirk
2023_10_SF_JAX,JAX,00-0036971,36,-17.629750423753343,2.0,T.Lawrence
2023_10_SF_JAX,SF,00-0034869,2,-2.4168919341173023,0.0,S.Darnold
2023_10_SF_JAX,SF,00-0037834,28,17.11725111317794,0.0,B.Purdy
2023_10_TEN_TB,TB,00-0034855,34,9.29899155935522,1.0,B.Mayfield
2023_10_TEN_TB,TEN,00-0039152,43,-11.563321911684696,1.0,W.Levis
2023_10_WAS_SEA,SEA,00-0030565,48,6.393844358076924,0.0,G.Smith
2023_10_WAS_SEA,WAS,00-0037077,47,11.658417408175435,0.0,S.Howell
2023_11_ARI_HOU,ARI,00-0035228,37,-3.0208146581529025,1.0,K.Murray
2023_11_ARI_HOU,HOU,00-0036898,1,-0.95239889761433,0.0,D.Mills
2023_11_ARI_HOU,HOU,00-0038977,1,-0.7774166874005459,0.0,N.Dell
2023_11_ARI_HOU,HOU,00-0039163,40,3.7957347356495674,3.0,C.Stroud
2023_11_CHI_DET,CHI,00-0036945,29,9.534104902478926,0.0,J.Fields
2023_11_CHI_DET,DET,00-0033106,39,-1.1821455437601545,3.0,J.Goff
2023_11_CIN_BAL,BAL,00-0034796,33,8.45252908295295,0.0,L.Jackson
2023_11_CIN_BAL,CIN,00-0035100,21,-1.4845518760658658,0.0,J.Browning
2023_11_CIN_BAL,CIN,00-0036442,20,3.3192938878141613,0.0,J.Burrow
2023_11_DAL_CAR,CAR,00-0039150,37,-18.84337309080515,1.0,B.Young
2023_11_DAL_CAR,DAL,00-0033077,39,9.526121324463361,0.0,D.Prescott
2023_11_DAL_CAR,DAL,00-0033662,3,-1.0920929117128253,0.0,C.Rush
2023_11_LAC_GB,GB,00-0036264,44,10.052970605742527,0.0,J.Love
2023_11_LAC_GB,LAC,00-0036355,44,11.261999540654285,0.0,J.Herbert
2023_11_LV_MIA,LV,00-0038579,43,-9.576633443971339,3.0,A.O'Connell
2023_11_LV_MIA,MIA,00-0036212,41,0.9718892835502171,1.0,T.Tagovailoa
2023_11_MIN_DEN,DEN,00-0029263,37,1.4860982910168277,0.0,R.Wilson
2023_11_MIN_DEN,MIN,00-0033949,38,2.5277609622444372,1.0,J.Dobbs
2023_11_NYG_WAS,NYG,00-0038476,36,3.405005006934516,0.0,T.DeVito
2023_11_NYG_WAS,WAS,00-0037077,52,-2.0191708220945603,3.0,S.Howell
2023_11_NYJ_BUF,BUF,00-0034857,35,11.953654485041007,1.0,J.Allen
2023_11_NYJ_BUF,NYJ,00-0027114,1,2.6709000263363123,0.0,T.Morstead
2023_11_NYJ_BUF,NYJ,00-0034177,15,-7.643585715384688,1.0,T.Boyle
2023_11_NYJ_BUF,NYJ,00-0037013,24,-9.403186366849578,1.0,Z.Wilson
2023_11_PHI_KC,KC,00-0033873,49,-7.8421740156190936,1.0,P.Mahomes
2023_11_PHI_KC,PHI,00-0036389,28,-4.151039690710604,1.0,J.Hurts
2023_11_PIT_CLE,CLE,00-0038583,43,-9.388692825125379,1.0,D.Thompson-Robinson
2023_11_PIT_CLE,PIT,00-0038102,33,-11.256281559268245,0.0,K.Pickett
2023_11_SEA_LA,LA,00-0026498,33,-5.169654683433747,1.0,M.Stafford
2023_11_SEA_LA,SEA,00-0030565,35,5.138461157394339,0.0,G.Smith
2023_11_SEA_LA,SEA,00-0035704,6,-5.48228724184446,1.0,D.Lock
2023_11_TB_SF,SF,00-0037834,31,18.089411306234812,0.0,B.Purdy
2023_11_TB_SF,TB,00-0034855,50,-8.59885520892567,1.0,B.Mayfield
2023_11_TEN_JAX,JAX,00-0036971,35,18.44448802993643,0.0,T.Lawrence
2023_11_TEN_JAX,TEN,00-0039152,20,4.121417779591866,0.0,W.Levis
2023_12_BAL_LAC,BAL,00-0034796,36,-3.9168219994870337,0.0,L.Jackson
2023_12_BAL_LAC,LAC,00-0036355,51,-12.19987358441431,1.0,J.Herbert
2023_12_BUF_PHI,BUF,00-0034857,57,17.239307696835457,1.0,J.Allen
2023_12_BUF_PHI,PHI,00-0036389,38,3.0540827491864664,1.0,J.Hurts
2023_12_CAR_TEN,CAR,00-0039150,38,-1.3776995182947225,0.0,B.Young
2023_12_CAR_TEN,TEN,00-0039152,28,-0.43627955819829367,0.0,W.Levis
2023_12_CHI_MIN,CHI,00-0036945,44,-10.252646171344884,0.0,J.Fields
2023_12_CHI_MIN,MIN,00-0033949,36,-23.735136787389884,4.0,J.Dobbs
2023_12_CLE_DEN,CLE,00-0033275,17,-11.402487118903082,0.0,P.Walker
2023_12_CLE_DEN,CLE,00-0038583,31,-1.2117422342732085,0.0,D.Thompson-Robinson
2023_12_CLE_DEN,DEN,00-0029263,25,1.4246071317465976,0.0,R.Wilson
2023_12_GB_DET,DET,00-0033106,51,-9.684121680867857,0.0,J.Goff
2023_12_GB_DET,GB,00-0036264,33,12.175280804811827,0.0,J.Love
2023_12_GB_DET,GB,00-0037816,1,-0.947,0.0,R.Doubs
2023_12_JAX_HOU,HOU,00-0039163,46,4.1131439956015665,0.0,C.Stroud
2023_12_JAX_HOU,JAX,00-0036971,39,12.490231914085662,1.0,T.Lawrence
2023_12_KC_LV,KC,00-0033873,38,12.24425415787147,0.0,P.Mahomes
2023_12_KC_LV,LV,00-0034960,1,-0.8259646277874708,0.0,J.Meyers
2023_12_KC_LV,LV,00-0038579,34,4.325248748179089,0.0,A.O'Connell
2023_12_LA_ARI,ARI,00-0035228,50,-14.264040873352766,0.0,K.Murray
2023_12_LA_ARI,LA,00-0026498,34,12.686796712960021,1.0,M.Stafford
2023_12_MIA_NYJ,MIA,00-0036212,32,3.11459129004657,2.0,T.Tagovailoa
2023_12_MIA_NYJ,NYJ,00-0034177,45,-18.66758491814835,2.0,T.Boyle
2023_12_NE_NYG,NE,00-0036972,22,-9.911773824656848,2.0,M.Jones
2023_12_NE_NYG,NE,00-0038108,15,-6.4132949726772495,1.0,B.Zappe
2023_12_NE_NYG,NYG,00-0038476,33,-3.304108695851108,0.0,T.DeVito
2023_12_NO_ATL,ATL,00-0038122,24,1.0440607499331236,2.0,D.Ridder
2023_12_NO_ATL,NO,00-0031280,40,0.7213281401268958,1.0,D.Carr
2023_12_PIT_CIN,CIN,00-0035100,32,-2.515178966759688,1.0,J.Browning
2023_12_PIT_CIN,PIT,00-0038102,37,11.716183070745407,0.0,K.Pickett
2023_12_SF_SEA,SEA,00-0030565,35,-10.39861137956952,1.0,G.Smith
2023_12_SF_SEA,SF,00-0035719,1,-0.4431877873139456,0.0,D.Samuel
2023_12_SF_SEA,SF,00-0037834,32,0.5524511870993725,1.0,B.Purdy
2023_12_TB_IND,IND,00-0035289,45,1.3643924645888212,1.0,G.Minshew II
2023_12_TB_IND,TB,00-0034855,37,-5.214860759708976,1.0,B.Mayfield
2023_12_TB_IND,TB,00-0036928,1,-1.8803028730234743,0.0,K.Trask
2023_12_WAS_DAL,DAL,00-0033077,34,20.140277297461026,0.0,D.Prescott
2023_12_WAS_DAL,WAS,00-0037077,49,-10.947644074899758,1.0,S.Howell
2023_13_ARI_PIT,ARI,00-0035228,27,4.042103494196759,0.0,K.Murray
2023_13_ARI_PIT,PIT,00-0033869,18,8.063702827965704,0.0,M.Trubisky
2023_13_ARI_PIT,PIT,00-0038102,12,-1.0110344401321005,0.0,K.Pickett
2023_13_ATL_NYJ,ATL,00-0038122,30,-3.778801962090527,0.0,D.Ridder
2023_13_ATL_NYJ,NYJ,00-0032156,17,-7.142206695483765,0.0,T.Siemian
2023_13_ATL_NYJ,NYJ,00-0034177,26,-4.676407473485347,1.0,T.Boyle
2023_13_CAR_TB,CAR,00-0039150,35,-5.070967915060464,1.0,B.Young
2023_13_CAR_TB,TB,00-0034855,30,-3.701134300499689,1.0,B.Mayfield
2023_13_CIN_JAX,CIN,00-0033009,1,-6.527068739582319,1.0,T.Boyd
2023_13_CIN_JAX,CIN,00-0035100,40,21.277518690176446,0.0,J.Browning
2023_13_CIN_JAX,CIN,00-0036900,1,-2.102857018588111,0.0,J.Chase
2023_13_CIN_JAX,JAX,00-0033936,13,1.17836027179307,0.0,C.Beathard
2023_13_CIN_JAX,JAX,00-0036971,33,10.735456573106463,0.0,T.Lawrence
2023_13_CLE_LA,CLE,00-0026158,46,-7.791563930410868,1.0,J.Flacco
2023_13_CLE_LA,LA,00-0026498,37,5.3191237424953215,0.0,M.Stafford
2023_13_DEN_HOU,DEN,00-0029263,35,-13.490139122781732,3.0,R.Wilson
2023_13_DEN_HOU,HOU,00-0036898,1,1.542847081553191,0.0,D.Mills
2023_13_DEN_HOU,HOU,00-0039163,35,-1.6809076212142147,0.0,C.Stroud
2023_13_DET_NO,DET,00-0033106,27,7.492438044373312,0.0,J.Goff
2023_13_DET_NO,NO,00-0031280,24,7.331379322044086,1.0,D.Carr
2023_13_DET_NO,NO,00-0031503,5,0.11323756276397035,0.0,J.Winston
2023_13_DET_NO,NO,00-0033357,2,-1.4256790415383875,0.0,T.Hill
2023_13_IND_TEN,IND,00-0035289,48,0.5929752025839328,0.0,G.Minshew II
2023_13_IND_TEN,TEN,00-0039152,40,1.7298240581676938,0.0,W.Levis
2023_13_KC_GB,GB,00-0036264,39,16.42018702235901,0.0,J.Love
2023_13_KC_GB,KC,00-0033873,39,5.6772942286334285,1.0,P.Mahomes
2023_13_LAC_NE,LAC,00-0036355,38,1.1652607799470962,0.0,J.Herbert
2023_13_LAC_NE,NE,00-0038108,33,-12.31422670109896,0.0,B.Zappe
2023_13_MIA_WAS,MIA,00-0034401,1,-1.0640873379306868,0.0,M.White
2023_13_MIA_WAS,MIA,00-0036212,24,19.67799806176171,0.0,T.Tagovailoa
2023_13_MIA_WAS,WAS,00-0037077,30,-9.484416124956098,1.0,S.Howell
2023_13_SEA_DAL,DAL,00-0033077,47,14.042364573732735,0.0,D.Prescott
2023_13_SEA_DAL,SEA,00-0030565,41,14.336962629458867,1.0,G.Smith
2023_13_SEA_DAL,SEA,00-0036425,1,-0.5178517469903454,0.0,D.Dallas
2023_13_SF_PHI,PHI,00-0032268,4,-0.6925944164395332,0.0,M.Mariota
2023_13_SF_PHI,PHI,00-0036389,53,7.411599420376129,0.0,J.Hurts
2023_13_SF_PHI,SF,00-0037834,30,22.78909534565173,0.0,B.Purdy
2023_14_BUF_KC,BUF,00-0034857,48,-2.6094756064042506,1.0,J.Allen
2023_14_BUF_KC,KC,00-0033873,45,-2.02734218079518,1.0,P.Mahomes
2023_14_CAR_NO,CAR,00-0039150,43,-26.103546981232512,0.0,B.Young
2023_14_CAR_NO,NO,00-0031280,27,-9.563635846828337,1.0,D.Carr
2023_14_DEN_LAC,DEN,00-0029263,36,-0.7713267803339585,1.0,R.Wilson
2023_14_DEN_LAC,LAC,00-0030279,1,-0.45351547322934493,0.0,K.Allen
2023_14_DEN_LAC,LAC,00-0035282,26,-6.7211686507216655,0.0,E.Stick
2023_14_DEN_LAC,LAC,00-0036355,21,-19.54357248696033,1.0,J.Herbert
2023_14_DET_CHI,CHI,00-0036945,41,9.519170614427262,0.0,J.Fields
2023_14_DET_CHI,DET,00-0033106,39,-6.335564998094924,2.0,J.Goff
2023_14_GB_NYG,GB,00-0036264,42,-0.36271306526855085,1.0,J.Love
2023_14_GB_NYG,NYG,00-0038476,27,5.607818431831852,0.0,T.DeVito
2023_14_HOU_NYJ,HOU,00-0036898,6,-9.069208267668728,0.0,D.Mills
2023_14_HOU_NYJ,HOU,00-0039163,27,-16.43346299935365,0.0,C.Stroud
2023_14_HOU_NYJ,NYJ,00-0037013,42,3.0717104635083645,0.0,Z.Wilson
2023_14_IND_CIN,CIN,00-0031288,1,-1.6931319367140532,0.0,A.McCarron
2023_14_IND_CIN,CIN,00-0035100,26,6.994994210253935,1.0,J.Browning
2023_14_IND_CIN,IND,00-0035289,44,1.9393068274409586,1.0,G.Minshew II
2023_14_JAX_CLE,CLE,00-0026158,46,-1.6544217481042307,1.0,J.Flacco
2023_14_JAX_CLE,JAX,00-0036971,57,-7.880026097336551,3.0,T.Lawrence
2023_14_LA_BAL,BAL,00-0034796,54,15.665352937148551,1.0,L.Jackson
2023_14_LA_BAL,LA,00-0026498,44,5.60173018331353,0.0,M.Stafford
2023_14_MIN_LV,LV,00-0038579,36,-19.20355119294254,1.0,A.O'Connell
2023_14_MIN_LV,MIN,00-0033319,13,1.6778485485701822,0.0,N.Mullens
2023_14_MIN_LV,MIN,00-0033949,33,-14.515442240055396,0.0,J.Dobbs
2023_14_NE_PIT,NE,00-0038108,32,2.7409059536876157,1.0,B.Zappe
2023_14_NE_PIT,PIT,00-0033869,42,-15.855960833180795,1.0,M.Trubisky
2023_14_NE_PIT,PIT,00-0037304,1,-0.25261004906496964,0.0,Co.Heyward
2023_14_PHI_DAL,DAL,00-0033077,43,0.073324124132786,0.0,D.Prescott
2023_14_PHI_DAL,PHI,00-0036313,1,4.209326545824297,0.0,B.Mann
2023_14_PHI_DAL,PHI,00-0036389,28,2.5487039626868744,0.0,J.Hurts
2023_14_SEA_SF,SEA,00-0035704,38,-2.2773368039196358,2.0,D.Lock
2023_14_SEA_SF,SF,00-0037834,31,13.151110493927263,1.0,B.Purdy
2023_14_TB_ATL,ATL,00-0038122,45,-0.8993024820893369,1.0,D.Ridder
2023_14_TB_ATL,TB,00-0034855,31,1.258652161216776,0.0,B.Mayfield
2023_14_TEN_MIA,MIA,00-0036212,41,-7.140559579675104,0.0,T.Tagovailoa
2023_14_TEN_MIA,TEN,00-0039152,42,12.343767183108362,1.0,W.Levis
2023_15_ATL_CAR,ATL,00-0038122,21,2.3954774758021813,1.0,D.Ridder
2023_15_ATL_CAR,CAR,00-0039150,28,-2.6752478413083165,0.0,B.Young
2023_15_BAL_JAX,BAL,00-0034796,31,-0.7760960033661664,1.0,L.Jackson
2023_15_BAL_JAX,JAX,00-0036971,48,-11.40550967051255,0.0,T.Lawrence
2023_15_CHI_CLE,CHI,00-0036945,45,-14.084350722578927,2.0,J.Fields
2023_15_CHI_CLE,CLE,00-0026158,48,-17.392163456001867,3.0,J.Flacco
2023_15_CHI_CLE,CLE,00-0038583,1,2.0642242955509573,0.0,D.Thompson-Robinson
2023_15_DAL_BUF,BUF,00-0034857,19,1.0574328347749788,0.0,J.Allen
2023_15_DAL_BUF,DAL,00-0033077,41,-6.514468886909226,1.0,D.Prescott
2023_15_DEN_DET,DEN,00-0029263,35,-3.0004757833085023,0.0,R.Wilson
2023_15_DEN_DET,DET,00-0033106,36,15.231727600214072,0.0,J.Goff
2023_15_HOU_TEN,HOU,00-0028986,39,-2.5340544037528776,1.0,C.Keenum
2023_15_HOU_TEN,HOU,00-0036898,1,-0.18297453355626203,0.0,D.Mills
2023_15_HOU_TEN,TEN,00-0039152,36,-3.991491335531464,1.0,W.Levis
2023_15_KC_NE,KC,00-0031376,1,1.1053474548389204,0.0,J.McKinnon
2023_15_KC_NE,KC,00-0033873,40,2.1093785181088798,2.0,P.Mahomes
2023_15_KC_NE,NE,00-0038108,35,-12.918295838332739,1.0,B.Zappe
2023_15_LAC_LV,LAC,00-0035282,36,-8.628488276386634,1.0,E.Stick
2023_15_LAC_LV,LV,00-0034960,2,1.6937964668031782,0.0,J.Meyers
2023_15_LAC_LV,LV,00-0038579,35,10.630083312629722,0.0,A.O'Connell
2023_15_MIN_CIN,CIN,00-0034613,1,-2.2643815996237797,0.0,T.Hudson
2023_15_MIN_CIN,CIN,00-0035100,46,10.253093997918768,1.0,J.Browning
2023_15_MIN_CIN,MIN,00-0033319,38,11.265258604753953,2.0,N.Mullens
2023_15_MIN_CIN,MIN,00-0036322,1,-0.39332577056484297,0.0,J.Jefferson
2023_15_NYG_NO,NO,00-0031280,29,9.947751399060019,0.0,D.Carr
2023_15_NYG_NO,NO,00-0033357,1,-0.5991178345866501,0.0,T.Hill
2023_15_NYG_NO,NYG,00-0028118,3,0.09296307235490531,0.0,T.Taylor
2023_15_NYG_NO,NYG,00-0038476,43,-15.613977785621227,0.0,T.DeVito
2023_15_NYJ_MIA,MIA,00-0034401,2,-1.8901005836669356,0.0,M.White
2023_15_NYJ_MIA,MIA,00-0036212,27,9.223429321831443,0.0,T.Tagovailoa
2023_15_NYJ_MIA,NYJ,00-0032156,28,-9.411222703638487,2.0,T.Siemian
2023_15_NYJ_MIA,NYJ,00-0037013,15,-13.859405201656045,0.0,Z.Wilson
2023_15_PHI_SEA,PHI,00-0036389,37,5.9300055787025485,2.0,J.Hurts
2023_15_PHI_SEA,SEA,00-0035704,35,3.265447533214444,0.0,D.Lock
2023_15_PIT_IND,IND,00-0035289,32,-1.5840798880303923,0.0,G.Minshew II
2023_15_PIT_IND,PIT,00-0033869,26,-2.4031188849476166,2.0,M.Trubisky
2023_15_PIT_IND,PIT,00-0034771,4,-5.6805059256148525,0.0,M.Rudolph
2023_15_SF_ARI,ARI,00-0035228,46,-5.9628696557221215,2.0,K.Murray
2023_15_SF_ARI,SF,00-0034869,3,0.04260692391489673,0.0,S.Darnold
2023_15_SF_ARI,SF,00-0037834,24,18.233205841388553,0.0,B.Purdy
2023_15_TB_GB,GB,00-0036264,41,3.926120546559818,0.0,J.Love
2023_15_TB_GB,TB,00-0034855,33,23.46660046726831,0.0,B.Mayfield
2023_15_WAS_LA,LA,00-0026498,37,7.469702935525608,0.0,M.Stafford
2023_15_WAS_LA,WAS,00-0033119,11,10.279411832278129,0.0,J.Brissett
2023_15_WAS_LA,WAS,00-0037077,30,-11.229731138446368,1.0,S.Howell
2023_16_ARI_CHI,ARI,00-0035228,42,-7.555349199058713,0.0,K.Murray
2023_16_ARI_CHI,CHI,00-0036945,33,-0.153400725880946,1.0,J.Fields
2023_16_BAL_SF,BAL,00-0034796,39,7.134316421807467,0.0,L.Jackson
2023_16_BAL_SF,SF,00-0034869,17,0.05967535637319088,1.0,S.Darnold
2023_16_BAL_SF,SF,00-0037834,34,-18.069514673683724,4.0,B.Purdy
2023_16_BUF_LAC,BUF,00-0034857,23,9.785203670908231,1.0,J.Allen
2023_16_BUF_LAC,LAC,00-0035282,39,-1.4830664895028636,0.0,E.Stick
2023_16_CIN_PIT,CIN,00-0035100,46,-7.586249561096868,3.0,J.Browning
2023_16_CIN_PIT,PIT,00-0034771,29,10.444038476933237,0.0,M.Rudolph
2023_16_CLE_HOU,CLE,00-0026158,43,20.08598806466046,2.0,J.Flacco
2023_16_CLE_HOU,CLE,00-0038583,3,-4.293592726578936,0.0,D.Thompson-Robinson
2023_16_CLE_HOU,HOU,00-0028986,20,-18.117274977848865,2.0,C.Keenum
2023_16_CLE_HOU,HOU,00-0036898,33,4.7369630000321195,0.0,D.Mills
2023_16_DAL_MIA,DAL,00-0033077,38,9.340098292970396,0.0,D.Prescott
2023_16_DAL_MIA,MIA,00-0036212,38,7.294361547796323,0.0,T.Tagovailoa
2023_16_DET_MIN,DET,00-0033106,41,14.274304325256997,0.0,J.Goff
2023_16_DET_MIN,MIN,00-0033319,40,5.046608437215694,4.0,N.Mullens
2023_16_GB_CAR,CAR,00-0039150,39,13.079793213683269,0.0,B.Young
2023_16_GB_CAR,GB,00-0036264,30,12.401177336753268,0.0,J.Love
2023_16_IND_ATL,ATL,00-0031800,34,8.29316706254005,0.0,T.Heinicke
2023_16_IND_ATL,IND,00-0035289,46,-7.109486963359401,1.0,G.Minshew II
2023_16_JAX_TB,JAX,00-0033936,18,-0.3379549691015854,0.0,C.Beathard
2023_16_JAX_TB,JAX,00-0036971,36,-1.191996664452506,2.0,T.Lawrence
2023_16_JAX_TB,TB,00-0034855,39,13.822878492553553,0.0,B.Mayfield
2023_16_LV_KC,KC,00-0033873,57,-5.581827397040756,1.0,P.Mahomes
2023_16_LV_KC,KC,00-0035889,1,2.439640676777344,0.0,T.Townsend
2023_16_LV_KC,LV,00-0038579,23,-12.96893692768682,0.0,A.O'Connell
2023_16_NE_DEN,DEN,00-0029263,44,1.5802280189238953,0.0,R.Wilson
2023_16_NE_DEN,NE,00-0038108,35,2.3076388882529804,0.0,B.Zappe
2023_16_NO_LA,LA,00-0026498,35,15.034519595255833,0.0,M.Stafford
2023_16_NO_LA,NO,00-0031280,44,1.4443724609301425,1.0,D.Carr
2023_16_NYG_PHI,NYG,00-0028118,16,3.2364403475658037,1.0,T.Taylor
2023_16_NYG_PHI,NYG,00-0038476,17,-6.6646924380415005,0.0,T.DeVito
2023_16_NYG_PHI,PHI,00-0036389,41,6.64564336919884,1.0,J.Hurts
2023_16_SEA_TEN,SEA,00-0030565,40,10.601683318510684,0.0,G.Smith
2023_16_SEA_TEN,TEN,00-0029701,33,0.7930459575727582,0.0,R.Tannehill
2023_16_SEA_TEN,TEN,00-0032764,1,1.896275853679981,0.0,D.Henry
2023_16_WAS_NYJ,NYJ,00-0032156,51,-15.605946526704603,1.0,T.Siemian
2023_16_WAS_NYJ,WAS,00-0033119,14,7.788022870576242,0.0,J.Brissett
2023_16_WAS_NYJ,WAS,00-0037077,23,-23.490221187123097,2.0,S.Howell
2023_17_ARI_PHI,ARI,00-0035228,34,9.941189328574154,1.0,K.Murray
2023_17_ARI_PHI,PHI,00-0036389,24,11.827427915235186,1.0,J.Hurts
2023_17_ARI_PHI,PHI,00-0036919,1,1.2345058486098424,0.0,K.Gainwell
2023_17_ATL_CHI,ATL,00-0031800,35,-0.5599888595996987,3.0,T.Heinicke
2023_17_ATL_CHI,ATL,00-0038122,4,-2.75917106482666,1.0,D.Ridder
2023_17_ATL_CHI,CHI,00-0036945,38,10.039756888913328,0.0,J.Fields
2023_17_CAR_JAX,CAR,00-0039150,39,-22.684607245377265,1.0,B.Young
2023_17_CAR_JAX,JAX,00-0033936,29,7.554400596543011,0.0,C.Beathard
2023_17_CIN_KC,CIN,00-0035100,44,4.4524858610768,0.0,J.Browning
2023_17_CIN_KC,KC,00-0033873,33,0.9241741188096455,0.0,P.Mahomes
2023_17_DET_DAL,DAL,00-0033077,41,11.299152896313498,1.0,D.Prescott
2023_17_DET_DAL,DET,00-0033106,33,-1.5749107304993624,2.0,J.Goff
2023_17_DET_DAL,DET,00-0033557,1,4.1430035991361365,0.0,J.Reeves-Maybin
2023_17_GB_MIN,GB,00-0036264,33,14.013365820699597,0.0,J.Love
2023_17_GB_MIN,GB,00-0038391,1,2.1436268281540833,0.0,S.Clifford
2023_17_GB_MIN,MIN,00-0033319,24,-2.7951991322916,0.0,N.Mullens
2023_17_GB_MIN,MIN,00-0038598,14,-14.878213994511125,1.0,J.Hall
2023_17_LAC_DEN,DEN,00-0035264,36,3.862334506704364,0.0,J.Stidham
2023_17_LAC_DEN,LAC,00-0035282,38,1.2128444429971097,0.0,E.Stick
2023_17_LA_NYG,LA,00-0026498,38,0.8999966169358231,2.0,M.Stafford
2023_17_LA_NYG,NYG,00-0028118,50,-1.6151226665786413,1.0,T.Taylor
2023_17_LV_IND,IND,00-0035289,25,10.659434690140188,0.0,G.Minshew II
2023_17_LV_IND,LV,00-0038579,49,8.476911331376785,0.0,A.O'Connell
2023_17_MIA_BAL,BAL,00-0034796,25,29.02456360834185,0.0,L.Jackson
2023_17_MIA_BAL,BAL,00-0035993,1,4.22594323719386,0.0,T.Huntley
2023_17_MIA_BAL,MIA,00-0036212,44,-3.869904240414476,2.0,T.Tagovailoa
2023_17_NE_BUF,BUF,00-0034857,34,-4.421896497915146,1.0,J.Allen
2023_17_NE_BUF,NE,00-0038108,31,-8.683534111367877,3.0,B.Zappe
2023_17_NO_TB,NO,00-0031280,33,9.247694994742734,0.0,D.Carr
2023_17_NO_TB,NO,00-0033357,2,0.49068568175425753,0.0,T.Hill
2023_17_NO_TB,TB,00-0034855,36,6.032737302695867,2.0,B.Mayfield
2023_17_NYJ_CLE,CLE,00-0026158,30,6.1975739089539275,1.0,J.Flacco
2023_17_NYJ_CLE,NYJ,00-0032156,50,-14.226966864661893,1.0,T.Siemian
2023_17_PIT_SEA,PIT,00-0034771,26,10.893142347053915,0.0,M.Rudolph
2023_17_PIT_SEA,SEA,00-0030565,37,7.979062074712129,0.0,G.Smith
2023_17_SF_WAS,SF,00-0034869,1,-1.7085371020948514,0.0,S.Darnold
2023_17_SF_WAS,SF,00-0037834,29,13.657201774100464,0.0,B.Purdy
2023_17_SF_WAS,WAS,00-0037077,29,-9.632565840491566,2.0,S.Howell
2023_17_TEN_HOU,HOU,00-0039163,34,3.1269849691434906,0.0,C.Stroud
2023_17_TEN_HOU,TEN,00-0029701,25,-2.4355689408452954,0.0,R.Tannehill
2023_17_TEN_HOU,TEN,00-0039152,7,-9.646544275106862,0.0,W.Levis
2023_18_ATL_NO,ATL,00-0034438,6,-9.753704753384227,1.0,L.Woodside
2023_18_ATL_NO,ATL,00-0038122,30,6.867769799828688,1.0,D.Ridder
2023_18_ATL_NO,NO,00-0031280,30,14.978746151984353,0.0,D.Carr
2023_18_ATL_NO,NO,00-0033357,1,-0.7570095867849886,0.0,T.Hill
2023_18_BUF_MIA,BUF,00-0034857,45,8.795333258633036,2.0,J.Allen
2023_18_BUF_MIA,MIA,00-0036212,28,2.072485104785301,2.0,T.Tagovailoa
2023_18_BUF_MIA,MIA,00-0039040,1,-1.4337288234382868,0.0,D.Achane
2023_18_CHI_GB,CHI,00-0036945,24,0.37521738640968927,0.0,J.Fields
2023_18_CHI_GB,GB,00-0036264,34,10.848264978602737,0.0,J.Love
2023_18_CLE_CIN,CIN,00-0031288,5,-3.5579401078866795,0.0,A.McCarron
2023_18_CLE_CIN,CIN,00-0035100,28,3.7934971813584824,1.0,J.Browning
2023_18_CLE_CIN,CLE,00-0032436,32,-9.880902929638978,2.0,J.Driskel
2023_18_DAL_WAS,DAL,00-0033077,36,22.099422981782563,1.0,D.Prescott
2023_18_DAL_WAS,DAL,00-0033662,4,0.9062224575763875,0.0,C.Rush
2023_18_DAL_WAS,WAS,00-0036626,1,-0.30589396954746917,0.0,D.Brown
2023_18_DAL_WAS,WAS,00-0037077,32,-6.5576433696069385,2.0,S.Howell
2023_18_DEN_LV,DEN,00-0035264,40,0.05906446563312784,1.0,J.Stidham
2023_18_DEN_LV,LV,00-0031345,2,-2.135103028267622,0.0,J.Garoppolo
2023_18_DEN_LV,LV,00-0034960,1,1.4771853819256648,0.0,J.Meyers
2023_18_DEN_LV,LV,00-0038579,32,11.66505811622419,0.0,A.O'Connell
2023_18_HOU_IND,HOU,00-0039163,31,14.070585911156423,0.0,C.Stroud
2023_18_HOU_IND,IND,00-0035289,27,-2.7318974526146413,0.0,G.Minshew II
2023_18_JAX_TEN,JAX,00-0036971,45,0.7545849551785908,2.0,T.Lawrence
2023_18_JAX_TEN,TEN,00-0029701,28,0.881224628596101,1.0,R.Tannehill
2023_18_JAX_TEN,TEN,00-0030564,1,-0.4180150681640953,0.0,D.Hopkins
2023_18_KC_LAC,KC,00-0027948,35,-5.84336887983766,1.0,B.Gabbert
2023_18_KC_LAC,LAC,00-0035282,57,-10.00293566362102,0.0,E.Stick
2023_18_LA_SF,LA,00-0032950,31,8.060688460114878,1.0,C.Wentz
2023_18_LA_SF,SF,00-0034869,30,5.40776609526703,0.0,S.Darnold
2023_18_MIN_DET,DET,00-0033106,33,10.87409844600108,0.0,J.Goff
2023_18_MIN_DET,MIN,00-0033319,49,1.0998564819062455,2.0,N.Mullens
2023_18_NYJ_NE,NE,00-0038108,39,-29.398757332934547,2.0,B.Zappe
2023_18_NYJ_NE,NYJ,00-0032156,21,-11.007632592412083,0.0,T.Siemian
2023_18_PHI_NYG,NYG,00-0028118,38,8.1003645250735,1.0,T.Taylor
2023_18_PHI_NYG,NYG,00-0038476,3,-1.4483296424150467,0.0,T.DeVito
2023_18_PHI_NYG,PHI,00-0032268,24,-4.07219364979993,1.0,M.Mariota
2023_18_PHI_NYG,PHI,00-0036389,19,-11.192301883595064,1.0,J.Hurts
2023_18_PIT_BAL,BAL,00-0035993,38,-5.156307922665524,0.0,T.Huntley
2023_18_PIT_BAL,PIT,00-0034771,23,0.573040845541982,0.0,M.Rudolph
2023_18_SEA_ARI,ARI,00-0035228,32,16.885502992367567,0.0,K.Murray
2023_18_SEA_ARI,SEA,00-0030565,31,6.1955324534753915,0.0,G.Smith
2023_18_TB_CAR,CAR,00-0039150,23,-4.342774354180763,0.0,B.Young
2023_18_TB_CAR,TB,00-0034855,37,-6.539408898612599,0.0,B.Mayfield
2024_01_ARI_BUF,ARI,00-0035228,38,6.041290239568265,0.0,K.Murray
2024_01_ARI_BUF,BUF,00-0034857,30,15.411251376115668,0.0,J.Allen
2024_01_BAL_KC,BAL,00-0034796,52,0.25890158960221576,0.0,L.Jackson
2024_01_BAL_KC,KC,00-0033873,31,12.106398868962394,1.0,P.Mahomes
2024_01_CAR_NO,CAR,00-0027973,1,-0.6210238231578842,0.0,A.Dalton
2024_01_CAR_NO,CAR,00-0039150,38,-14.593356139659502,2.0,B.Young
2024_01_CAR_NO,NO,00-0031280,25,7.249632705284299,0.0,D.Carr
2024_01_CAR_NO,NO,00-0038998,1,-0.5536398805561475,0.0,J.Haener
2024_01_DAL_CLE,CLE,00-0033537,56,-19.618375099351397,2.0,D.Watson
2024_01_DAL_CLE,DAL,00-0033077,35,-6.667337795562192,0.0,D.Prescott
2024_01_DEN_SEA,DEN,00-0039732,49,-14.988026699217045,2.0,B.Nix
2024_01_DEN_SEA,SEA,00-0030565,29,-2.319320663502454,1.0,G.Smith
2024_01_GB_PHI,GB,00-0036264,35,2.811224767698266,1.0,J.Love
2024_01_GB_PHI,GB,00-0038128,2,-0.4375434906105511,0.0,M.Willis
2024_01_GB_PHI,PHI,00-0036389,38,14.149830966140144,2.0,J.Hurts
2024_01_HOU_IND,HOU,00-0039163,38,6.8817911525702335,0.0,C.Stroud
2024_01_HOU_IND,IND,00-0039164,24,3.6900921469787136,1.0,A.Richardson
2024_01_JAX_MIA,JAX,00-0036971,25,2.7007051706115606,0.0,T.Lawrence
2024_01_JAX_MIA,MIA,00-0036212,41,5.324361199784288,0.0,T.Tagovailoa
2024_01_LA_DET,DET,00-0033106,31,-3.1989448625057753,1.0,J.Goff
2024_01_LA_DET,LA,00-0026498,51,4.536420907523806,1.0,M.Stafford
2024_01_LV_LAC,LAC,00-0036355,28,-5.393708999748455,0.0,J.Herbert
2024_01_LV_LAC,LV,00-0035289,40,-4.522036072253936,1.0,G.Minshew II
2024_01_MIN_NYG,MIN,00-0034869,26,9.056905587320216,1.0,S.Darnold
2024_01_MIN_NYG,NYG,00-0035710,49,-21.2500354888594,2.0,D.Jones
2024_01_NE_CIN,CIN,00-0036442,35,-4.530792274381852,0.0,J.Burrow
2024_01_NE_CIN,NE,00-0033119,29,1.343744268473245,0.0,J.Brissett
2024_01_NYJ_SF,NYJ,00-0023459,22,3.2582827980513684,1.0,A.Rodgers
2024_01_NYJ_SF,NYJ,00-0028118,10,3.0363147898316383,0.0,T.Taylor
2024_01_NYJ_SF,SF,00-0035719,1,-2.089831991296666,0.0,D.Samuel
2024_01_NYJ_SF,SF,00-0037834,32,7.163022489324123,0.0,B.Purdy
2024_01_PIT_ATL,ATL,00-0029604,27,-10.993093573905886,2.0,K.Cousins
2024_01_PIT_ATL,PIT,00-0036945,30,0.519743911446318,0.0,J.Fields
2024_01_TEN_CHI,CHI,00-0039918,34,-10.342010308758631,0.0,C.Williams
2024_01_TEN_CHI,TEN,00-0039152,38,-16.441366477172572,2.0,W.Levis
2024_01_WAS_TB,TB,00-0034855,34,21.10856166192232,0.0,B.Mayfield
2024_01_WAS_TB,WAS,00-0039910,34,5.944544609499556,0.0,J.Daniels
2024_02_ATL_PHI,ATL,00-0029604,32,8.189662212617367,0.0,K.Cousins
2024_02_ATL_PHI,PHI,00-0036389,35,7.453981194473824,1.0,J.Hurts
2024_02_BUF_MIA,BUF,00-0034857,20,10.823677038537953,0.0,J.Allen
2024_02_BUF_MIA,MIA,00-0036212,28,-6.950782127214711,3.0,T.Tagovailoa
2024_02_BUF_MIA,MIA,00-0037327,16,-8.197626057255547,0.0,S.Thompson
2024_02_CHI_HOU,CHI,00-0039918,48,-18.23148447510267,2.0,C.Williams
2024_02_CHI_HOU,HOU,00-0039163,39,1.6088561200666724,0.0,C.Stroud
2024_02_CIN_KC,CIN,00-0036442,41,3.697982827984019,0.0,J.Burrow
2024_02_CIN_KC,KC,00-0033873,32,-7.8907372541083225,2.0,P.Mahomes
2024_02_CLE_JAX,CLE,00-0033537,38,1.3706898563038874,0.0,D.Watson
2024_02_CLE_JAX,JAX,00-0036971,35,-2.0514195678764553,0.0,T.Lawrence
2024_02_IND_GB,GB,00-0038128,17,9.410743597254223,0.0,M.Willis
2024_02_IND_GB,IND,00-0039164,36,-4.828651381998368,3.0,A.Richardson
2024_02_LAC_CAR,CAR,00-0039150,29,-21.872686336866654,1.0,B.Young
2024_02_LAC_CAR,LAC,00-0036355,22,2.094769286483363,1.0,J.Herbert
2024_02_LA_ARI,ARI,00-0035228,26,21.134806473234903,0.0,K.Murray
2024_02_LA_ARI,LA,00-0026498,32,-11.159592631582587,0.0,M.Stafford
2024_02_LV_BAL,BAL,00-0034796,36,1.2882857575362028,1.0,L.Jackson
2024_02_LV_BAL,LV,00-0035289,43,-2.416132526708785,1.0,G.Minshew II
2024_02_NO_DAL,DAL,00-0033077,42,-8.253996406290135,2.0,D.Prescott
2024_02_NO_DAL,DAL,00-0033662,3,-1.9856584365479648,0.0,C.Rush
2024_02_NO_DAL,NO,00-0031280,17,14.025829735968728,1.0,D.Carr
2024_02_NYG_WAS,NYG,00-0035710,32,6.463717812876217,0.0,D.Jones
2024_02_NYG_WAS,WAS,00-0039910,38,7.651033515440266,0.0,J.Daniels
2024_02_NYJ_TEN,NYJ,00-0023459,33,1.3266278739080235,0.0,A.Rodgers
2024_02_NYJ_TEN,TEN,00-0039152,35,-4.440439292171504,1.0,W.Levis
2024_02_PIT_DEN,DEN,00-0039732,39,-9.285346128721411,2.0,B.Nix
2024_02_PIT_DEN,PIT,00-0036945,26,2.0366741417183305,0.0,J.Fields
2024_02_SEA_NE,NE,00-0033119,32,0.7855269890741545,0.0,J.Brissett
2024_02_SEA_NE,SEA,00-0030565,47,9.349584808049258,0.0,G.Smith
2024_02_SF_MIN,MIN,00-0034869,30,2.5268049956172893,1.0,S.Darnold
2024_02_SF_MIN,MIN,00-0037276,1,-0.5984916715533473,0.0,T.Chandler
2024_02_SF_MIN,SF,00-0037834,44,-1.0269276248000097,1.0,B.Purdy
2024_02_TB_DET,DET,00-0033106,56,-13.583603281908829,2.0,J.Goff
2024_02_TB_DET,DET,00-0035156,1,3.637429093476385,0.0,J.Fox
2024_02_TB_DET,TB,00-0034855,27,-1.1055968366848,1.0,B.Mayfield
2024_03_BAL_DAL,BAL,00-0034796,17,9.591073192306794,0.0,L.Jackson
2024_03_BAL_DAL,DAL,00-0033077,57,6.265985676721109,0.0,D.Prescott
2024_03_CAR_LV,CAR,00-0027973,40,12.354778816505888,0.0,A.Dalton
2024_03_CAR_LV,LV,00-0035289,33,-2.4241833114334908,1.0,G.Minshew II
2024_03_CAR_LV,LV,00-0038579,13,5.555142228025943,0.0,A.O'Connell
2024_03_CHI_IND,CHI,00-0039918,56,-7.310312479264945,2.0,C.Williams
2024_03_CHI_IND,IND,00-0039164,22,-9.921438059362117,2.0,A.Richardson
2024_03_DEN_TB,DEN,00-0039732,39,5.807970723931604,0.0,B.Nix
2024_03_DEN_TB,TB,00-0034855,40,-18.282071196561446,1.0,B.Mayfield
2024_03_DET_ARI,ARI,00-0035228,37,-4.072933301667977,1.0,K.Murray
2024_03_DET_ARI,DET,00-0033106,26,6.608530018827878,1.0,J.Goff
2024_03_GB_TEN,GB,00-0038128,25,7.616014430144773,0.0,M.Willis
2024_03_GB_TEN,TEN,00-0039152,44,-17.784593852760736,2.0,W.Levis
2024_03_HOU_MIN,HOU,00-0031588,1,2.762919135740958,0.0,S.Diggs
2024_03_HOU_MIN,HOU,00-0036898,13,-1.2606540999840945,0.0,D.Mills
2024_03_HOU_MIN,HOU,00-0039163,37,-11.312958482103092,2.0,C.Stroud
2024_03_HOU_MIN,MIN,00-0034869,32,5.25261193368137,0.0,S.Darnold
2024_03_JAX_BUF,BUF,00-0033869,1,-1.0343312335142039,0.0,M.Trubisky
2024_03_JAX_BUF,BUF,00-0034857,34,25.71259658020879,0.0,J.Allen
2024_03_JAX_BUF,JAX,00-0036971,43,-17.318771695546967,1.0,T.Lawrence
2024_03_JAX_BUF,JAX,00-0036972,9,-10.0527353156358,0.0,M.Jones
2024_03_KC_ATL,ATL,00-0029604,31,2.7967293687774433,1.0,K.Cousins
2024_03_KC_ATL,KC,00-0033873,42,4.998166274963399,1.0,P.Mahomes
2024_03_LAC_PIT,LAC,00-0031800,5,-3.6079584835097194,0.0,T.Heinicke
2024_03_LAC_PIT,LAC,00-0036355,20,1.5603604057269793,0.0,J.Herbert
2024_03_LAC_PIT,PIT,00-0036945,35,8.219484778857225,1.0,J.Fields
2024_03_MIA_SEA,MIA,00-0034177,15,-7.18313201534329,0.0,T.Boyle
2024_03_MIA_SEA,MIA,00-0037327,24,-9.774416790956188,0.0,S.Thompson
2024_03_MIA_SEA,SEA,00-0030565,37,-0.8126982188896368,2.0,G.Smith
2024_03_NE_NYJ,NE,00-0033119,23,-10.965362024573018,0.0,J.Brissett
2024_03_NE_NYJ,NE,00-0039851,12,-4.357005257217679,0.0,D.Maye
2024_03_NE_NYJ,NYJ,00-0023459,40,19.61976893185836,0.0,A.Rodgers
2024_03_NYG_CLE,CLE,00-0033537,48,-16.318009405698767,0.0,D.Watson
2024_03_NYG_CLE,NYG,00-0035710,38,9.154864369309507,0.0,D.Jones
2024_03_NYG_CLE,NYG,00-0039337,1,-0.9637323682836723,0.0,M.Nabers
2024_03_PHI_NO,NO,00-0031280,28,0.4538347231519988,1.0,D.Carr
2024_03_PHI_NO,PHI,00-0036389,45,-3.628878438546229,1.0,J.Hurts
2024_03_SF_LA,LA,00-0026498,28,3.4081208365555797,0.0,M.Stafford
2024_03_SF_LA,LA,00-0036849,1,-0.5111013762652874,0.0,T.Atwell
2024_03_SF_LA,SF,00-0037834,38,14.784220587151788,0.0,B.Purdy
2024_03_WAS_CIN,CIN,00-0036442,42,16.589672671072154,0.0,J.Burrow
2024_03_WAS_CIN,WAS,00-0039910,30,23.238230451536456,0.0,J.Daniels
2024_04_BUF_BAL,BAL,00-0026300,1,-1.4056561858160421,0.0,J.Johnson
2024_04_BUF_BAL,BAL,00-0034796,20,9.48963540472323,0.0,L.Jackson
2024_04_BUF_BAL,BUF,00-0033869,2,-0.7431461592204869,0.0,M.Trubisky
2024_04_BUF_BAL,BUF,00-0034857,34,-8.430682734489054,0.0,J.Allen
2024_04_CIN_CAR,CAR,00-0027973,42,2.8803140336288866,1.0,A.Dalton
2024_04_CIN_CAR,CAR,00-0028872,1,-3.028582197148353,0.0,J.Hekker
2024_04_CIN_CAR,CIN,00-0036442,32,9.737596925842809,1.0,J.Burrow
2024_04_CLE_LV,CLE,00-0033537,42,-7.166362979582778,1.0,D.Watson
2024_04_CLE_LV,LV,00-0035289,26,-3.775178223637057,0.0,G.Minshew II
2024_04_DAL_NYG,DAL,00-0033077,28,10.9522814873646,0.0,D.Prescott
2024_04_DAL_NYG,NYG,00-0035710,41,4.439631956087325,1.0,D.Jones
2024_04_DEN_NYJ,DEN,00-0039732,26,-13.411176555149723,0.0,B.Nix
2024_04_DEN_NYJ,NYJ,00-0023459,51,-13.128121097480395,0.0,A.Rodgers
2024_04_JAX_HOU,HOU,00-0031588,1,1.8519234691630118,0.0,S.Diggs
2024_04_JAX_HOU,HOU,00-0039163,45,14.672063127132178,0.0,C.Stroud
2024_04_JAX_HOU,JAX,00-0036971,35,-1.2400207269076615,0.0,T.Lawrence
2024_04_KC_LAC,KC,00-0033873,34,-1.3389438816708767,1.0,P.Mahomes
2024_04_KC_LAC,LAC,00-0036355,29,-2.0499847903784856,0.0,J.Herbert
2024_04_LA_CHI,CHI,00-0039918,26,2.083515190295674,0.0,C.Williams
2024_04_LA_CHI,LA,00-0026498,33,-2.2876256965415545,1.0,M.Stafford
2024_04_MIN_GB,GB,00-0036264,57,-3.4861768180533437,3.0,J.Love
2024_04_MIN_GB,MIN,00-0034869,33,9.673844575007367,1.0,S.Darnold
2024_04_NE_SF,NE,00-0033119,39,-16.442474402221762,1.0,J.Brissett
2024_04_NE_SF,SF,00-0037834,30,9.575652400762468,1.0,B.Purdy
2024_04_NO_ATL,ATL,00-0029604,36,-1.0691966593920248,1.0,K.Cousins
2024_04_NO_ATL,NO,00-0031280,38,-0.25230814150409975,1.0,D.Carr
2024_04_PHI_TB,PHI,00-0036389,37,-9.2122831675224,0.0,J.Hurts
2024_04_PHI_TB,TB,00-0034855,50,11.264813309148034,0.0,B.Mayfield
2024_04_PIT_IND,IND,00-0026158,29,6.90974487956718,0.0,J.Flacco
2024_04_PIT_IND,IND,00-0039164,4,4.277928645606153,0.0,A.Richardson
2024_04_PIT_IND,PIT,00-0036945,41,7.431252914713696,0.0,J.Fields
2024_04_SEA_DET,DET,00-0033106,21,17.89840751833981,0.0,J.Goff
2024_04_SEA_DET,DET,00-0036963,1,1.72411598067265,0.0,St. Brown
2024_04_SEA_DET,SEA,00-0030565,63,10.608242894124611,1.0,G.Smith
2024_04_TEN_MIA,MIA,00-0035993,27,-10.654291410023205,0.0,T.Huntley
2024_04_TEN_MIA,TEN,00-0034771,17,-4.3347068321915705,0.0,M.Rudolph
2024_04_TEN_MIA,TEN,00-0039152,5,-4.102932104375213,1.0,W.Levis
2024_04_WAS_ARI,ARI,00-0035228,27,-0.686736506933812,0.0,K.Murray
2024_04_WAS_ARI,WAS,00-0039910,37,14.612705612565698,1.0,J.Daniels
2024_05_ARI_SF,ARI,00-0035228,33,-0.19163047183535475,1.0,K.Murray
2024_05_ARI_SF,SF,00-0037834,41,1.747240241895791,2.0,B.Purdy
2024_05_BAL_CIN,BAL,00-0034796,47,20.889545983214504,0.0,L.Jackson
2024_05_BAL_CIN,CIN,00-0036442,43,23.1331888778368,1.0,J.Burrow
2024_05_BUF_HOU,BUF,00-0034857,35,1.4585874598863007,0.0,J.Allen
2024_05_BUF_HOU,HOU,00-0039163,42,7.014402969325803,1.0,C.Stroud
2024_05_CAR_CHI,CAR,00-0027973,32,-13.133280466884647,1.0,A.Dalton
2024_05_CAR_CHI,CAR,00-0039150,9,-0.6809764887439087,0.0,B.Young
2024_05_CAR_CHI,CHI,00-0039918,36,17.242415942002168,0.0,C.Williams
2024_05_CLE_WAS,CLE,00-0031503,1,0.8074564936105162,0.0,J.Winston
2024_05_CLE_WAS,CLE,00-0033537,38,-16.281338876370178,0.0,D.Watson
2024_05_CLE_WAS,WAS,00-0032268,3,-3.301094082533382,0.0,M.Mariota
2024_05_CLE_WAS,WAS,00-0039910,33,8.693187621079948,1.0,J.Daniels
2024_05_DAL_PIT,DAL,00-0033077,45,10.937207240246712,2.0,D.Prescott
2024_05_DAL_PIT,PIT,00-0034577,1,1.4325529362540692,0.0,K.Allen
2024_05_DAL_PIT,PIT,00-0036945,30,-3.471511214709608,0.0,J.Fields
2024_05_GB_LA,GB,00-0036264,29,1.6690239341215953,1.0,J.Love
2024_05_GB_LA,LA,00-0026498,48,-8.955648682371248,1.0,M.Stafford
2024_05_IND_JAX,IND,00-0026158,49,13.05635387144949,0.0,J.Flacco
2024_05_IND_JAX,IND,00-0039890,1,2.4456588270841166,0.0,A.Mitchell
2024_05_IND_JAX,JAX,00-0036971,34,16.75668474577833,1.0,T.Lawrence
2024_05_LV_DEN,DEN,00-0039732,31,2.347459219136295,0.0,B.Nix
2024_05_LV_DEN,LV,00-0035289,21,-5.858522366169675,2.0,G.Minshew II
2024_05_LV_DEN,LV,00-0038579,21,-5.343939675774891,1.0,A.O'Connell
2024_05_MIA_NE,MIA,00-0035993,37,-3.333067120556033,1.0,T.Huntley
2024_05_MIA_NE,NE,00-0033119,36,-7.783856163216336,0.0,J.Brissett
2024_05_NO_KC,KC,00-0033873,44,7.349754444722751,1.0,P.Mahomes
2024_05_NO_KC,NO,00-0031280,29,-0.035403914691414684,1.0,D.Carr
2024_05_NO_KC,NO,00-0038998,9,-2.487998194352258,0.0,J.Haener
2024_05_NYG_SEA,NYG,00-0035710,39,9.573181522024363,0.0,D.Jones
2024_05_NYG_SEA,SEA,00-0030565,51,0.011892329671449264,0.0,G.Smith
2024_05_NYJ_MIN,MIN,00-0033319,1,2.5932225097203627,0.0,N.Mullens
2024_05_NYJ_MIN,MIN,00-0034869,36,-10.66861528019291,1.0,S.Darnold
2024_05_NYJ_MIN,NYJ,00-0023459,57,-16.156328739288377,3.0,A.Rodgers
2024_05_TB_ATL,ATL,00-0029604,60,22.133271685231414,1.0,K.Cousins
2024_05_TB_ATL,ATL,00-0036309,1,-0.42381819686852396,0.0,D.Mooney
2024_05_TB_ATL,TB,00-0034855,30,11.016626547903066,0.0,B.Mayfield
2024_06_ARI_GB,ARI,00-0035228,36,8.131702821757216,0.0,K.Murray
2024_06_ARI_GB,GB,00-0036264,35,18.81582037133326,1.0,J.Love
2024_06_ATL_CAR,ATL,00-0029604,30,12.311614662975456,0.0,K.Cousins
2024_06_ATL_CAR,CAR,00-0027973,40,-4.606218631170696,2.0,A.Dalton
2024_06_BUF_NYJ,BUF,00-0034857,30,9.891230825198821,0.0,J.Allen
2024_06_BUF_NYJ,NYJ,00-0023459,38,11.157051599960461,1.0,A.Rodgers
2024_06_CIN_NYG,CIN,00-0036442,34,7.972843721747216,0.0,J.Burrow
2024_06_CIN_NYG,NYG,00-0035710,43,-12.85958618520587,1.0,D.Jones
2024_06_CLE_PHI,CLE,00-0033537,30,1.7190111605943592,0.0,D.Watson
2024_06_CLE_PHI,PHI,00-0036389,26,7.14371745643391,0.0,J.Hurts
2024_06_DET_DAL,DAL,00-0033077,38,-19.991528484527137,2.0,D.Prescott
2024_06_DET_DAL,DAL,00-0033662,11,-3.4963412155630067,1.0,C.Rush
2024_06_DET_DAL,DET,00-0033106,29,19.0260599415117,0.0,J.Goff
2024_06_DET_DAL,DET,00-0038550,3,-3.3531181288999505,0.0,H.Hooker
2024_06_HOU_NE,HOU,00-0036898,1,-0.7681780345737934,0.0,D.Mills
2024_06_HOU_NE,HOU,00-0039163,34,3.5326976095798606,1.0,C.Stroud
2024_06_HOU_NE,NE,00-0039851,42,-5.809085246641189,2.0,D.Maye
2024_06_IND_TEN,IND,00-0026158,39,0.8209839704439328,1.0,J.Flacco
2024_06_IND_TEN,TEN,00-0039152,30,-5.700923697115927,1.0,W.Levis
2024_06_JAX_CHI,CHI,00-0039918,34,17.420239311468322,1.0,C.Williams
2024_06_JAX_CHI,JAX,00-0036971,42,7.985379556298979,1.0,T.Lawrence
2024_06_JAX_CHI,JAX,00-0036972,2,-1.5077407426433638,0.0,M.Jones
2024_06_LAC_DEN,DEN,00-0039732,42,2.787102188172544,1.0,B.Nix
2024_06_LAC_DEN,LAC,00-0036355,38,7.407706920457562,0.0,J.Herbert
2024_06_PIT_LV,LV,00-0038579,42,-3.816641160883475,1.0,A.O'Connell
2024_06_PIT_LV,PIT,00-0036945,33,4.788250665962056,0.0,J.Fields
2024_06_SF_SEA,SEA,00-0030565,52,4.443329160450002,2.0,G.Smith
2024_06_SF_SEA,SF,00-0037834,31,13.995949938022548,0.0,B.Purdy
2024_06_TB_NO,NO,00-0039376,48,-11.752448988914441,2.0,S.Rattler
2024_06_TB_NO,TB,00-0034855,41,5.123893710376179,3.0,B.Mayfield
2024_06_WAS_BAL,BAL,00-0034796,30,10.646136143231674,1.0,L.Jackson
2024_06_WAS_BAL,WAS,00-0039910,42,10.577611283224345,0.0,J.Daniels
2024_07_BAL_TB,BAL,00-0034796,27,29.397754840541623,0.0,L.Jackson
2024_07_BAL_TB,TB,00-0034855,54,8.019866145106581,2.0,B.Mayfield
2024_07_CAR_WAS,CAR,00-0027973,19,-16.45972895756131,2.0,A.Dalton
2024_07_CAR_WAS,CAR,00-0039150,2,-1.8600795059464872,0.0,B.Young
2024_07_CAR_WAS,WAS,00-0032268,26,14.22372759426419,0.0,M.Mariota
2024_07_CAR_WAS,WAS,00-0039910,2,-1.2399959464945671,0.0,J.Daniels
2024_07_CIN_CLE,CIN,00-0036442,28,-1.7718636580975726,0.0,J.Burrow
2024_07_CIN_CLE,CLE,00-0031503,13,7.0311501903780735,0.0,J.Winston
2024_07_CIN_CLE,CLE,00-0033537,19,0.32601187587715685,0.0,D.Watson
2024_07_CIN_CLE,CLE,00-0038583,25,-19.31839746661717,2.0,D.Thompson-Robinson
2024_07_DEN_NO,DEN,00-0039732,33,-0.38340223644334626,0.0,B.Nix
2024_07_DEN_NO,NO,00-0038998,4,3.7281038266955875,0.0,J.Haener
2024_07_DEN_NO,NO,00-0039376,44,-26.857747636509096,0.0,S.Rattler
2024_07_DET_MIN,DET,00-0033106,29,14.917896740080323,0.0,J.Goff
2024_07_DET_MIN,MIN,00-0034869,36,2.5119673359436803,1.0,S.Darnold
2024_07_DET_MIN,MIN,00-0036322,1,-0.2187197848688811,0.0,J.Jefferson
2024_07_HOU_GB,GB,00-0036264,36,-0.6216179161382076,2.0,J.Love
2024_07_HOU_GB,HOU,00-0039163,29,-10.334122973191215,0.0,C.Stroud
2024_07_KC_SF,KC,00-0033873,32,1.0273889558739029,2.0,P.Mahomes
2024_07_KC_SF,SF,00-0037834,38,-10.094673544498711,3.0,B.Purdy
2024_07_LAC_ARI,ARI,00-0035228,29,4.4677647477947176,1.0,K.Murray
2024_07_LAC_ARI,LAC,00-0036355,43,13.208193129272116,0.0,J.Herbert
2024_07_LV_LA,LA,00-0026498,24,-7.252890682794836,1.0,M.Stafford
2024_07_LV_LA,LV,00-0035289,36,-23.165124470908477,3.0,G.Minshew II
2024_07_LV_LA,LV,00-0038579,10,-1.1313837203197181,0.0,A.O'Connell
2024_07_MIA_IND,IND,00-0039164,29,-4.680091420789347,0.0,A.Richardson
2024_07_MIA_IND,MIA,00-0034177,13,0.9442385492147878,0.0,T.Boyle
2024_07_MIA_IND,MIA,00-0035993,18,-3.1887729405505176,0.0,T.Huntley
2024_07_NE_JAX,JAX,00-0036971,22,13.34825719534784,0.0,T.Lawrence
2024_07_NE_JAX,NE,00-0039851,43,8.110371430272108,0.0,D.Maye
2024_07_NYJ_PIT,NYJ,00-0023459,41,0.08472123943923915,2.0,A.Rodgers
2024_07_NYJ_PIT,PIT,00-0029263,31,8.32511194896188,0.0,R.Wilson
2024_07_PHI_NYG,NYG,00-0035704,10,-5.745220857206732,0.0,D.Lock
2024_07_PHI_NYG,NYG,00-0035710,29,-15.595830326899886,0.0,D.Jones
2024_07_PHI_NYG,PHI,00-0036389,21,3.2494814101955853,0.0,J.Hurts
2024_07_PHI_NYG,PHI,00-0038102,2,-1.6758197312010452,0.0,K.Pickett
2024_07_SEA_ATL,ATL,00-0029604,38,-9.430239478007437,2.0,K.Cousins
2024_07_SEA_ATL,ATL,00-0039917,1,1.3768166581867263,0.0,M.Penix
2024_07_SEA_ATL,SEA,00-0030565,32,5.691740365081136,0.0,G.Smith
2024_07_SEA_ATL,SEA,00-0038543,1,2.243609394179657,0.0,J.Smith-Njigba
2024_07_TEN_BUF,BUF,00-0034857,35,12.69436187803184,0.0,J.Allen
2024_07_TEN_BUF,TEN,00-0034771,43,-2.834651315384747,1.0,M.Rudolph
2024_08_ARI_MIA,ARI,00-0035228,37,18.220538960634066,0.0,K.Murray
2024_08_ARI_MIA,MIA,00-0036212,40,10.42637306762288,0.0,T.Tagovailoa
2024_08_ATL_TB,ATL,00-0029604,32,16.469310754328035,0.0,K.Cousins
2024_08_ATL_TB,TB,00-0034855,50,10.272913478414885,2.0,B.Mayfield
2024_08_BAL_CLE,BAL,00-0034796,41,10.269778479693642,0.0,L.Jackson
2024_08_BAL_CLE,CLE,00-0031503,44,11.899560420864818,0.0,J.Winston
2024_08_BUF_SEA,BUF,00-0034857,37,12.055582234145282,1.0,J.Allen
2024_08_BUF_SEA,SEA,00-0030565,32,1.2773194207706489,1.0,G.Smith
2024_08_CAR_DEN,CAR,00-0028872,1,-2.6834525330923498,0.0,J.Hekker
2024_08_CAR_DEN,CAR,00-0039150,41,-2.955106362409424,2.0,B.Young
2024_08_CAR_DEN,DEN,00-0032943,1,-1.8986855424009264,0.0,R.Dixon
2024_08_CAR_DEN,DEN,00-0034348,1,3.6108437566435896,0.0,C.Sutton
2024_08_CAR_DEN,DEN,00-0039732,40,13.438684299500892,0.0,B.Nix
2024_08_CHI_WAS,CHI,00-0039918,33,-8.213339847003109,0.0,C.Williams
2024_08_CHI_WAS,WAS,00-0039910,46,12.028028074199813,0.0,J.Daniels
2024_08_DAL_SF,DAL,00-0033077,40,0.9261805765831248,2.0,D.Prescott
2024_08_DAL_SF,SF,00-0037834,33,10.875209196659782,0.0,B.Purdy
2024_08_GB_JAX,GB,00-0036264,22,2.8724852073680496,1.0,J.Love
2024_08_GB_JAX,GB,00-0038128,8,3.8105738706653938,0.0,M.Willis
2024_08_GB_JAX,JAX,00-0036971,34,4.176253185359977,1.0,T.Lawrence
2024_08_IND_HOU,HOU,00-0039163,39,5.5037074731111515,0.0,C.Stroud
2024_08_IND_HOU,IND,00-0039164,38,-7.035621922486875,1.0,A.Richardson
2024_08_KC_LV,KC,00-0033873,41,13.52230944733378,1.0,P.Mahomes
2024_08_KC_LV,LV,00-0035289,34,7.130106335472386,0.0,G.Minshew II
2024_08_MIN_LA,LA,00-0026498,34,15.890277726517525,1.0,M.Stafford
2024_08_MIN_LA,MIN,00-0034869,29,8.598717371252746,0.0,S.Darnold
2024_08_NO_LAC,LAC,00-0036355,38,4.713191955296408,0.0,J.Herbert
2024_08_NO_LAC,NO,00-0033357,1,-0.17498089210130274,0.0,T.Hill
2024_08_NO_LAC,NO,00-0038998,21,-5.403325276761745,0.0,J.Haener
2024_08_NO_LAC,NO,00-0039376,27,-5.947728378915212,0.0,S.Rattler
2024_08_NYG_PIT,NYG,00-0035710,44,-1.5940597468713689,1.0,D.Jones
2024_08_NYG_PIT,PIT,00-0029263,32,3.323123641362164,0.0,R.Wilson
2024_08_NYJ_NE,NE,00-0033119,27,3.860693881007362,0.0,J.Brissett
2024_08_NYJ_NE,NE,00-0039851,10,1.6038284600363113,0.0,D.Maye
2024_08_NYJ_NE,NYJ,00-0023459,30,4.21573919234711,0.0,A.Rodgers
2024_08_PHI_CIN,CIN,00-0036442,40,9.014863885939464,1.0,J.Burrow
2024_08_PHI_CIN,PHI,00-0036389,21,14.938985503269837,0.0,J.Hurts
2024_08_TEN_DET,DET,00-0033106,19,-3.5498791379890235,0.0,J.Goff
2024_08_TEN_DET,DET,00-0035685,1,1.5191485377727076,0.0,D.Montgomery
2024_08_TEN_DET,DET,00-0038550,3,-2.3470915579237044,0.0,H.Hooker
2024_08_TEN_DET,TEN,00-0034771,42,-8.480912323895609,2.0,M.Rudolph
2024_09_CHI_ARI,ARI,00-0035228,23,-1.3238325496493528,0.0,K.Murray
2024_09_CHI_ARI,CHI,00-0039918,50,-13.03748564700759,0.0,C.Williams
2024_09_DAL_ATL,ATL,00-0029604,26,8.401332029723562,0.0,K.Cousins
2024_09_DAL_ATL,ATL,00-0032065,1,-0.947,0.0,B.Pinion
2024_09_DAL_ATL,DAL,00-0029692,1,-2.9773164816433564,0.0,B.Anger
2024_09_DAL_ATL,DAL,00-0033077,28,-1.4863546183936884,0.0,D.Prescott
2024_09_DAL_ATL,DAL,00-0033662,26,1.4293847701484337,0.0,C.Rush
2024_09_DEN_BAL,BAL,00-0034796,22,19.88515552700556,0.0,L.Jackson
2024_09_DEN_BAL,DEN,00-0034348,1,3.8798944197478704,0.0,C.Sutton
2024_09_DEN_BAL,DEN,00-0039732,41,-6.654596760040124,1.0,B.Nix
2024_09_DET_GB,DET,00-0033106,23,5.942980538421371,0.0,J.Goff
2024_09_DET_GB,GB,00-0036264,40,-3.081276243726884,1.0,J.Love
2024_09_HOU_NYJ,HOU,00-0033897,1,-0.7261459626606666,0.0,J.Mixon
2024_09_HOU_NYJ,HOU,00-0039163,45,-6.627194303608119,0.0,C.Stroud
2024_09_HOU_NYJ,NYJ,00-0023459,34,8.60553915501805,0.0,A.Rodgers
2024_09_IND_MIN,IND,00-0026158,30,-8.775372928424066,1.0,J.Flacco
2024_09_IND_MIN,MIN,00-0034869,39,-5.031601460703578,2.0,S.Darnold
2024_09_IND_MIN,MIN,00-0036322,1,3.050906698219478,0.0,J.Jefferson
2024_09_JAX_PHI,JAX,00-0036971,37,-7.345786132645793,2.0,T.Lawrence
2024_09_JAX_PHI,PHI,00-0036389,34,9.16981904363556,0.0,J.Hurts
2024_09_LAC_CLE,CLE,00-0031503,56,-17.379709015669242,3.0,J.Winston
2024_09_LAC_CLE,LAC,00-0036355,34,1.1594835763249383,0.0,J.Herbert
2024_09_LA_SEA,LA,00-0026498,44,3.873418507520166,1.0,M.Stafford
2024_09_LA_SEA,SEA,00-0030565,43,-5.221332840330433,3.0,G.Smith
2024_09_LV_CIN,CIN,00-0036442,41,7.662879810175992,1.0,J.Burrow
2024_09_LV_CIN,LV,00-0035289,18,0.9504952851566486,0.0,G.Minshew II
2024_09_LV_CIN,LV,00-0038122,21,-10.578831910272129,0.0,D.Ridder
2024_09_MIA_BUF,BUF,00-0034857,41,10.843038976483651,1.0,J.Allen
2024_09_MIA_BUF,MIA,00-0036212,30,19.96297584481148,0.0,T.Tagovailoa
2024_09_NE_TEN,NE,00-0039851,51,-1.0490856900010366,2.0,D.Maye
2024_09_NE_TEN,TEN,00-0034771,36,7.306108196731657,1.0,M.Rudolph
2024_09_NO_CAR,CAR,00-0039150,30,0.973928454794729,1.0,B.Young
2024_09_NO_CAR,NO,00-0031280,33,3.4029601311669277,0.0,D.Carr
2024_09_NO_CAR,NO,00-0033357,1,-1.1422894898144156,0.0,T.Hill
2024_09_TB_KC,KC,00-0033873,50,16.622681416516738,0.0,P.Mahomes
2024_09_TB_KC,TB,00-0034855,36,6.889092620842483,0.0,B.Mayfield
2024_09_WAS_NYG,NYG,00-0035710,31,-1.451475069887005,0.0,D.Jones
2024_09_WAS_NYG,WAS,00-0039910,25,13.519461318959047,0.0,J.Daniels
2024_10_ATL_NO,ATL,00-0029604,41,-1.245446489061938,1.0,K.Cousins
2024_10_ATL_NO,NO,00-0031280,27,6.048005834514809,0.0,D.Carr
2024_10_BUF_IND,BUF,00-0034857,41,-4.645020417753672,2.0,J.Allen
2024_10_BUF_IND,IND,00-0026158,39,-12.451161307303776,3.0,J.Flacco
2024_10_CIN_BAL,BAL,00-0034796,36,21.278435374057153,0.0,L.Jackson
2024_10_CIN_BAL,CIN,00-0036442,61,12.026657030583127,0.0,J.Burrow
2024_10_DEN_KC,DEN,00-0039732,33,6.938323458658917,0.0,B.Nix
2024_10_DEN_KC,KC,00-0033873,49,5.344967128988657,0.0,P.Mahomes
2024_10_DET_HOU,DET,00-0033106,31,-1.3748407013321287,5.0,J.Goff
2024_10_DET_HOU,HOU,00-0039163,38,-6.067610689512556,2.0,C.Stroud
2024_10_MIA_LA,LA,00-0026498,49,-7.455165512594906,1.0,M.Stafford
2024_10_MIA_LA,MIA,00-0036212,31,-1.5312514591516702,1.0,T.Tagovailoa
2024_10_MIN_JAX,JAX,00-0036972,27,-7.950912665575743,2.0,M.Jones
2024_10_MIN_JAX,MIN,00-0034869,42,0.18590902287894062,3.0,S.Darnold
2024_10_NE_CHI,CHI,00-0039918,41,-19.547725431549797,0.0,C.Williams
2024_10_NE_CHI,NE,00-0039851,29,-0.5095883280608691,1.0,D.Maye
2024_10_NYG_CAR,CAR,00-0039150,28,-0.5180827918606488,0.0,B.Young
2024_10_NYG_CAR,NYG,00-0035710,40,-9.55743573330117,2.0,D.Jones
2024_10_NYJ_ARI,ARI,00-0035228,25,17.980556081592596,0.0,K.Murray
2024_10_NYJ_ARI,NYJ,00-0023459,38,-10.893348057246827,0.0,A.Rodgers
2024_10_PHI_DAL,DAL,00-0033662,24,-16.95471364547289,0.0,C.Rush
2024_10_PHI_DAL,DAL,00-0037012,8,-5.342377725755796,1.0,T.Lance
2024_10_PHI_DAL,PHI,00-0036389,28,-1.140655172352865,1.0,J.Hurts
2024_10_PHI_DAL,PHI,00-0038102,2,-1.3199137070332654,0.0,K.Pickett
2024_10_PIT_WAS,PIT,00-0029263,32,8.528630463639274,1.0,R.Wilson
2024_10_PIT_WAS,PIT,00-0032399,1,-2.6777201897348277,0.0,M.Killebrew
2024_10_PIT_WAS,WAS,00-0039910,37,-9.261980554713908,0.0,J.Daniels
2024_10_SF_TB,SF,00-0037834,41,18.026028743081607,0.0,B.Purdy
2024_10_SF_TB,TB,00-0034855,32,-1.7507299893250168,0.0,B.Mayfield
2024_10_TEN_LAC,LAC,00-0036355,23,8.914992642874514,0.0,J.Herbert
2024_10_TEN_LAC,TEN,00-0039152,33,3.764989398723441,0.0,W.Levis
2024_11_ATL_DEN,ATL,00-0029604,29,-7.1186829800129985,1.0,K.Cousins
2024_11_ATL_DEN,ATL,00-0039917,5,1.8046338148415089,0.0,M.Penix
2024_11_ATL_DEN,DEN,00-0039732,35,22.557600141770138,0.0,B.Nix
2024_11_BAL_PIT,BAL,00-0034796,36,-2.438620983949903,1.0,L.Jackson
2024_11_BAL_PIT,PIT,00-0029263,41,-12.369098704779459,1.0,R.Wilson
2024_11_CIN_LAC,CIN,00-0036442,55,9.275767834345967,0.0,J.Burrow
2024_11_CIN_LAC,LAC,00-0036355,41,2.0753687653769903,0.0,J.Herbert
2024_11_CLE_NO,CLE,00-0031503,51,9.550086324549412,0.0,J.Winston
2024_11_CLE_NO,CLE,00-0038583,1,-0.47643924260046333,0.0,D.Thompson-Robinson
2024_11_CLE_NO,NO,00-0031280,28,12.270167347975075,0.0,D.Carr
2024_11_CLE_NO,NO,00-0033357,2,-1.900422933511436,1.0,T.Hill
2024_11_GB_CHI,CHI,00-0039918,40,8.026496270652936,0.0,C.Williams
2024_11_GB_CHI,GB,00-0036264,20,11.745914535742486,1.0,J.Love
2024_11_HOU_DAL,DAL,00-0029692,1,-2.709706327295862,0.0,B.Anger
2024_11_HOU_DAL,DAL,00-0033662,61,-14.4155546541227,1.0,C.Rush
2024_11_HOU_DAL,HOU,00-0039163,38,7.097506921494363,1.0,C.Stroud
2024_11_IND_NYJ,IND,00-0039164,33,8.690708180895307,0.0,A.Richardson
2024_11_IND_NYJ,NYJ,00-0023459,33,-0.8021017537120723,0.0,A.Rodgers
2024_11_JAX_DET,DET,00-0033106,32,34.16519123292528,0.0,J.Goff
2024_11_JAX_DET,DET,00-0038550,5,3.2035859023247797,0.0,H.Hooker
2024_11_JAX_DET,JAX,00-0036972,31,-12.873843083793924,1.0,M.Jones
2024_11_KC_BUF,BUF,00-0034857,45,10.16108554774677,1.0,J.Allen
2024_11_KC_BUF,KC,00-0033873,35,5.599778355506714,2.0,P.Mahomes
2024_11_LA_NE,LA,00-0026498,27,16.001792662762995,0.0,M.Stafford
2024_11_LA_NE,NE,00-0039851,45,12.916513583584274,1.0,D.Maye
2024_11_LV_MIA,LV,00-0035289,48,5.8982541311870325,1.0,G.Minshew II
2024_11_LV_MIA,MIA,00-0036212,37,24.538811024029197,0.0,T.Tagovailoa
2024_11_MIN_TEN,MIN,00-0034869,37,8.506464412492969,0.0,S.Darnold
2024_11_MIN_TEN,TEN,00-0039152,38,2.1136846414945816,1.0,W.Levis
2024_11_SEA_SF,SEA,00-0030565,38,4.196549787520374,1.0,G.Smith
2024_11_SEA_SF,SF,00-0037834,35,5.404262865512048,1.0,B.Purdy
2024_11_WAS_PHI,PHI,00-0036389,34,3.9986932852603054,0.0,J.Hurts
2024_11_WAS_PHI,WAS,00-0039910,40,0.858063412815798,1.0,J.Daniels
2024_12_ARI_SEA,ARI,00-0035228,43,-5.537531332157544,1.0,K.Murray
2024_12_ARI_SEA,SEA,00-0030565,37,1.751761324238032,1.0,G.Smith
2024_12_BAL_LAC,BAL,00-0034796,24,8.123395734776407,0.0,L.Jackson
2024_12_BAL_LAC,LAC,00-0036355,44,0.16076550487334873,0.0,J.Herbert
2024_12_DAL_WAS,DAL,00-0033662,34,8.335072927595368,0.0,C.Rush
2024_12_DAL_WAS,WAS,00-0039910,43,-3.5679040601076375,2.0,J.Daniels
2024_12_DEN_LV,DEN,00-0039732,44,8.53398564891233,0.0,B.Nix
2024_12_DEN_LV,LV,00-0035190,1,4.333918029908091,0.0,A.Cole
2024_12_DEN_LV,LV,00-0035289,45,-13.15270747562628,1.0,G.Minshew II
2024_12_DEN_LV,LV,00-0038122,13,-5.732965954695828,0.0,D.Ridder
2024_12_DET_IND,DET,00-0033106,40,8.497352150583271,0.0,J.Goff
2024_12_DET_IND,IND,00-0039164,30,-4.626923559956618,0.0,A.Richardson
2024_12_KC_CAR,CAR,00-0039150,40,7.337449169929647,0.0,B.Young
2024_12_KC_CAR,KC,00-0033873,47,13.190648946462517,0.0,P.Mahomes
2024_12_MIN_CHI,CHI,00-0034827,1,-0.44727218337357044,0.0,D.Moore
2024_12_MIN_CHI,CHI,00-0039918,56,7.831703356845618,0.0,C.Williams
2024_12_MIN_CHI,MIN,00-0033319,1,2.27550311293453,0.0,N.Mullens
2024_12_MIN_CHI,MIN,00-0034869,37,10.175371037454047,0.0,S.Darnold
2024_12_NE_MIA,MIA,00-0036212,42,13.061815574565571,0.0,T.Tagovailoa
2024_12_NE_MIA,NE,00-0033307,1,-1.3199654843192548,0.0,K.Bourne
2024_12_NE_MIA,NE,00-0039851,46,-9.965549720523878,1.0,D.Maye
2024_12_PHI_LA,LA,00-0026498,43,4.992408137008807,0.0,M.Stafford
2024_12_PHI_LA,PHI,00-0036389,26,9.94613456514848,0.0,J.Hurts
2024_12_PIT_CLE,CLE,00-0031503,31,3.011557989812223,1.0,J.Winston
2024_12_PIT_CLE,PIT,00-0029263,34,8.814346416845515,0.0,R.Wilson
2024_12_PIT_CLE,PIT,00-0036945,1,-1.1198502680053934,0.0,J.Fields
2024_12_SF_GB,GB,00-0036264,25,6.631264539280345,0.0,J.Love
2024_12_SF_GB,SF,00-0032434,32,-11.657842659600238,1.0,B.Allen
2024_12_TB_NYG,NYG,00-0035704,1,-0.2705114798154682,0.0,D.Lock
2024_12_TB_NYG,NYG,00-0038476,39,-4.377540552261053,0.0,T.DeVito
2024_12_TB_NYG,TB,00-0034855,32,21.994609036046313,0.0,B.Mayfield
2024_12_TEN_HOU,HOU,00-0039163,40,-5.084007856497376,2.0,C.Stroud
2024_12_TEN_HOU,TEN,00-0033009,1,-0.43441603682003915,0.0,T.Boyd
2024_12_TEN_HOU,TEN,00-0039152,34,0.16501033888853023,1.0,W.Levis
2024_13_ARI_MIN,ARI,00-0035228,50,2.7903082031396753,2.0,K.Murray
2024_13_ARI_MIN,MIN,00-0034869,39,2.5171368332610555,0.0,S.Darnold
2024_13_CHI_DET,CHI,00-0039918,48,0.5696738998086657,0.0,C.Williams
2024_13_CHI_DET,DET,00-0033106,35,7.128169895617159,0.0,J.Goff
2024_13_CHI_DET,DET,00-0036880,1,-0.9758530937833712,0.0,P.Sewell
2024_13_CLE_DEN,CLE,00-0031503,63,-2.459867037645761,3.0,J.Winston
2024_13_CLE_DEN,DEN,00-0039732,36,3.391589501863739,2.0,B.Nix
2024_13_HOU_JAX,HOU,00-0039163,38,2.480609728730191,0.0,C.Stroud
2024_13_HOU_JAX,JAX,00-0036971,11,-4.489908357791137,1.0,T.Lawrence
2024_13_HOU_JAX,JAX,00-0036972,36,13.024653960851433,0.0,M.Jones
2024_13_IND_NE,IND,00-0039164,25,-0.7224325476857612,2.0,A.Richardson
2024_13_IND_NE,NE,00-0039851,40,11.541733468590312,1.0,D.Maye
2024_13_LAC_ATL,ATL,00-0029604,40,-11.633553486629031,4.0,K.Cousins
2024_13_LAC_ATL,LAC,00-0034162,1,-2.7066063629463315,0.0,J.Scott
2024_13_LAC_ATL,LAC,00-0036355,29,-5.198224682945748,0.0,J.Herbert
2024_13_LA_NO,LA,00-0026498,26,0.2989891153993085,0.0,M.Stafford
2024_13_LA_NO,NO,00-0031280,40,-0.8140214043485008,0.0,D.Carr
2024_13_LV_KC,KC,00-0033873,51,1.1501895265308515,0.0,P.Mahomes
2024_13_LV_KC,LV,00-0038579,37,9.266488849591182,0.0,A.O'Connell
2024_13_MIA_GB,GB,00-0036264,28,12.667359238268414,0.0,J.Love
2024_13_MIA_GB,MIA,00-0036212,54,12.13281983699828,0.0,T.Tagovailoa
2024_13_NYG_DAL,DAL,00-0033662,37,-2.784885696021797,0.0,C.Rush
2024_13_NYG_DAL,NYG,00-0035704,41,-13.267870779878972,1.0,D.Lock
2024_13_PHI_BAL,BAL,00-0034796,44,3.5392839334076838,0.0,L.Jackson
2024_13_PHI_BAL,PHI,00-0036389,21,-1.5673560519353487,0.0,J.Hurts
2024_13_PIT_CIN,CIN,00-0036442,44,-1.3623799771503187,1.0,J.Burrow
2024_13_PIT_CIN,PIT,00-0029263,41,15.454535280966313,1.0,R.Wilson
2024_13_SEA_NYJ,NYJ,00-0023459,42,-12.94150730385445,1.0,A.Rodgers
2024_13_SEA_NYJ,SEA,00-0030565,35,-1.0684919843799339,0.0,G.Smith
2024_13_SF_BUF,BUF,00-0033869,1,-0.1403975976863876,0.0,M.Trubisky
2024_13_SF_BUF,BUF,00-0034857,18,9.677610536193242,0.0,J.Allen
2024_13_SF_BUF,SF,00-0037834,21,-7.565747284609505,0.0,B.Purdy
2024_13_TB_CAR,CAR,00-0039150,50,6.649419741427835,0.0,B.Young
2024_13_TB_CAR,TB,00-0034855,38,-8.06796834561776,2.0,B.Mayfield
2024_13_TB_CAR,TB,00-0036928,1,0.29781093914061785,0.0,K.Trask
2024_13_TEN_WAS,TEN,00-0039152,40,1.923217071071249,0.0,W.Levis
2024_13_TEN_WAS,WAS,00-0039910,38,10.907450164750568,1.0,J.Daniels
2024_14_ATL_MIN,ATL,00-0029604,38,0.7157764172624468,2.0,K.Cousins
2024_14_ATL_MIN,MIN,00-0034869,34,22.168100963452268,0.0,S.Darnold
2024_14_BUF_LA,BUF,00-0034857,41,23.84012249886291,0.0,J.Allen
2024_14_BUF_LA,LA,00-0026498,30,24.564090923832897,0.0,M.Stafford
2024_14_CAR_PHI,CAR,00-0039150,41,4.682103767932858,1.0,B.Young
2024_14_CAR_PHI,PHI,00-0036389,28,1.7717196843186445,0.0,J.Hurts
2024_14_CHI_SF,CHI,00-0038416,1,0.39104867563582957,0.0,T.Bagent
2024_14_CHI_SF,CHI,00-0039918,33,-6.026708524164744,0.0,C.Williams
2024_14_CHI_SF,SF,00-0032434,1,-1.686612502206117,1.0,B.Allen
2024_14_CHI_SF,SF,00-0037834,27,22.115260424828694,0.0,B.Purdy
2024_14_CIN_DAL,CIN,00-0036442,46,10.575287454100463,1.0,J.Burrow
2024_14_CIN_DAL,DAL,00-0033662,35,-6.217120389762123,1.0,C.Rush
2024_14_CLE_PIT,CLE,00-0031503,45,-9.799905751475666,2.0,J.Winston
2024_14_CLE_PIT,PIT,00-0029263,29,-0.04798301207268407,0.0,R.Wilson
2024_14_GB_DET,DET,00-0033106,43,12.557637840075813,1.0,J.Goff
2024_14_GB_DET,GB,00-0036264,24,8.458261809694033,0.0,J.Love
2024_14_JAX_TEN,JAX,00-0036972,34,3.9412936667167235,2.0,M.Jones
2024_14_JAX_TEN,TEN,00-0039152,34,-10.757726167576154,0.0,W.Levis
2024_14_LAC_KC,KC,00-0033873,42,2.6194325914151317,0.0,P.Mahomes
2024_14_LAC_KC,LAC,00-0031800,1,-0.16525774961337447,0.0,T.Heinicke
2024_14_LAC_KC,LAC,00-0036355,35,6.602139464288484,0.0,J.Herbert
2024_14_LV_TB,LV,00-0038122,20,0.5864225722199294,0.0,D.Ridder
2024_14_LV_TB,LV,00-0038579,21,-7.046927129452459,1.0,A.O'Connell
2024_14_LV_TB,TB,00-0034855,35,5.013026345404796,2.0,B.Mayfield
2024_14_NO_NYG,NO,00-0031280,33,3.8891915154462926,1.0,D.Carr
2024_14_NO_NYG,NO,00-0038998,1,-1.3392184140975587,0.0,J.Haener
2024_14_NO_NYG,NYG,00-0035704,56,-5.094819720985571,1.0,D.Lock
2024_14_NYJ_MIA,MIA,00-0036212,48,20.822273113849004,0.0,T.Tagovailoa
2024_14_NYJ_MIA,NYJ,00-0023459,42,14.799697282132872,0.0,A.Rodgers
2024_14_SEA_ARI,ARI,00-0035228,42,-4.217853770089522,2.0,K.Murray
2024_14_SEA_ARI,SEA,00-0030565,30,7.1610925634604925,0.0,G.Smith
2024_15_ATL_LV,ATL,00-0029604,21,-7.991727587267353,1.0,K.Cousins
2024_15_ATL_LV,LV,00-0034960,1,-1.5676263889763504,0.0,J.Meyers
2024_15_ATL_LV,LV,00-0038122,44,-5.281785506730648,2.0,D.Ridder
2024_15_BAL_NYG,BAL,00-0026300,1,-1.179331989493221,0.0,J.Johnson
2024_15_BAL_NYG,BAL,00-0034796,28,25.81295135372784,0.0,L.Jackson
2024_15_BAL_NYG,NYG,00-0034177,25,-7.389704616158269,1.0,T.Boyle
2024_15_BAL_NYG,NYG,00-0038476,15,-1.7279889796045609,0.0,T.DeVito
2024_15_BUF_DET,BUF,00-0034857,37,22.174753730468083,0.0,J.Allen
2024_15_BUF_DET,DET,00-0033106,62,29.990093352120894,0.0,J.Goff
2024_15_CHI_MIN,CHI,00-0038416,1,-0.072181174706202,0.0,T.Bagent
2024_15_CHI_MIN,CHI,00-0039918,36,-6.923086893968903,0.0,C.Williams
2024_15_CHI_MIN,MIN,00-0034869,42,2.8864500130642363,1.0,S.Darnold
2024_15_CIN_TEN,CIN,00-0036442,37,7.844402702168566,2.0,J.Burrow
2024_15_CIN_TEN,TEN,00-0034771,26,10.237170104228426,1.0,M.Rudolph
2024_15_CIN_TEN,TEN,00-0039152,13,-12.299817095045,3.0,W.Levis
2024_15_DAL_CAR,CAR,00-0039150,37,-13.718944734486286,2.0,B.Young
2024_15_DAL_CAR,DAL,00-0033662,29,11.28281988816182,0.0,C.Rush
2024_15_GB_SEA,GB,00-0036264,28,11.195128983908178,0.0,J.Love
2024_15_GB_SEA,SEA,00-0030565,23,-3.925914133279486,1.0,G.Smith
2024_15_GB_SEA,SEA,00-0037077,19,-16.28041466396543,1.0,S.Howell
2024_15_IND_DEN,DEN,00-0039732,37,-13.007010969146542,3.0,B.Nix
2024_15_IND_DEN,IND,00-0039164,43,-16.197295535596698,2.0,A.Richardson
2024_15_KC_CLE,CLE,00-0031503,30,-20.197631082264706,3.0,J.Winston
2024_15_KC_CLE,CLE,00-0038583,11,-6.616205618251115,1.0,D.Thompson-Robinson
2024_15_KC_CLE,KC,00-0032950,3,1.7795939878560603,0.0,C.Wentz
2024_15_KC_CLE,KC,00-0033873,39,-2.657523635367397,0.0,P.Mahomes
2024_15_LA_SF,LA,00-0026498,28,-3.8268933391467645,0.0,M.Stafford
2024_15_LA_SF,SF,00-0037834,34,-10.566544854500965,1.0,B.Purdy
2024_15_MIA_HOU,HOU,00-0039163,32,-6.6141687970653695,0.0,C.Stroud
2024_15_MIA_HOU,MIA,00-0036212,43,-8.854686274098757,3.0,T.Tagovailoa
2024_15_NE_ARI,ARI,00-0035228,34,9.038778419890276,0.0,K.Murray
2024_15_NE_ARI,ARI,00-0038582,2,-1.1280186781659722,0.0,C.Tune
2024_15_NE_ARI,NE,00-0039851,28,4.836101819384726,1.0,D.Maye
2024_15_NYJ_JAX,JAX,00-0036972,52,7.4328039220703825,2.0,M.Jones
2024_15_NYJ_JAX,NYJ,00-0023459,37,18.953783093387063,0.0,A.Rodgers
2024_15_PIT_PHI,PHI,00-0036389,38,16.650234668266926,0.0,J.Hurts
2024_15_PIT_PHI,PIT,00-0029263,26,-4.643337562084152,0.0,R.Wilson
2024_15_TB_LAC,LAC,00-0031800,1,-0.28928324638400227,0.0,T.Heinicke
2024_15_TB_LAC,LAC,00-0036355,36,-11.176209496916272,1.0,J.Herbert
2024_15_TB_LAC,TB,00-0034855,30,18.638794948892304,1.0,B.Mayfield
2024_15_WAS_NO,NO,00-0034418,1,2.034913587849587,0.0,C.Wilson
2024_15_WAS_NO,NO,00-0038998,14,-10.448692445294,1.0,J.Haener
2024_15_WAS_NO,NO,00-0039376,21,6.301402731084571,0.0,S.Rattler
2024_15_WAS_NO,WAS,00-0039910,45,7.092333264602923,0.0,J.Daniels
2024_16_ARI_CAR,ARI,00-0035228,41,5.418015005073873,1.0,K.Murray
2024_16_ARI_CAR,CAR,00-0039150,33,7.132994246684044,0.0,B.Young
2024_16_CLE_CIN,CIN,00-0036442,36,4.378532532848368,0.0,J.Burrow
2024_16_CLE_CIN,CLE,00-0038583,42,-15.426856784557458,2.0,D.Thompson-Robinson
2024_16_DEN_LAC,DEN,00-0039732,44,10.243155478250337,0.0,B.Nix
2024_16_DEN_LAC,LAC,00-0036355,38,17.53186369819753,1.0,J.Herbert
2024_16_DET_CHI,CHI,00-0039918,46,17.931284318679857,0.0,C.Williams
2024_16_DET_CHI,DET,00-0033106,33,15.490683310386071,0.0,J.Goff
2024_16_HOU_KC,HOU,00-0039163,43,6.308226629691763,2.0,C.Stroud
2024_16_HOU_KC,KC,00-0033873,45,13.271548615491133,0.0,P.Mahomes
2024_16_JAX_LV,JAX,00-0036972,40,-5.377738477138337,0.0,M.Jones
2024_16_JAX_LV,LV,00-0038579,42,1.0377257575091505,0.0,A.O'Connell
2024_16_LA_NYJ,LA,00-0026498,19,3.1867796305471403,1.0,M.Stafford
2024_16_LA_NYJ,NYJ,00-0023459,44,2.4968393507629125,0.0,A.Rodgers
2024_16_MIN_SEA,MIN,00-0034869,40,9.219164424775899,0.0,S.Darnold
2024_16_MIN_SEA,SEA,00-0030565,46,0.8552535293315906,2.0,G.Smith
2024_16_NE_BUF,BUF,00-0034857,34,2.4216150034867754,1.0,J.Allen
2024_16_NE_BUF,NE,00-0039851,40,6.120075289509259,1.0,D.Maye
2024_16_NO_GB,GB,00-0036264,28,3.255589010599448,0.0,J.Love
2024_16_NO_GB,GB,00-0038128,2,2.8354712769796606,0.0,M.Willis
2024_16_NO_GB,NO,00-0039376,38,-15.681547243788373,1.0,S.Rattler
2024_16_NYG_ATL,ATL,00-0039917,29,5.097738577060769,1.0,M.Penix
2024_16_NYG_ATL,NYG,00-0035704,42,-21.454953689244576,2.0,D.Lock
2024_16_PHI_WAS,PHI,00-0034844,1,-1.659953220529728,0.0,S.Barkley
2024_16_PHI_WAS,PHI,00-0036389,6,1.3395949711557478,0.0,J.Hurts
2024_16_PHI_WAS,PHI,00-0038102,30,-0.9725139605495474,1.0,K.Pickett
2024_16_PHI_WAS,WAS,00-0039910,45,11.65474740380887,2.0,J.Daniels
2024_16_PIT_BAL,BAL,00-0034796,25,8.446996335847684,1.0,L.Jackson
2024_16_PIT_BAL,PIT,00-0029263,37,-10.29843993135728,1.0,R.Wilson
2024_16_SF_MIA,MIA,00-0036212,34,5.652358010653883,0.0,T.Tagovailoa
2024_16_SF_MIA,SF,00-0037834,44,6.485734877581628,1.0,B.Purdy
2024_16_TB_DAL,DAL,00-0033662,36,9.25454558860563,0.0,C.Rush
2024_16_TB_DAL,TB,00-0034855,50,5.315327819195893,1.0,B.Mayfield
2024_16_TEN_IND,IND,00-0039164,14,1.3937269799652978,1.0,A.Richardson
2024_16_TEN_IND,TEN,00-0034771,37,3.3273185250637782,3.0,M.Rudolph
2024_17_ARI_LA,ARI,00-0035228,54,2.652350260420806,2.0,K.Murray
2024_17_ARI_LA,LA,00-0026498,33,1.0482047627541269,0.0,M.Stafford
2024_17_ATL_WAS,ATL,00-0039917,38,-0.9559846801055265,1.0,M.Penix
2024_17_ATL_WAS,WAS,00-0039910,48,10.907678106184155,1.0,J.Daniels
2024_17_BAL_HOU,BAL,00-0026300,2,0.7752526643453166,0.0,J.Johnson
2024_17_BAL_HOU,BAL,00-0034796,18,11.702285610849044,0.0,L.Jackson
2024_17_BAL_HOU,HOU,00-0036898,1,0.579170580022037,0.0,D.Mills
2024_17_BAL_HOU,HOU,00-0039163,37,-18.706782320688944,1.0,C.Stroud
2024_17_CAR_TB,CAR,00-0039150,35,-1.4123549795028567,0.0,B.Young
2024_17_CAR_TB,TB,00-0034855,35,24.453449416859357,0.0,B.Mayfield
2024_17_DAL_PHI,DAL,00-0033662,29,-8.82291461349399,2.0,C.Rush
2024_17_DAL_PHI,DAL,00-0037012,2,-0.8503534164046869,0.0,T.Lance
2024_17_DAL_PHI,PHI,00-0038102,15,7.0406187815275905,0.0,K.Pickett
2024_17_DAL_PHI,PHI,00-0038400,4,7.160986814531498,0.0,T.McKee
2024_17_DEN_CIN,CIN,00-0036442,58,21.961454110527566,0.0,J.Burrow
2024_17_DEN_CIN,DEN,00-0039732,39,9.579797714731217,1.0,B.Nix
2024_17_DET_SF,DET,00-0033106,37,21.921108355249476,0.0,J.Goff
2024_17_DET_SF,SF,00-0033949,5,5.121354122704361,0.0,J.Dobbs
2024_17_DET_SF,SF,00-0037834,37,15.88911497988486,2.0,B.Purdy
2024_17_DET_SF,SF,00-0039916,1,-0.5309751115273684,0.0,R.Pearsall
2024_17_GB_MIN,GB,00-0036264,35,1.0461755090122824,0.0,J.Love
2024_17_GB_MIN,MIN,00-0034869,44,12.191306583659035,1.0,S.Darnold
2024_17_IND_NYG,IND,00-0026158,41,7.237719444592963,2.0,J.Flacco
2024_17_IND_NYG,NYG,00-0035704,24,30.386532731034094,0.0,D.Lock
2024_17_KC_PIT,KC,00-0033873,40,20.351352764320946,0.0,P.Mahomes
2024_17_KC_PIT,PIT,00-0029263,48,-7.569364865630632,1.0,R.Wilson
2024_17_LAC_NE,LAC,00-0031800,3,-1.4447432901361026,0.0,T.Heinicke
2024_17_LAC_NE,LAC,00-0036355,40,21.77300599342151,0.0,J.Herbert
2024_17_LAC_NE,NE,00-0033119,2,-2.181070867809467,0.0,J.Brissett
2024_17_LAC_NE,NE,00-0039851,31,-13.086172491370235,0.0,D.Maye
2024_17_LV_NO,LV,00-0038579,36,9.655957560468881,0.0,A.O'Connell
2024_17_LV_NO,NO,00-0034418,1,-0.8836968974792399,0.0,C.Wilson
2024_17_LV_NO,NO,00-0039376,41,-11.924737266073018,2.0,S.Rattler
2024_17_MIA_CLE,CLE,00-0038583,49,-25.77002397569595,1.0,D.Thompson-Robinson
2024_17_MIA_CLE,MIA,00-0035993,34,9.690747080837443,0.0,T.Huntley
2024_17_NYJ_BUF,BUF,00-0033869,1,7.094042852520943,0.0,M.Trubisky
2024_17_NYJ_BUF,BUF,00-0034857,28,10.854363638524259,0.0,J.Allen
2024_17_NYJ_BUF,NYJ,00-0023459,22,-15.625547985662706,2.0,A.Rodgers
2024_17_NYJ_BUF,NYJ,00-0028118,17,8.98262002228899,0.0,T.Taylor
2024_17_SEA_CHI,CHI,00-0039918,38,-9.384471990209997,1.0,C.Williams
2024_17_SEA_CHI,SEA,00-0030565,28,-2.0667880145953657,0.0,G.Smith
2024_17_TEN_JAX,JAX,00-0036972,26,9.71148178828499,0.0,M.Jones
2024_17_TEN_JAX,TEN,00-0034771,38,0.7236856418552948,1.0,M.Rudolph
2024_18_BUF_NE,BUF,00-0033869,22,4.731939191676932,0.0,M.Trubisky
2024_18_BUF_NE,BUF,00-0034401,11,-7.152866298856679,0.0,M.White
2024_18_BUF_NE,NE,00-0039398,31,13.345608347172167,0.0,J.Milton
2024_18_BUF_NE,NE,00-0039851,2,-2.7135364850983024,0.0,D.Maye
2024_18_CAR_ATL,ATL,00-0039917,40,8.086933400103852,1.0,M.Penix
2024_18_CAR_ATL,CAR,00-0039150,38,22.99090974161285,0.0,B.Young
2024_18_CAR_ATL,CAR,00-0039491,1,1.3107093420112506,0.0,J.Coker
2024_18_CHI_GB,CHI,00-0030279,1,-5.911163269076496,1.0,K.Allen
2024_18_CHI_GB,CHI,00-0039918,31,2.6685736351064406,0.0,C.Williams
2024_18_CHI_GB,GB,00-0036264,12,-2.7985995693234664,0.0,J.Love
2024_18_CHI_GB,GB,00-0038128,17,-2.7617367076681907,0.0,M.Willis
2024_18_CIN_PIT,CIN,00-0036442,50,-1.42624499736261,1.0,J.Burrow
2024_18_CIN_PIT,PIT,00-0029263,37,-4.589885178918594,0.0,R.Wilson
2024_18_CLE_BAL,BAL,00-0034796,37,5.523491187632317,0.0,L.Jackson
2024_18_CLE_BAL,CLE,00-0038108,33,-17.13865660532574,2.0,B.Zappe
2024_18_CLE_BAL,CLE,00-0038583,4,-0.8675994474906474,0.0,D.Thompson-Robinson
2024_18_HOU_TEN,HOU,00-0036898,24,-2.6974104958353564,0.0,D.Mills
2024_18_HOU_TEN,HOU,00-0039163,6,5.277879639528692,0.0,C.Stroud
2024_18_HOU_TEN,TEN,00-0034771,11,2.7296515194447943,0.0,M.Rudolph
2024_18_HOU_TEN,TEN,00-0039152,20,4.032781768168323,0.0,W.Levis
2024_18_JAX_IND,IND,00-0026158,43,-3.6950000316639087,0.0,J.Flacco
2024_18_JAX_IND,JAX,00-0036972,36,3.6176854593789463,1.0,M.Jones
2024_18_KC_DEN,DEN,00-0039732,33,26.94741381407212,0.0,B.Nix
2024_18_KC_DEN,KC,00-0032950,21,-8.78485758761084,0.0,C.Wentz
2024_18_KC_DEN,KC,00-0037324,2,-1.9449417039286345,0.0,C.Oladokun
2024_18_LAC_LV,LAC,00-0036355,38,21.519717616538717,0.0,J.Herbert
2024_18_LAC_LV,LV,00-0038122,2,0.29725855961441994,0.0,D.Ridder
2024_18_LAC_LV,LV,00-0038579,35,-3.112890220704341,1.0,A.O'Connell
2024_18_MIA_NYJ,MIA,00-0035993,48,-5.18410604986825,2.0,T.Huntley
2024_18_MIA_NYJ,NYJ,00-0023459,39,2.028019384821289,1.0,A.Rodgers
2024_18_MIA_NYJ,NYJ,00-0034521,1,-1.0107955927378498,0.0,A.Lazard
2024_18_MIN_DET,DET,00-0033106,35,1.5881570649833985,2.0,J.Goff
2024_18_MIN_DET,MIN,00-0034869,45,-23.990823464568805,0.0,S.Darnold
2024_18_NO_TB,NO,00-0039376,45,1.039861904608359,0.0,S.Rattler
2024_18_NO_TB,TB,00-0034855,40,15.575427584098154,1.0,B.Mayfield
2024_18_NYG_PHI,NYG,00-0035704,29,-8.675329102245367,1.0,D.Lock
2024_18_NYG_PHI,PHI,00-0038400,43,7.516726461768228,0.0,T.McKee
2024_18_SEA_LA,LA,00-0031345,46,2.0553472968526227,1.0,J.Garoppolo
2024_18_SEA_LA,SEA,00-0030565,30,9.838861239118344,0.0,G.Smith
2024_18_SF_ARI,ARI,00-0035228,36,9.039405845128824,0.0,K.Murray
2024_18_SF_ARI,SF,00-0033949,46,2.17098291123782,2.0,J.Dobbs
2024_18_WAS_DAL,DAL,00-0037012,37,-1.193670400792545,0.0,T.Lance
2024_18_WAS_DAL,WAS,00-0032268,22,9.644194786073175,0.0,M.Mariota
2024_18_WAS_DAL,WAS,00-0036626,1,-0.42986037069931626,0.0,D.Brown
2024_18_WAS_DAL,WAS,00-0039910,17,-9.238717493614953,0.0,J.Daniels
2025_01_ARI_NO,ARI,00-0035228,37,3.101346372983451,0.0,K.Murray
2025_01_ARI_NO,NO,00-0039376,47,-1.4459974402496565,0.0,S.Rattler
2025_01_BAL_BUF,BAL,00-0034796,22,11.36101794756188,0.0,L.Jackson
2025_01_BAL_BUF,BUF,00-0034857,54,17.384068385633867,0.0,J.Allen
2025_01_CAR_JAX,CAR,00-0039150,40,-13.52522909218749,2.0,B.Young
2025_01_CAR_JAX,JAX,00-0036971,32,3.1268596508818822,1.0,T.Lawrence
2025_01_CIN_CLE,CIN,00-0036442,28,-1.9762782721926548,0.0,J.Burrow
2025_01_CIN_CLE,CLE,00-0026158,48,-2.125391696409755,2.0,J.Flacco
2025_01_DAL_PHI,DAL,00-0033077,34,0.9128109316702036,0.0,D.Prescott
2025_01_DAL_PHI,PHI,00-0036389,33,8.23464569129034,0.0,J.Hurts
2025_01_DET_GB,DET,00-0033106,43,1.3743778578947285,1.0,J.Goff
2025_01_DET_GB,GB,00-0036264,23,9.923032086188558,0.0,J.Love
2025_01_HOU_LA,HOU,00-0039163,34,-0.13892748144558986,1.0,C.Stroud
2025_01_HOU_LA,LA,00-0026498,32,6.090108856966253,0.0,M.Stafford
2025_01_KC_LAC,KC,00-0033873,47,10.788847953029746,0.0,P.Mahomes
2025_01_KC_LAC,LAC,00-0036355,41,18.96400284607916,0.0,J.Herbert
2025_01_LV_NE,LV,00-0030565,38,14.366887216966735,1.0,G.Smith
2025_01_LV_NE,NE,00-0039851,53,-1.0480203236993382,1.0,D.Maye
2025_01_MIA_IND,IND,00-0035710,33,12.997105216868858,0.0,D.Jones
2025_01_MIA_IND,MIA,00-0036212,28,-13.936289625955279,2.0,T.Tagovailoa
2025_01_MIA_IND,MIA,00-0037013,9,-2.0084947147406638,0.0,Z.Wilson
2025_01_MIN_CHI,CHI,00-0039918,43,-0.35397362003491817,0.0,C.Williams
2025_01_MIN_CHI,MIN,00-0039923,26,-9.160464187782216,1.0,J.McCarthy
2025_01_NYG_WAS,NYG,00-0029263,45,-11.807217703054153,0.0,R.Wilson
2025_01_NYG_WAS,WAS,00-0039910,37,5.406361616624054,0.0,J.Daniels
2025_01_PIT_NYJ,NYJ,00-0036945,26,10.39455462353374,0.0,J.Fields
2025_01_PIT_NYJ,PIT,00-0023459,34,10.20475524963341,0.0,A.Rodgers
2025_01_SF_SEA,SEA,00-0034869,24,-6.476068521788585,0.0,S.Darnold
2025_01_SF_SEA,SF,00-0037834,39,14.37069850539627,2.0,B.Purdy
2025_01_TB_ATL,ATL,00-0039917,47,16.83484069761123,0.0,M.Penix
2025_01_TB_ATL,TB,00-0034855,37,10.320771984060235,0.0,B.Mayfield
2025_01_TEN_DEN,DEN,00-0039732,43,-7.989584169126969,2.0,B.Nix
2025_01_TEN_DEN,TEN,00-0040676,34,-13.389458418787804,0.0,C.Ward
2025_02_ATL_MIN,ATL,00-0039917,24,-3.2441715903873147,0.0,M.Penix
2025_02_ATL_MIN,MIN,00-0039923,30,-18.185399291847837,2.0,J.McCarthy
2025_02_BUF_NYJ,BUF,00-0033869,2,2.519746646983549,0.0,M.Trubisky
2025_02_BUF_NYJ,BUF,00-0034857,29,3.6673267649921493,0.0,J.Allen
2025_02_BUF_NYJ,NYJ,00-0028118,16,4.7825995432795025,0.0,T.Taylor
2025_02_BUF_NYJ,NYJ,00-0036945,15,-13.659388969885185,0.0,J.Fields
2025_02_CAR_ARI,ARI,00-0035228,29,7.17238205497495,1.0,K.Murray
2025_02_CAR_ARI,CAR,00-0039150,59,2.811723118525711,1.0,B.Young
2025_02_CHI_DET,CHI,00-0038416,4,1.2100830300478265,0.0,T.Bagent
2025_02_CHI_DET,CHI,00-0039918,36,-0.750841564295115,1.0,C.Williams
2025_02_CHI_DET,DET,00-0033106,29,23.58009761982354,0.0,J.Goff
2025_02_CLE_BAL,BAL,00-0034796,33,10.723563651438877,0.0,L.Jackson
2025_02_CLE_BAL,CLE,00-0026158,48,-25.395433101616963,1.0,J.Flacco
2025_02_CLE_BAL,CLE,00-0040704,3,3.4221809962182306,0.0,D.Gabriel
2025_02_DEN_IND,DEN,00-0039732,32,10.453266706687034,1.0,B.Nix
2025_02_DEN_IND,IND,00-0035710,38,11.3936396200371,0.0,D.Jones
2025_02_JAX_CIN,CIN,00-0035100,33,-2.0213017329473897,3.0,J.Browning
2025_02_JAX_CIN,CIN,00-0036442,15,0.19308384478790686,0.0,J.Burrow
2025_02_JAX_CIN,JAX,00-0036971,44,3.978473673935593,2.0,T.Lawrence
2025_02_LAC_LV,LAC,00-0036355,32,12.951635493878323,0.0,J.Herbert
2025_02_LAC_LV,LV,00-0030565,48,-22.091345712437608,3.0,G.Smith
2025_02_LA_TEN,LA,00-0026498,34,9.779970589626963,1.0,M.Stafford
2025_02_LA_TEN,TEN,00-0040676,41,-7.2091363414423775,0.0,C.Ward
2025_02_NE_MIA,MIA,00-0036212,37,9.932129502697004,1.0,T.Tagovailoa
2025_02_NE_MIA,NE,00-0039851,30,18.7191269982018,0.0,D.Maye
2025_02_NYG_DAL,DAL,00-0033077,57,9.626125356169588,1.0,D.Prescott
2025_02_NYG_DAL,NYG,00-0029263,45,17.808858679318423,1.0,R.Wilson
2025_02_PHI_KC,KC,00-0033873,38,-0.7446085326203482,1.0,P.Mahomes
2025_02_PHI_KC,PHI,00-0036389,25,-4.432460129192254,0.0,J.Hurts
2025_02_SEA_PIT,PIT,00-0023459,37,-7.274635158859677,2.0,A.Rodgers
2025_02_SEA_PIT,PIT,00-0034771,2,-0.11230717808939517,0.0,M.Rudolph
2025_02_SEA_PIT,SEA,00-0034869,35,2.854062096416647,2.0,S.Darnold
2025_02_SF_NO,NO,00-0039376,40,1.4150443826460837,0.0,S.Rattler
2025_02_SF_NO,SF,00-0036972,42,4.325775442665913,0.0,M.Jones
2025_02_TB_HOU,HOU,00-0039163,31,-2.5925575133462484,0.0,C.Stroud
2025_02_TB_HOU,TB,00-0034855,46,4.64974828024599,0.0,B.Mayfield
2025_02_WAS_GB,GB,00-0036264,34,8.901379346615103,0.0,J.Love
2025_02_WAS_GB,WAS,00-0039910,52,-9.700759369949589,0.0,J.Daniels
2025_03_ARI_SF,ARI,00-0035228,40,2.2709838308960517,0.0,K.Murray
2025_03_ARI_SF,SF,00-0036972,41,1.5868631020047914,1.0,M.Jones
2025_03_ATL_CAR,ATL,00-0029604,7,-3.043475183425471,0.0,K.Cousins
2025_03_ATL_CAR,ATL,00-0039917,38,-19.491890378331973,2.0,M.Penix
2025_03_ATL_CAR,CAR,00-0039150,27,-0.8658835702279459,0.0,B.Young
2025_03_CIN_MIN,CIN,00-0034955,1,-1.2378779940772802,0.0,B.Rypien
2025_03_CIN_MIN,CIN,00-0035100,30,-18.071667482451062,2.0,J.Browning
2025_03_CIN_MIN,MIN,00-0032950,25,7.357261211040587,0.0,C.Wentz
2025_03_CIN_MIN,MIN,00-0040494,4,-3.8229817109531723,0.0,M.Brosmer
2025_03_DAL_CHI,CHI,00-0039918,29,17.475186433974905,0.0,C.Williams
2025_03_DAL_CHI,DAL,00-0033077,43,-1.8964848527670277,2.0,D.Prescott
2025_03_DAL_CHI,DAL,00-0039398,5,-0.7261007607448846,1.0,J.Milton
2025_03_DEN_LAC,DEN,00-0039732,32,-1.5064427436359442,0.0,B.Nix
2025_03_DEN_LAC,LAC,00-0036355,53,-2.2608171508145705,1.0,J.Herbert
2025_03_DET_BAL,BAL,00-0032764,1,-0.4591185906319879,0.0,D.Henry
2025_03_DET_BAL,BAL,00-0034796,38,10.592839996483942,0.0,L.Jackson
2025_03_DET_BAL,DET,00-0033106,29,14.36101632550205,0.0,J.Goff
2025_03_GB_CLE,CLE,00-0026158,37,-9.174602669589179,1.0,J.Flacco
2025_03_GB_CLE,GB,00-0036264,31,-0.977771736575626,1.0,J.Love
2025_03_HOU_JAX,HOU,00-0039163,42,-3.4221714740719573,2.0,C.Stroud
2025_03_HOU_JAX,JAX,00-0036971,43,-7.923433820164876,1.0,T.Lawrence
2025_03_IND_TEN,IND,00-0035710,27,12.852581044210119,0.0,D.Jones
2025_03_IND_TEN,TEN,00-0040676,45,-11.322344340272075,1.0,C.Ward
2025_03_KC_NYG,KC,00-0033873,41,7.90285535904985,0.0,P.Mahomes
2025_03_KC_NYG,NYG,00-0029263,37,-15.480154027580284,2.0,R.Wilson
2025_03_KC_NYG,NYG,00-0040691,1,-0.3242715129163116,0.0,J.Dart
2025_03_LA_PHI,LA,00-0026498,34,-2.4790925060067264,1.0,M.Stafford
2025_03_LA_PHI,PHI,00-0036389,38,-1.6480339871631005,0.0,J.Hurts
2025_03_LV_WAS,LV,00-0030565,35,12.24070766654052,0.0,G.Smith
2025_03_LV_WAS,WAS,00-0032268,22,12.562973148216619,0.0,M.Mariota
2025_03_MIA_BUF,BUF,00-0034857,32,12.098374240221508,0.0,J.Allen
2025_03_MIA_BUF,MIA,00-0036212,35,1.6913947896682657,1.0,T.Tagovailoa
2025_03_NO_SEA,NO,00-0039376,43,1.4439410857201396,1.0,S.Rattler
2025_03_NO_SEA,NO,00-0040743,2,-1.774221153347753,0.0,T.Shough
2025_03_NO_SEA,SEA,00-0034869,18,16.96673510819116,0.0,S.Darnold
2025_03_NO_SEA,SEA,00-0035704,3,-0.8927228087559342,0.0,D.Lock
2025_03_NYJ_TB,NYJ,00-0028118,46,-5.587948237242659,1.0,T.Taylor
2025_03_NYJ_TB,TB,00-0034855,33,13.709515898006256,0.0,B.Mayfield
2025_03_PIT_NE,NE,00-0039851,47,5.087617222539848,1.0,D.Maye
2025_03_PIT_NE,PIT,00-0023459,24,-0.1686722568119876,1.0,A.Rodgers
2025_04_BAL_KC,BAL,00-0033662,13,-5.848786475718953,0.0,C.Rush
2025_04_BAL_KC,BAL,00-0034796,27,-2.7647389059344225,1.0,L.Jackson
2025_04_BAL_KC,KC,00-0033873,40,15.364530653260994,0.0,P.Mahomes
2025_04_CAR_NE,CAR,00-0027973,6,9.913806472613942,0.0,A.Dalton
2025_04_CAR_NE,CAR,00-0039150,32,-8.290250205708885,0.0,B.Young
2025_04_CAR_NE,NE,00-0033949,1,-0.8546301424503326,0.0,J.Dobbs
2025_04_CAR_NE,NE,00-0039851,21,20.276991689024726,0.0,D.Maye
2025_04_CHI_LV,CHI,00-0039918,42,-1.3155098921854185,1.0,C.Williams
2025_04_CHI_LV,LV,00-0030565,22,-7.48277493460429,3.0,G.Smith
2025_04_CIN_DEN,CIN,00-0035100,29,-10.400203541100051,0.0,J.Browning
2025_04_CIN_DEN,DEN,00-0039732,44,15.540945458284114,1.0,B.Nix
2025_04_CLE_DET,CLE,00-0026158,37,-19.947237710560973,2.0,J.Flacco
2025_04_CLE_DET,CLE,00-0040704,1,-1.213066232507117,0.0,D.Gabriel
2025_04_CLE_DET,DET,00-0033106,27,-1.022109346540395,1.0,J.Goff
2025_04_GB_DAL,DAL,00-0033077,41,22.430883390743485,0.0,D.Prescott
2025_04_GB_DAL,GB,00-0036264,46,24.165410217650894,0.0,J.Love
2025_04_IND_LA,IND,00-0035710,35,4.143268179661794,2.0,D.Jones
2025_04_IND_LA,LA,00-0026498,44,14.497621597919924,0.0,M.Stafford
2025_04_JAX_SF,JAX,00-0036971,32,5.001763600477938,0.0,T.Lawrence
2025_04_JAX_SF,SF,00-0037834,41,4.386644077307839,2.0,B.Purdy
2025_04_LAC_NYG,LAC,00-0036355,44,-17.77265162723502,2.0,J.Herbert
2025_04_LAC_NYG,NYG,00-0029263,2,-2.168585649225861,0.0,R.Wilson
2025_04_LAC_NYG,NYG,00-0040691,28,-2.2597625249600948,0.0,J.Dart
2025_04_MIN_PIT,MIN,00-0032950,54,4.836007153613754,2.0,C.Wentz
2025_04_MIN_PIT,PIT,00-0023459,25,5.98601706920448,0.0,A.Rodgers
2025_04_NO_BUF,BUF,00-0034857,28,8.34259741028859,1.0,J.Allen
2025_04_NO_BUF,NO,00-0037239,1,-3.5951321736210957,1.0,C.Olave
2025_04_NO_BUF,NO,00-0039376,34,-3.267409637717154,0.0,S.Rattler
2025_04_NYJ_MIA,MIA,00-0036212,27,12.570845802329728,0.0,T.Tagovailoa
2025_04_NYJ_MIA,NYJ,00-0036945,35,12.807627383703624,0.0,J.Fields
2025_04_PHI_TB,PHI,00-0036389,31,2.248712855624035,0.0,J.Hurts
2025_04_PHI_TB,TB,00-0034855,43,-3.758467417461543,1.0,B.Mayfield
2025_04_SEA_ARI,ARI,00-0035228,51,-2.544232347147975,2.0,K.Murray
2025_04_SEA_ARI,SEA,00-0034869,30,11.397536590888002,0.0,S.Darnold
2025_04_TEN_HOU,HOU,00-0039163,33,7.9336424526493605,0.0,C.Stroud
2025_04_TEN_HOU,TEN,00-0040676,29,-14.140931000898371,1.0,C.Ward
2025_04_WAS_ATL,ATL,00-0039917,28,19.232102411573663,1.0,M.Penix
2025_04_WAS_ATL,WAS,00-0032268,30,5.324155388192359,1.0,M.Mariota
2025_05_DAL_NYJ,DAL,00-0033077,33,13.403355251523053,0.0,D.Prescott
2025_05_DAL_NYJ,NYJ,00-0036945,55,4.916413480321618,0.0,J.Fields
2025_05_DEN_PHI,DEN,00-0039732,44,6.1682749734644275,0.0,B.Nix
2025_05_DEN_PHI,PHI,00-0036389,45,0.49804850017074775,0.0,J.Hurts
2025_05_DET_CIN,CIN,00-0035100,45,-5.271745411637986,3.0,J.Browning
2025_05_DET_CIN,DET,00-0033106,27,11.639841439959127,0.0,J.Goff
2025_05_DET_CIN,DET,00-0035685,1,1.373055194679182,0.0,D.Montgomery
2025_05_HOU_BAL,BAL,00-0033662,21,-7.8949564919229065,3.0,C.Rush
2025_05_HOU_BAL,HOU,00-0036898,5,0.8027947406517342,0.0,D.Mills
2025_05_HOU_BAL,HOU,00-0039163,30,21.29010817025939,0.0,C.Stroud
2025_05_KC_JAX,JAX,00-0036971,35,5.124146430163143,1.0,T.Lawrence
2025_05_KC_JAX,KC,00-0033873,46,5.441754779196344,1.0,P.Mahomes
2025_05_LV_IND,IND,00-0035710,32,12.359543740560532,0.0,D.Jones
2025_05_LV_IND,IND,00-0039164,2,-1.2116199531592429,0.0,A.Richardson
2025_05_LV_IND,IND,00-0040128,1,-0.46532738901441917,0.0,T.Warren
2025_05_LV_IND,LV,00-0030565,41,-9.342825121396533,2.0,G.Smith
2025_05_MIA_CAR,CAR,00-0039150,33,-0.6446281011146473,1.0,B.Young
2025_05_MIA_CAR,MIA,00-0036212,40,10.783211409965087,0.0,T.Tagovailoa
2025_05_MIN_CLE,CLE,00-0040704,35,-2.609749039053164,0.0,D.Gabriel
2025_05_MIN_CLE,MIN,00-0032950,40,7.082067250547179,0.0,C.Wentz
2025_05_MIN_CLE,MIN,00-0036414,1,3.2600105608580634,0.0,C.Akers
2025_05_NE_BUF,BUF,00-0034857,39,13.123619271937358,1.0,J.Allen
2025_05_NE_BUF,NE,00-0039851,36,11.838587116772592,0.0,D.Maye
2025_05_NYG_NO,NO,00-0033357,1,1.8301944836275652,0.0,T.Hill
2025_05_NYG_NO,NO,00-0039376,31,7.479521064558307,0.0,S.Rattler
2025_05_NYG_NO,NYG,00-0040691,45,-6.805047478177585,2.0,J.Dart
2025_05_SF_LA,LA,00-0026498,47,15.3807773471277,0.0,M.Stafford
2025_05_SF_LA,SF,00-0036972,49,14.003761811146738,0.0,M.Jones
2025_05_TB_SEA,SEA,00-0034869,34,23.413120006202856,1.0,S.Darnold
2025_05_TB_SEA,TB,00-0034855,39,25.81679678760988,0.0,B.Mayfield
2025_05_TEN_ARI,ARI,00-0033119,1,-0.7791321533732116,0.0,J.Brissett
2025_05_TEN_ARI,ARI,00-0035228,36,5.235587349685375,0.0,K.Murray
2025_05_TEN_ARI,TEN,00-0040676,42,1.210959308553214,1.0,C.Ward
2025_05_WAS_LAC,LAC,00-0036355,34,-3.010205613242575,1.0,J.Herbert
2025_05_WAS_LAC,LAC,00-0037012,5,-0.6012715824763291,0.0,T.Lance
2025_05_WAS_LAC,WAS,00-0039910,31,17.228556292161436,0.0,J.Daniels
2025_06_ARI_IND,ARI,00-0033119,47,6.977093039918663,1.0,J.Brissett
2025_06_ARI_IND,IND,00-0035710,33,5.100559506424325,1.0,D.Jones
2025_06_BUF_ATL,ATL,00-0039917,35,-0.12436370055822454,0.0,M.Penix
2025_06_BUF_ATL,BUF,00-0034857,34,-5.090423633315368,2.0,J.Allen
2025_06_CHI_WAS,CHI,00-0039918,34,4.297263690794243,0.0,C.Williams
2025_06_CHI_WAS,WAS,00-0039910,35,9.73024896099664,1.0,J.Daniels
2025_06_CIN_GB,CIN,00-0026158,45,6.505671614700354,0.0,J.Flacco
2025_06_CIN_GB,GB,00-0036264,32,9.349779827680555,1.0,J.Love
2025_06_CLE_PIT,CLE,00-0040704,58,-13.877616212263888,0.0,D.Gabriel
2025_06_CLE_PIT,PIT,00-0023459,31,9.18123208036206,0.0,A.Rodgers
2025_06_DAL_CAR,CAR,00-0039150,27,2.8375189904741154,1.0,B.Young
2025_06_DAL_CAR,DAL,00-0033077,34,17.745348571297626,0.0,D.Prescott
2025_06_DEN_NYJ,DEN,00-0039732,33,5.691556230172168,0.0,B.Nix
2025_06_DEN_NYJ,NYJ,00-0036945,29,-21.206616574369864,0.0,J.Fields
2025_06_DET_KC,DET,00-0033106,31,7.881759409094229,0.0,J.Goff
2025_06_DET_KC,KC,00-0033873,38,14.721738647216487,0.0,P.Mahomes
2025_06_LAC_MIA,LAC,00-0036355,39,12.641889955414864,0.0,J.Herbert
2025_06_LAC_MIA,MIA,00-0036212,35,-0.2135612467321919,3.0,T.Tagovailoa
2025_06_LAC_MIA,MIA,00-0036613,1,-0.5923647911444314,0.0,J.Waddle
2025_06_LA_BAL,BAL,00-0033662,19,-5.103429209696493,1.0,C.Rush
2025_06_LA_BAL,BAL,00-0035993,20,-2.525967290333938,0.0,T.Huntley
2025_06_LA_BAL,LA,00-0026498,29,0.7267935213818504,0.0,M.Stafford
2025_06_NE_NO,NE,00-0039851,31,19.306044204987785,0.0,D.Maye
2025_06_NE_NO,NO,00-0039376,30,4.502386531446024,0.0,S.Rattler
2025_06_PHI_NYG,NYG,00-0029263,1,-1.7682281213346869,0.0,R.Wilson
2025_06_PHI_NYG,NYG,00-0040691,32,12.487587943614926,0.0,J.Dart
2025_06_PHI_NYG,PHI,00-0036389,38,1.3206003036127605,1.0,J.Hurts
2025_06_SEA_JAX,JAX,00-0036971,50,-0.4707571407616671,0.0,T.Lawrence
2025_06_SEA_JAX,SEA,00-0034869,29,10.915172110108925,0.0,S.Darnold
2025_06_SF_TB,SF,00-0036972,47,-4.719728550576118,2.0,M.Jones
2025_06_SF_TB,TB,00-0034855,25,14.666052427586667,0.0,B.Mayfield
2025_06_TEN_LV,LV,00-0030565,25,0.5693263779394329,1.0,G.Smith
2025_06_TEN_LV,TEN,00-0040676,43,-14.638347636791877,1.0,C.Ward
2025_07_ATL_SF,ATL,00-0039917,42,-5.683311929615767,0.0,M.Penix
2025_07_ATL_SF,SF,00-0036972,28,2.531288878687972,1.0,M.Jones
2025_07_CAR_NYJ,CAR,00-0027973,8,-2.7145870813401416,0.0,A.Dalton
2025_07_CAR_NYJ,CAR,00-0039150,28,-0.38693097700119194,0.0,B.Young
2025_07_CAR_NYJ,NYJ,00-0028118,28,-5.588869976697785,2.0,T.Taylor
2025_07_CAR_NYJ,NYJ,00-0036945,16,-9.085729890037328,0.0,J.Fields
2025_07_GB_ARI,ARI,00-0033119,46,2.1615129799910484,0.0,J.Brissett
2025_07_GB_ARI,GB,00-0036264,33,8.255531917773984,0.0,J.Love
2025_07_HOU_SEA,HOU,00-0039163,55,-10.758916297066985,1.0,C.Stroud
2025_07_HOU_SEA,SEA,00-0033908,1,-5.370166467153467,1.0,C.Kupp
2025_07_HOU_SEA,SEA,00-0034869,34,-3.4829411252774642,1.0,S.Darnold
2025_07_IND_LAC,IND,00-0035710,36,14.831505516587757,0.0,D.Jones
2025_07_IND_LAC,LAC,00-0036355,61,7.881797386762731,2.0,J.Herbert
2025_07_LA_JAX,JAX,00-0036971,57,-15.595577212996075,0.0,T.Lawrence
2025_07_LA_JAX,LA,00-0026498,34,8.433014799142256,0.0,M.Stafford
2025_07_LV_KC,KC,00-0033873,40,21.90051486232097,0.0,P.Mahomes
2025_07_LV_KC,LV,00-0030565,18,-11.128671312704682,0.0,G.Smith
2025_07_LV_KC,LV,00-0038102,2,-0.7535614247899503,0.0,K.Pickett
2025_07_MIA_CLE,CLE,00-0040704,23,0.5319374865640105,0.0,D.Gabriel
2025_07_MIA_CLE,MIA,00-0036212,26,-23.736744502994856,3.0,T.Tagovailoa
2025_07_MIA_CLE,MIA,00-0040234,10,-3.0399087821133435,0.0,Q.Ewers
2025_07_NE_TEN,NE,00-0033949,1,1.7749354206607677,0.0,J.Dobbs
2025_07_NE_TEN,NE,00-0039851,35,13.118262619408927,0.0,D.Maye
2025_07_NE_TEN,TEN,00-0040676,39,-11.742684764254212,1.0,C.Ward
2025_07_NO_CHI,CHI,00-0039918,27,2.149814817582892,1.0,C.Williams
2025_07_NO_CHI,NO,00-0039376,37,-11.889998543580766,3.0,S.Rattler
2025_07_NYG_DEN,DEN,00-0039732,54,-0.758829280995764,0.0,B.Nix
2025_07_NYG_DEN,NYG,00-0040691,38,8.377084178893828,1.0,J.Dart
2025_07_PHI_MIN,MIN,00-0032950,46,1.880113687949085,2.0,C.Wentz
2025_07_PHI_MIN,PHI,00-0036389,26,18.90667418378871,0.0,J.Hurts
2025_07_PIT_CIN,CIN,00-0026158,49,15.144058558264483,0.0,J.Flacco
2025_07_PIT_CIN,PIT,00-0023459,35,13.588848544459324,2.0,A.Rodgers
2025_07_TB_DET,DET,00-0033106,34,-8.473056659994137,1.0,J.Goff
2025_07_TB_DET,TB,00-0034855,55,-25.048290733687832,1.0,B.Mayfield
2025_07_WAS_DAL,DAL,00-0033077,33,8.344984152713948,0.0,D.Prescott
2025_07_WAS_DAL,WAS,00-0032268,12,-14.07168677879963,1.0,M.Mariota
2025_07_WAS_DAL,WAS,00-0039910,28,-3.4980025230324827,0.0,J.Daniels
2025_08_BUF_CAR,BUF,00-0033869,4,0.729749396792613,0.0,M.Trubisky
2025_08_BUF_CAR,BUF,00-0034857,21,7.693339027595142,0.0,J.Allen
2025_08_BUF_CAR,CAR,00-0027973,32,-17.154439442879177,1.0,A.Dalton
2025_08_CHI_BAL,BAL,00-0035993,25,7.635994225655555,0.0,T.Huntley
2025_08_CHI_BAL,CHI,00-0039918,41,2.4899432346105335,1.0,C.Williams
2025_08_CLE_NE,CLE,00-0040704,38,-19.088154129775667,2.0,D.Gabriel
2025_08_CLE_NE,NE,00-0039851,34,9.759334102906852,1.0,D.Maye
2025_08_DAL_DEN,DAL,00-0033077,38,-1.7459059031630382,2.0,D.Prescott
2025_08_DAL_DEN,DAL,00-0039398,4,5.7337104610633105,0.0,J.Milton
2025_08_DAL_DEN,DEN,00-0039732,30,14.092828136220142,1.0,B.Nix
2025_08_GB_PIT,GB,00-0036264,38,22.352007517259448,0.0,J.Love
2025_08_GB_PIT,PIT,00-0023459,40,-4.052352931075593,0.0,A.Rodgers
2025_08_MIA_ATL,ATL,00-0029604,32,-5.867928963794839,0.0,K.Cousins
2025_08_MIA_ATL,MIA,00-0036212,27,9.609911366660778,0.0,T.Tagovailoa
2025_08_MIA_ATL,MIA,00-0037013,1,-3.3889502391102724,0.0,Z.Wilson
2025_08_MIN_LAC,LAC,00-0036355,34,15.374437985603752,1.0,J.Herbert
2025_08_MIN_LAC,MIN,00-0032950,32,-12.73999706881145,1.0,C.Wentz
2025_08_MIN_LAC,MIN,00-0040494,4,-0.010773758694995195,0.0,M.Brosmer
2025_08_NYG_PHI,NYG,00-0040691,31,4.789758559847144,0.0,J.Dart
2025_08_NYG_PHI,PHI,00-0036389,27,11.279187784746455,0.0,J.Hurts
2025_08_NYJ_CIN,CIN,00-0026158,36,5.723213989741964,0.0,J.Flacco
2025_08_NYJ_CIN,NYJ,00-0036945,37,14.113205405760448,0.0,J.Fields
2025_08_NYJ_CIN,NYJ,00-0038120,1,1.194561611104291,0.0,B.Hall
2025_08_SF_HOU,HOU,00-0039163,42,22.07818392904586,1.0,C.Stroud
2025_08_SF_HOU,SF,00-0036972,37,-1.0634192080614158,1.0,M.Jones
2025_08_TB_NO,NO,00-0039376,25,-11.633701119236253,1.0,S.Rattler
2025_08_TB_NO,NO,00-0040743,35,-14.300821301410906,1.0,T.Shough
2025_08_TB_NO,TB,00-0034855,27,-1.7703624639505273,0.0,B.Mayfield
2025_08_TEN_IND,IND,00-0035710,33,13.548098868596963,0.0,D.Jones
2025_08_TEN_IND,IND,00-0040206,2,-2.116206401027739,0.0,R.Leonard
2025_08_TEN_IND,TEN,00-0040676,42,-7.893259683856741,1.0,C.Ward
2025_08_WAS_KC,KC,00-0033873,40,13.881121583282948,2.0,P.Mahomes
2025_08_WAS_KC,WAS,00-0032268,35,-8.251639394147787,2.0,M.Mariota
2025_09_ARI_DAL,ARI,00-0033119,37,6.557258958266394,0.0,J.Brissett
2025_09_ARI_DAL,DAL,00-0033077,47,-3.4953411980854328,1.0,D.Prescott
2025_09_ATL_NE,ATL,00-0039917,40,5.5053812766999854,0.0,M.Penix
2025_09_ATL_NE,NE,00-0039851,40,0.7531714358882358,1.0,D.Maye
2025_09_BAL_MIA,BAL,00-0034796,27,12.2619437368121,0.0,L.Jackson
2025_09_BAL_MIA,MIA,00-0036212,42,2.063069578252499,1.0,T.Tagovailoa
2025_09_CAR_GB,CAR,00-0039150,23,0.25647988813580014,1.0,B.Young
2025_09_CAR_GB,GB,00-0036264,38,5.899998472000961,1.0,J.Love
2025_09_CHI_CIN,CHI,00-0034827,1,3.8681936897919513,0.0,D.Moore
2025_09_CHI_CIN,CHI,00-0036290,1,-0.4927360210567713,0.0,C.Kmet
2025_09_CHI_CIN,CHI,00-0038416,1,1.4088159858365543,0.0,T.Bagent
2025_09_CHI_CIN,CHI,00-0039918,42,16.128871916676307,0.0,C.Williams
2025_09_CHI_CIN,CIN,00-0026158,51,16.731745319796122,2.0,J.Flacco
2025_09_DEN_HOU,DEN,00-0039732,40,-1.63496141967346,1.0,B.Nix
2025_09_DEN_HOU,HOU,00-0036898,33,-5.526964325600898,0.0,D.Mills
2025_09_DEN_HOU,HOU,00-0039163,14,3.9593442140076767,0.0,C.Stroud
2025_09_IND_PIT,IND,00-0035710,55,-16.642294115658075,3.0,D.Jones
2025_09_IND_PIT,PIT,00-0023459,39,-0.14128978939461811,0.0,A.Rodgers
2025_09_JAX_LV,JAX,00-0036971,38,-2.39059664440017,1.0,T.Lawrence
2025_09_JAX_LV,LV,00-0030565,44,10.868960032778036,1.0,G.Smith
2025_09_KC_BUF,BUF,00-0034857,30,9.877787010074826,0.0,J.Allen
2025_09_KC_BUF,KC,00-0033873,39,-1.1220369994309332,1.0,P.Mahomes
2025_09_LAC_TEN,LAC,00-0036355,39,5.4422374179028346,1.0,J.Herbert
2025_09_LAC_TEN,TEN,00-0040676,26,-2.0865562032849994,0.0,C.Ward
2025_09_MIN_DET,DET,00-0033106,42,4.1288096063833954,0.0,J.Goff
2025_09_MIN_DET,MIN,00-0039923,31,-4.360463275218328,1.0,J.McCarthy
2025_09_NO_LA,LA,00-0026498,34,11.838741028613722,0.0,M.Stafford
2025_09_NO_LA,NO,00-0033357,1,-0.7399639681680128,0.0,T.Hill
2025_09_NO_LA,NO,00-0040743,24,0.09382961166556925,1.0,T.Shough
2025_09_SEA_WAS,SEA,00-0034869,24,22.447935086084,1.0,S.Darnold
2025_09_SEA_WAS,WAS,00-0039910,35,-1.5374721371917985,1.0,J.Daniels
2025_09_SF_NYG,NYG,00-0040691,39,7.070307683298925,0.0,J.Dart
2025_09_SF_NYG,SF,00-0036972,28,12.217425719962637,0.0,M.Jones
2025_10_ARI_SEA,ARI,00-0033119,54,-9.897950954313156,0.0,J.Brissett
2025_10_ARI_SEA,ARI,00-0039577,1,-0.6202312656678259,0.0,K.Slovis
2025_10_ARI_SEA,SEA,00-0034869,13,4.095139754899237,1.0,S.Darnold
2025_10_ATL_IND,ATL,00-0039917,32,-8.050063597610325,0.0,M.Penix
2025_10_ATL_IND,IND,00-0035710,40,-0.4703937515095724,1.0,D.Jones
2025_10_BAL_MIN,BAL,00-0034796,34,-0.7389484069078209,0.0,L.Jackson
2025_10_BAL_MIN,MIN,00-0039923,48,-9.751855934174106,2.0,J.McCarthy
2025_10_BUF_MIA,BUF,00-0033869,1,-0.6325378366746008,0.0,M.Trubisky
2025_10_BUF_MIA,BUF,00-0034857,46,6.539821680387948,1.0,J.Allen
2025_10_BUF_MIA,MIA,00-0036212,21,9.007470136275515,2.0,T.Tagovailoa
2025_10_CLE_NYJ,CLE,00-0040704,43,-2.507333133164479,0.0,D.Gabriel
2025_10_CLE_NYJ,NYJ,00-0036945,16,-7.969909903709777,1.0,J.Fields
2025_10_DET_WAS,DET,00-0033106,33,25.34362703664474,0.0,J.Goff
2025_10_DET_WAS,DET,00-0034577,2,-1.3552653677443862,0.0,K.Allen
2025_10_DET_WAS,WAS,00-0032268,27,12.32259150026374,0.0,M.Mariota
2025_10_JAX_HOU,HOU,00-0036898,51,3.6471501573832366,1.0,D.Mills
2025_10_JAX_HOU,JAX,00-0036971,33,-7.789004284946168,1.0,T.Lawrence
2025_10_LA_SF,LA,00-0026498,37,22.63015853331308,0.0,M.Stafford
2025_10_LA_SF,SF,00-0036972,40,18.252678949662485,1.0,M.Jones
2025_10_LV_DEN,DEN,00-0034348,1,-4.031719361392031,0.0,C.Sutton
2025_10_LV_DEN,DEN,00-0039732,29,-6.544006506850952,2.0,B.Nix
2025_10_LV_DEN,LV,00-0030565,34,-16.097332223851275,1.0,G.Smith
2025_10_LV_DEN,LV,00-0038102,1,-0.9850948718376458,0.0,K.Pickett
2025_10_NE_TB,NE,00-0039851,36,4.404158744495362,1.0,D.Maye
2025_10_NE_TB,TB,00-0034855,45,0.9682208392788594,0.0,B.Mayfield
2025_10_NO_CAR,CAR,00-0039150,27,-11.497875926079399,1.0,B.Young
2025_10_NO_CAR,NO,00-0033357,1,-0.574528492288664,0.0,T.Hill
2025_10_NO_CAR,NO,00-0040743,30,11.46296699212488,0.0,T.Shough
2025_10_NYG_CHI,CHI,00-0039918,41,1.3493983076170357,0.0,C.Williams
2025_10_NYG_CHI,NYG,00-0029263,11,-3.8615804446141704,0.0,R.Wilson
2025_10_NYG_CHI,NYG,00-0040691,32,3.406880021929316,0.0,J.Dart
2025_10_PHI_GB,GB,00-0036264,41,-7.349023172571192,0.0,J.Love
2025_10_PHI_GB,PHI,00-0036389,29,8.066746128723025,0.0,J.Hurts
2025_10_PIT_LAC,LAC,00-0036355,40,-4.9402944624123775,0.0,J.Herbert
2025_10_PIT_LAC,PIT,00-0023459,34,-18.09004052675284,2.0,A.Rodgers
2025_11_BAL_CLE,BAL,00-0034796,31,-10.475511441085255,2.0,L.Jackson
2025_11_BAL_CLE,CLE,00-0040668,21,-14.106299399049021,1.0,S.Sanders
2025_11_BAL_CLE,CLE,00-0040704,12,-3.6595237161422727,0.0,D.Gabriel
2025_11_CAR_ATL,ATL,00-0029604,14,-3.795178366062174,0.0,K.Cousins
2025_11_CAR_ATL,ATL,00-0039917,17,11.740550458314829,0.0,M.Penix
2025_11_CAR_ATL,CAR,00-0039150,52,14.242022988657277,0.0,B.Young
2025_11_CHI_MIN,CHI,00-0039918,36,0.38464541567705135,0.0,C.Williams
2025_11_CHI_MIN,MIN,00-0039923,32,-13.061916102694454,2.0,J.McCarthy
2025_11_CIN_PIT,CIN,00-0026158,41,-9.329388562074028,1.0,J.Flacco
2025_11_CIN_PIT,PIT,00-0023459,17,1.8784862607243116,0.0,A.Rodgers
2025_11_CIN_PIT,PIT,00-0034771,16,10.721693948170671,0.0,M.Rudolph
2025_11_DAL_LV,DAL,00-0033077,34,8.562692845276407,0.0,D.Prescott
2025_11_DAL_LV,LV,00-0030565,49,-11.380187833963742,1.0,G.Smith
2025_11_DET_PHI,DET,00-0033106,39,-14.263226809680678,1.0,J.Goff
2025_11_DET_PHI,PHI,00-0036389,31,-10.006353798542223,0.0,J.Hurts
2025_11_GB_NYG,GB,00-0036264,28,9.92316562651843,0.0,J.Love
2025_11_GB_NYG,GB,00-0038128,2,2.0718749547959305,0.0,M.Willis
2025_11_GB_NYG,NYG,00-0031503,31,6.399802807543892,1.0,J.Winston
2025_11_HOU_TEN,HOU,00-0036898,47,-0.3345146093918112,0.0,D.Mills
2025_11_HOU_TEN,TEN,00-0040676,43,0.1264922860602007,0.0,C.Ward
2025_11_KC_DEN,DEN,00-0039732,40,5.16755962431078,0.0,B.Nix
2025_11_KC_DEN,DEN,00-0040730,1,-0.4586076693958603,0.0,R.Harvey
2025_11_KC_DEN,KC,00-0033873,49,0.8198853024066697,1.0,P.Mahomes
2025_11_LAC_JAX,JAX,00-0036971,24,1.2998361047066282,1.0,T.Lawrence
2025_11_LAC_JAX,LAC,00-0036355,23,-13.225217283254135,1.0,J.Herbert
2025_11_LAC_JAX,LAC,00-0037012,9,-7.450519461068325,0.0,T.Lance
2025_11_NYJ_NE,NE,00-0039851,37,11.63706115006527,0.0,D.Maye
2025_11_NYJ_NE,NYJ,00-0036945,32,-2.400557709916029,0.0,J.Fields
2025_11_NYJ_NE,NYJ,00-0039451,1,-0.8187713430379517,0.0,I.Williams
2025_11_SEA_LA,LA,00-0026498,28,-4.049926161009353,0.0,M.Stafford
2025_11_SEA_LA,SEA,00-0034869,45,-12.661420683751661,4.0,S.Darnold
2025_11_SF_ARI,ARI,00-0033119,58,9.212935896495567,2.0,J.Brissett
2025_11_SF_ARI,SF,00-0037834,28,8.642695559272799,0.0,B.Purdy
2025_11_TB_BUF,BUF,00-0034857,33,11.293936181355026,2.0,J.Allen
2025_11_TB_BUF,TB,00-0034855,35,-2.527313514298078,1.0,B.Mayfield
2025_11_WAS_MIA,MIA,00-0036212,23,1.9614673138904752,0.0,T.Tagovailoa
2025_11_WAS_MIA,WAS,00-0032268,32,8.19386652408999,1.0,M.Mariota
2025_12_ATL_NO,ATL,00-0029604,26,-3.884593775399704,1.0,K.Cousins
2025_12_ATL_NO,NO,00-0033357,2,-7.587928771992891,0.0,T.Hill
2025_12_ATL_NO,NO,00-0040743,50,-9.926749086159028,1.0,T.Shough
2025_12_BUF_HOU,BUF,00-0034857,45,-6.325687850794198,2.0,J.Allen
2025_12_BUF_HOU,HOU,00-0036898,30,-6.352323018502744,0.0,D.Mills
2025_12_CAR_SF,CAR,00-0039150,35,-9.034010566220335,2.0,B.Young
2025_12_CAR_SF,SF,00-0037834,33,-2.112339439987455,3.0,B.Purdy
2025_12_CLE_LV,CLE,00-0040668,21,1.9820752221727345,1.0,S.Sanders
2025_12_CLE_LV,LV,00-0030565,56,-19.153139518541238,0.0,G.Smith
2025_12_IND_KC,IND,00-0035710,33,3.4722766889820527,0.0,D.Jones
2025_12_IND_KC,KC,00-0033873,55,11.592438303540645,1.0,P.Mahomes
2025_12_JAX_ARI,ARI,00-0033119,58,-6.429175466654745,0.0,J.Brissett
2025_12_JAX_ARI,ARI,00-0039577,1,-1.5264001602772623,0.0,K.Slovis
2025_12_JAX_ARI,JAX,00-0036971,35,-6.644319902284792,3.0,T.Lawrence
2025_12_MIN_GB,GB,00-0036264,23,6.297444861079807,0.0,J.Love
2025_12_MIN_GB,GB,00-0038128,1,0.37004217226058245,0.0,M.Willis
2025_12_MIN_GB,MIN,00-0039923,25,-15.889682508506661,2.0,J.McCarthy
2025_12_NE_CIN,CIN,00-0026158,37,-14.271977953295725,1.0,J.Flacco
2025_12_NE_CIN,CIN,00-0035100,1,0.8267194108339027,0.0,J.Browning
2025_12_NE_CIN,NE,00-0039851,39,8.830814838541267,1.0,D.Maye
2025_12_NYG_DET,DET,00-0033106,43,-6.204211909654816,1.0,J.Goff
2025_12_NYG_DET,NYG,00-0031503,38,13.797449628128675,1.0,J.Winston
2025_12_NYG_DET,NYG,00-0035645,1,3.2233546525239944,0.0,G.Olszewski
2025_12_NYJ_BAL,BAL,00-0034796,29,-1.932125426915717,0.0,L.Jackson
2025_12_NYJ_BAL,NYJ,00-0028118,34,3.1003462540309816,1.0,T.Taylor
2025_12_PHI_DAL,DAL,00-0033077,39,5.485847227796539,1.0,D.Prescott
2025_12_PHI_DAL,PHI,00-0036389,43,8.4914719664917,0.0,J.Hurts
2025_12_PIT_CHI,CHI,00-0039918,37,1.219323388470734,0.0,C.Williams
2025_12_PIT_CHI,PIT,00-0034771,34,-5.7664368592668325,1.0,M.Rudolph
2025_12_SEA_TEN,SEA,00-0034869,27,9.42420726075015,0.0,S.Darnold
2025_12_SEA_TEN,TEN,00-0040676,50,5.629439822380448,0.0,C.Ward
2025_12_TB_LA,LA,00-0026498,36,8.219429925997625,0.0,M.Stafford
2025_12_TB_LA,TB,00-0031237,18,-12.51733303326182,0.0,T.Bridgewater
2025_12_TB_LA,TB,00-0034855,24,-15.135588938486762,2.0,B.Mayfield
2025_13_ARI_TB,ARI,00-0033119,44,4.996105764825853,1.0,J.Brissett
2025_13_ARI_TB,TB,00-0034855,33,3.2360788439905375,0.0,B.Mayfield
2025_13_ATL_NYJ,ATL,00-0029604,35,5.853858310111897,0.0,K.Cousins
2025_13_ATL_NYJ,NYJ,00-0028118,41,1.5277126676314374,0.0,T.Taylor
2025_13_BUF_PIT,BUF,00-0034857,27,6.633204248966649,1.0,J.Allen
2025_13_BUF_PIT,PIT,00-0023459,22,-9.578514542139601,0.0,A.Rodgers
2025_13_BUF_PIT,PIT,00-0034771,3,-2.2887515111942776,1.0,M.Rudolph
2025_13_CHI_PHI,CHI,00-0039918,40,-5.299252242987234,1.0,C.Williams
2025_13_CHI_PHI,PHI,00-0036389,33,2.512525741500646,1.0,J.Hurts
2025_13_CIN_BAL,BAL,00-0034796,38,-10.576917831320316,1.0,L.Jackson
2025_13_CIN_BAL,CIN,00-0036442,48,5.8668408508215695,0.0,J.Burrow
2025_13_DEN_WAS,DEN,00-0039732,48,11.660872816416855,1.0,B.Nix
2025_13_DEN_WAS,WAS,00-0032268,56,2.524894619869841,1.0,M.Mariota
2025_13_GB_DET,DET,00-0033106,30,10.81710711794247,0.0,J.Goff
2025_13_GB_DET,DET,00-0035685,1,-0.41356828954303637,0.0,D.Montgomery
2025_13_GB_DET,GB,00-0036264,32,15.946327538769204,0.0,J.Love
2025_13_HOU_IND,HOU,00-0039163,37,7.595687960062666,1.0,C.Stroud
2025_13_HOU_IND,IND,00-0035710,28,0.6210259530715807,0.0,D.Jones
2025_13_JAX_TEN,JAX,00-0036971,32,4.84339578676736,0.0,T.Lawrence
2025_13_JAX_TEN,TEN,00-0040676,42,-18.927650871735352,0.0,C.Ward
2025_13_KC_DAL,DAL,00-0033077,40,15.606953173174933,1.0,D.Prescott
2025_13_KC_DAL,KC,00-0033873,40,17.96104546316201,0.0,P.Mahomes
2025_13_LA_CAR,CAR,00-0039150,24,15.055188362692952,0.0,B.Young
2025_13_LA_CAR,LA,00-0026498,30,-3.512069752730895,2.0,M.Stafford
2025_13_LV_LAC,LAC,00-0036355,26,6.3618907444282895,1.0,J.Herbert
2025_13_LV_LAC,LAC,00-0037012,2,1.169384899083525,0.0,T.Lance
2025_13_LV_LAC,LV,00-0030565,28,-2.135615331266308,1.0,G.Smith
2025_13_MIN_SEA,MIN,00-0040494,34,-29.14437764865579,4.0,M.Brosmer
2025_13_MIN_SEA,SEA,00-0034869,30,-8.514976311607233,0.0,S.Darnold
2025_13_NO_MIA,MIA,00-0036212,28,-9.893619252733851,1.0,T.Tagovailoa
2025_13_NO_MIA,NO,00-0040743,46,-9.15736289791818,1.0,T.Shough
2025_13_NYG_NE,NE,00-0039851,36,12.926923040912563,0.0,D.Maye
2025_13_NYG_NE,NYG,00-0040691,31,-5.737871609118767,0.0,J.Dart
2025_13_SF_CLE,CLE,00-0040668,29,-5.386734130559489,0.0,S.Sanders
2025_13_SF_CLE,CLE,00-0040704,1,-0.5712420791387558,0.0,D.Gabriel
2025_13_SF_CLE,SF,00-0033280,1,-0.770897071401123,0.0,C.McCaffrey
2025_13_SF_CLE,SF,00-0037834,32,2.4233397026458845,0.0,B.Purdy
2025_14_CHI_GB,CHI,00-0039918,39,2.0996461165938936,1.0,C.Williams
2025_14_CHI_GB,GB,00-0036264,26,8.027323357702699,1.0,J.Love
2025_14_CIN_BUF,BUF,00-0034857,37,23.85385785733536,0.0,J.Allen
2025_14_CIN_BUF,CIN,00-0036442,38,8.175821986326017,2.0,J.Burrow
2025_14_DAL_DET,DAL,00-0033077,55,1.2180799205388873,2.0,D.Prescott
2025_14_DAL_DET,DET,00-0033106,35,12.198009743105478,0.0,J.Goff
2025_14_DEN_LV,DEN,00-0039732,43,9.014121499530233,0.0,B.Nix
2025_14_DEN_LV,LV,00-0030565,25,-2.8206220439751633,0.0,G.Smith
2025_14_DEN_LV,LV,00-0038102,12,2.2835533605640546,0.0,K.Pickett
2025_14_HOU_KC,HOU,00-0039163,35,0.05053433810826391,0.0,C.Stroud
2025_14_HOU_KC,KC,00-0033873,41,-18.0890528982329,3.0,P.Mahomes
2025_14_IND_JAX,IND,00-0035710,8,-1.3554314413922839,1.0,D.Jones
2025_14_IND_JAX,IND,00-0040206,32,-2.076754012143498,1.0,R.Leonard
2025_14_IND_JAX,JAX,00-0033319,1,-0.5442676531910864,0.0,N.Mullens
2025_14_IND_JAX,JAX,00-0036971,32,13.162498343345728,0.0,T.Lawrence
2025_14_LA_ARI,ARI,00-0033119,50,-3.2866153932788853,1.0,J.Brissett
2025_14_LA_ARI,LA,00-0026498,31,15.409675605792277,0.0,M.Stafford
2025_14_MIA_NYJ,MIA,00-0036212,22,1.6633908300718758,0.0,T.Tagovailoa
2025_14_MIA_NYJ,NYJ,00-0028118,4,-6.361320882104337,1.0,T.Taylor
2025_14_MIA_NYJ,NYJ,00-0040398,36,-17.79291854590123,2.0,B.Cook
2025_14_NO_TB,NO,00-0040743,24,3.8075643433901156,1.0,T.Shough
2025_14_NO_TB,TB,00-0034855,35,-8.065998080738147,1.0,B.Mayfield
2025_14_PHI_LAC,LAC,00-0036355,41,-13.108833325124053,1.0,J.Herbert
2025_14_PHI_LAC,PHI,00-0036389,43,-16.011792189329796,4.0,J.Hurts
2025_14_PIT_BAL,BAL,00-0034796,40,-0.7805501360358287,1.0,L.Jackson
2025_14_PIT_BAL,PIT,00-0023459,35,11.931095174660676,0.0,A.Rodgers
2025_14_SEA_ATL,ATL,00-0029604,31,-15.373345657525775,2.0,K.Cousins
2025_14_SEA_ATL,SEA,00-0034869,34,10.957697244854835,1.0,S.Darnold
2025_14_TEN_CLE,CLE,00-0040668,47,9.682076618016191,1.0,S.Sanders
2025_14_TEN_CLE,CLE,00-0040784,1,-0.947,0.0,Q.Judkins
2025_14_TEN_CLE,TEN,00-0040676,29,-8.783842270087916,1.0,C.Ward
2025_14_WAS_MIN,MIN,00-0039923,29,11.629833362748801,0.0,J.McCarthy
2025_14_WAS_MIN,WAS,00-0032268,7,-10.434917105711065,1.0,M.Mariota
2025_14_WAS_MIN,WAS,00-0039910,25,-11.91729234077502,1.0,J.Daniels
2025_15_ARI_HOU,ARI,00-0033119,44,-2.0745937280151994,1.0,J.Brissett
2025_15_ARI_HOU,HOU,00-0039163,31,13.543176083750256,0.0,C.Stroud
2025_15_ATL_TB,ATL,00-0029604,46,16.85078013912449,0.0,K.Cousins
2025_15_ATL_TB,TB,00-0034855,41,3.630031295430727,1.0,B.Mayfield
2025_15_BAL_CIN,BAL,00-0034796,18,1.3315678552150203,1.0,L.Jackson
2025_15_BAL_CIN,CIN,00-0036442,44,-15.463166870235,2.0,J.Burrow
2025_15_BUF_NE,BUF,00-0034857,33,9.538270718796412,0.0,J.Allen
2025_15_BUF_NE,NE,00-0039851,29,-0.44811348663643,1.0,D.Maye
2025_15_CAR_NO,CAR,00-0039150,31,10.707059880792809,0.0,B.Young
2025_15_CAR_NO,NO,00-0039376,1,0.11301557429355746,0.0,S.Rattler
2025_15_CAR_NO,NO,00-0040743,39,9.984419849824405,0.0,T.Shough
2025_15_CLE_CHI,CHI,00-0039918,32,4.344216610207372,0.0,C.Williams
2025_15_CLE_CHI,CLE,00-0040668,42,-21.64285618297074,3.0,S.Sanders
2025_15_DET_LA,DET,00-0033106,42,12.801599703498884,0.0,J.Goff
2025_15_DET_LA,LA,00-0026498,41,7.449306313744283,1.0,M.Stafford
2025_15_GB_DEN,DEN,00-0039732,36,19.70648686151253,0.0,B.Nix
2025_15_GB_DEN,GB,00-0036264,46,4.748752427513431,2.0,J.Love
2025_15_IND_SEA,IND,00-0022942,28,-2.533307095480697,1.0,P.Rivers
2025_15_IND_SEA,SEA,00-0034869,37,3.9998738083472465,0.0,S.Darnold
2025_15_LAC_KC,KC,00-0033873,35,-1.219922457360358,1.0,P.Mahomes
2025_15_LAC_KC,KC,00-0035289,5,-1.0742123512900434,1.0,G.Minshew II
2025_15_LAC_KC,LAC,00-0036355,33,0.4335792132866323,1.0,J.Herbert
2025_15_LV_PHI,LV,00-0038102,30,-15.794737446587533,1.0,K.Pickett
2025_15_LV_PHI,PHI,00-0036389,18,15.640311319921347,0.0,J.Hurts
2025_15_LV_PHI,PHI,00-0038400,4,5.545112194435205,0.0,T.McKee
2025_15_MIA_PIT,MIA,00-0036212,35,1.4601153701953589,1.0,T.Tagovailoa
2025_15_MIA_PIT,PIT,00-0023459,30,11.127134462120011,0.0,A.Rodgers
2025_15_MIN_DAL,DAL,00-0033077,40,0.9589329863363227,0.0,D.Prescott
2025_15_MIN_DAL,MIN,00-0039923,26,13.686446381364071,1.0,J.McCarthy
2025_15_NYJ_JAX,JAX,00-0036971,36,28.558679637087394,0.0,T.Lawrence
2025_15_NYJ_JAX,NYJ,00-0040398,41,-8.149325604498909,3.0,B.Cook
2025_15_TEN_SF,SF,00-0037834,37,19.76488559713433,0.0,B.Purdy
2025_15_TEN_SF,TEN,00-0040676,29,1.7431885870741954,0.0,C.Ward
2025_15_WAS_NYG,NYG,00-0031503,1,-1.5277121921535581,0.0,J.Winston
2025_15_WAS_NYG,NYG,00-0040691,43,6.490960843959101,1.0,J.Dart
2025_15_WAS_NYG,WAS,00-0032268,26,2.3530647117235084,0.0,M.Mariota
2025_16_ATL_ARI,ARI,00-0033119,33,-2.3956815187122373,1.0,J.Brissett
2025_16_ATL_ARI,ATL,00-0029604,36,8.094143539450123,1.0,K.Cousins
2025_16_BUF_CLE,BUF,00-0034857,23,-7.894478279736911,0.0,J.Allen
2025_16_BUF_CLE,CLE,00-0034721,1,-1.804541337362025,0.0,C.Bojorquez
2025_16_BUF_CLE,CLE,00-0040668,35,-6.5466132163720125,2.0,S.Sanders
2025_16_BUF_CLE,CLE,00-0040704,1,-1.4081430921402212,0.0,D.Gabriel
2025_16_CIN_MIA,CIN,00-0026158,1,-0.9781011310406029,0.0,J.Flacco
2025_16_CIN_MIA,CIN,00-0036442,35,20.7344509253152,0.0,J.Burrow
2025_16_CIN_MIA,MIA,00-0040234,31,4.654243617609609,2.0,Q.Ewers
2025_16_GB_CHI,CHI,00-0039918,37,8.80268219729426,0.0,C.Williams
2025_16_GB_CHI,GB,00-0036264,14,1.7297601557409235,0.0,J.Love
2025_16_GB_CHI,GB,00-0038128,17,10.096729727973008,0.0,M.Willis
2025_16_JAX_DEN,DEN,00-0039732,49,0.1864176471034047,1.0,B.Nix
2025_16_JAX_DEN,JAX,00-0036971,43,11.76182699880763,0.0,T.Lawrence
2025_16_KC_TEN,KC,00-0035289,9,-5.840261786943302,0.0,G.Minshew II
2025_16_KC_TEN,KC,00-0037324,22,-6.810399787202127,0.0,C.Oladokun
2025_16_KC_TEN,TEN,00-0040676,31,7.269280900480226,0.0,C.Ward
2025_16_LAC_DAL,DAL,00-0033077,33,12.585397888280276,0.0,D.Prescott
2025_16_LAC_DAL,DAL,00-0039398,3,-4.588667904143222,0.0,J.Milton
2025_16_LAC_DAL,LAC,00-0036355,33,25.550707598979265,0.0,J.Herbert
2025_16_LA_SEA,LA,00-0026498,51,25.5745489295216,0.0,M.Stafford
2025_16_LA_SEA,SEA,00-0034869,41,-2.357012544118101,2.0,S.Darnold
2025_16_LV_HOU,HOU,00-0039163,36,2.3671156070486856,0.0,C.Stroud
2025_16_LV_HOU,LV,00-0030565,26,1.660395369748585,1.0,G.Smith
2025_16_MIN_NYG,MIN,00-0039923,19,-4.521454324500899,1.0,J.McCarthy
2025_16_MIN_NYG,MIN,00-0040494,10,-0.5433186981227554,0.0,M.Brosmer
2025_16_MIN_NYG,NYG,00-0040691,19,-17.42941147360126,1.0,J.Dart
2025_16_NE_BAL,BAL,00-0034796,10,6.291407344979234,0.0,L.Jackson
2025_16_NE_BAL,BAL,00-0035993,12,0.5512244429023072,0.0,T.Huntley
2025_16_NE_BAL,NE,00-0039054,1,-2.4826914377044886,0.0,M.Mapu
2025_16_NE_BAL,NE,00-0039851,51,15.456017520257875,1.0,D.Maye
2025_16_NYJ_NO,NO,00-0033357,1,6.07262811815599,0.0,T.Hill
2025_16_NYJ_NO,NO,00-0040743,53,2.4842497042353866,0.0,T.Shough
2025_16_NYJ_NO,NYJ,00-0040398,44,-22.4508497291446,1.0,B.Cook
2025_16_PHI_WAS,PHI,00-0036389,37,10.118457916045745,0.0,J.Hurts
2025_16_PHI_WAS,WAS,00-0026300,10,-4.519196375156753,1.0,J.Johnson
2025_16_PHI_WAS,WAS,00-0032268,15,-3.442249201577047,0.0,M.Mariota
2025_16_PIT_DET,DET,00-0033106,57,10.851801495123159,0.0,J.Goff
2025_16_PIT_DET,PIT,00-0023459,45,9.903469774541332,0.0,A.Rodgers
2025_16_SF_IND,IND,00-0022942,37,2.8848887073298606,1.0,P.Rivers
2025_16_SF_IND,IND,00-0040206,1,-3.259766154224053,0.0,R.Leonard
2025_16_SF_IND,SF,00-0037834,36,20.35926895217831,1.0,B.Purdy
2025_16_TB_CAR,CAR,00-0039150,36,3.9907180626492957,0.0,B.Young
2025_16_TB_CAR,TB,00-0034855,30,7.237619333143035,1.0,B.Mayfield
2025_17_ARI_CIN,ARI,00-0033119,41,-0.7665200301562436,0.0,J.Brissett
2025_17_ARI_CIN,CIN,00-0026158,6,0.9430770548060536,0.0,J.Flacco
2025_17_ARI_CIN,CIN,00-0036442,35,18.580094172911835,0.0,J.Burrow
2025_17_BAL_GB,BAL,00-0035993,24,9.836908054686894,0.0,T.Huntley
2025_17_BAL_GB,GB,00-0038128,27,20.709439163005904,0.0,M.Willis
2025_17_BAL_GB,GB,00-0038582,5,-6.727329278597608,1.0,C.Tune
2025_17_CHI_SF,CHI,00-0039918,45,17.734530070481558,0.0,C.Williams
2025_17_CHI_SF,SF,00-0037834,38,13.750689452746883,1.0,B.Purdy
2025_17_DAL_WAS,DAL,00-0033077,45,12.882034362293748,0.0,D.Prescott
2025_17_DAL_WAS,WAS,00-0026300,25,4.7915576398674204,0.0,J.Johnson
2025_17_DAL_WAS,WAS,00-0037742,1,-0.49842422152869403,0.0,T.Burks
2025_17_DEN_KC,DEN,00-0039732,44,7.230030525110358,1.0,B.Nix
2025_17_DEN_KC,KC,00-0037324,24,-8.12314790580941,0.0,C.Oladokun
2025_17_DET_MIN,DET,00-0033106,34,-7.942518796557058,2.0,J.Goff
2025_17_DET_MIN,MIN,00-0040494,25,-15.759012157911902,0.0,M.Brosmer
2025_17_HOU_LAC,HOU,00-0039163,28,-4.726699392707863,2.0,C.Stroud
2025_17_HOU_LAC,LAC,00-0036355,42,-6.196225105627967,1.0,J.Herbert
2025_17_JAX_IND,IND,00-0022942,32,-11.547117179092474,1.0,P.Rivers
2025_17_JAX_IND,IND,00-0040206,1,-0.4736942559829913,1.0,R.Leonard
2025_17_JAX_IND,JAX,00-0036971,43,9.093902371179537,1.0,T.Lawrence
2025_17_LA_ATL,ATL,00-0029604,20,4.9234958693196536,0.0,K.Cousins
2025_17_LA_ATL,LA,00-0026498,41,-2.7485058022918993,3.0,M.Stafford
2025_17_NE_NYJ,NE,00-0033949,4,-1.085622780244429,0.0,J.Dobbs
2025_17_NE_NYJ,NE,00-0039851,24,32.5762694827863,0.0,D.Maye
2025_17_NE_NYJ,NYJ,00-0039634,1,2.8565037888474762,0.0,A.McNamara
2025_17_NE_NYJ,NYJ,00-0040398,34,-15.155894567652666,1.0,B.Cook
2025_17_NO_TEN,NO,00-0040743,31,18.06410837976815,0.0,T.Shough
2025_17_NO_TEN,TEN,00-0040676,46,-8.616371677326187,0.0,C.Ward
2025_17_NYG_LV,LV,00-0030565,32,-5.628121055261801,2.0,G.Smith
2025_17_NYG_LV,LV,00-0038102,3,-1.3396760061150417,0.0,K.Pickett
2025_17_NYG_LV,NYG,00-0040691,35,7.831614967436662,0.0,J.Dart
2025_17_PHI_BUF,BUF,00-0034857,43,-11.175756661701481,0.0,J.Allen
2025_17_PHI_BUF,PHI,00-0036389,29,-2.7798891147328595,0.0,J.Hurts
2025_17_PIT_CLE,CLE,00-0040668,28,-5.066050650810521,2.0,S.Sanders
2025_17_PIT_CLE,PIT,00-0023459,40,-12.577302837675422,0.0,A.Rodgers
2025_17_SEA_CAR,CAR,00-0039150,31,-18.45001149509335,1.0,B.Young
2025_17_SEA_CAR,SEA,00-0034869,31,-8.388995341614626,1.0,S.Darnold
2025_17_TB_MIA,MIA,00-0040234,25,5.498462014500456,0.0,Q.Ewers
2025_17_TB_MIA,TB,00-0034855,50,4.142033684363039,2.0,B.Mayfield
2025_18_ARI_LA,ARI,00-0033119,39,-2.097197921049563,1.0,J.Brissett
2025_18_ARI_LA,ARI,00-0033400,1,4.4010514167603105,0.0,M.Haack
2025_18_ARI_LA,LA,00-0026498,41,15.521742405280765,0.0,M.Stafford
2025_18_BAL_PIT,BAL,00-0034796,21,8.699688167113292,1.0,L.Jackson
2025_18_BAL_PIT,PIT,00-0023459,50,9.341431855940922,0.0,A.Rodgers
2025_18_CAR_TB,CAR,00-0039150,34,6.419844491250496,1.0,B.Young
2025_18_CAR_TB,TB,00-0034855,28,9.336408747617726,1.0,B.Mayfield
2025_18_CLE_CIN,CIN,00-0036442,43,-2.796254111701157,1.0,J.Burrow
2025_18_CLE_CIN,CLE,00-0040668,30,-8.407342421684156,0.0,S.Sanders
2025_18_DAL_NYG,DAL,00-0033077,11,-1.0429195156134967,0.0,D.Prescott
2025_18_DAL_NYG,DAL,00-0039398,15,-5.004798021656137,1.0,J.Milton
2025_18_DAL_NYG,NYG,00-0035250,1,1.053,0.0,D.Singletary
2025_18_DAL_NYG,NYG,00-0035645,1,-0.7953754095360637,0.0,G.Olszewski
2025_18_DAL_NYG,NYG,00-0040691,39,14.281925407189785,0.0,J.Dart
2025_18_DET_CHI,CHI,00-0039918,36,-1.9418168912378606,1.0,C.Williams
2025_18_DET_CHI,DET,00-0033106,44,12.297426850869888,1.0,J.Goff
2025_18_DET_CHI,DET,00-0035685,1,-2.7043561243917793,0.0,D.Montgomery
2025_18_GB_MIN,GB,00-0038582,17,-12.107074496161658,0.0,C.Tune
2025_18_GB_MIN,MIN,00-0039923,24,5.8002122782935945,0.0,J.McCarthy
2025_18_GB_MIN,MIN,00-0040494,10,-5.441785326613928,0.0,M.Brosmer
2025_18_IND_HOU,HOU,00-0036898,10,-5.3699736131216875,0.0,D.Mills
2025_18_IND_HOU,HOU,00-0039163,23,4.369009129197252,0.0,C.Stroud
2025_18_IND_HOU,IND,00-0033269,1,3.5125947825144976,0.0,R.Sanchez
2025_18_IND_HOU,IND,00-0040206,37,5.036577159878981,1.0,R.Leonard
2025_18_KC_LV,KC,00-0036679,20,-7.660178778335405,0.0,S.Buechele
2025_18_KC_LV,KC,00-0037324,20,-15.793260905534135,0.0,C.Oladokun
2025_18_KC_LV,LV,00-0038102,7,-9.196584103628993,1.0,K.Pickett
2025_18_KC_LV,LV,00-0038579,24,-5.706921673483371,0.0,A.O'Connell
2025_18_LAC_DEN,DEN,00-0039732,33,-2.2896164625613054,0.0,B.Nix
2025_18_LAC_DEN,LAC,00-0037012,50,-25.805771424257102,1.0,T.Lance
2025_18_MIA_NE,MIA,00-0037013,2,-1.462400975637138,0.0,Z.Wilson
2025_18_MIA_NE,MIA,00-0040234,28,-7.723033411819051,1.0,Q.Ewers
2025_18_MIA_NE,NE,00-0033949,5,-0.910309458966367,0.0,J.Dobbs
2025_18_MIA_NE,NE,00-0039851,23,13.42206976941132,0.0,D.Maye
2025_18_NO_ATL,ATL,00-0029604,36,-5.713867462177452,1.0,K.Cousins
2025_18_NO_ATL,NO,00-0040743,42,-0.17235068199154924,1.0,T.Shough
2025_18_NYJ_BUF,BUF,00-0033869,32,23.100779298984214,0.0,M.Trubisky
2025_18_NYJ_BUF,NYJ,00-0040398,25,-6.230447345456807,0.0,B.Cook
2025_18_SEA_SF,SEA,00-0034869,30,6.341035994905352,0.0,S.Darnold
2025_18_SEA_SF,SF,00-0037834,32,-12.638762424459184,1.0,B.Purdy
2025_18_TEN_JAX,JAX,00-0033319,2,3.444033804233186,0.0,N.Mullens
2025_18_TEN_JAX,JAX,00-0036971,34,11.564672519193824,0.0,T.Lawrence
2025_18_TEN_JAX,TEN,00-0032434,31,-24.02839085522935,1.0,B.Allen
2025_18_TEN_JAX,TEN,00-0040676,4,4.128026212856639,0.0,C.Ward
2025_18_WAS_PHI,PHI,00-0038400,45,-7.1182142355023394,1.0,T.McKee
2025_18_WAS_PHI,WAS,00-0026300,27,8.96150313606352,1.0,J.Johnson
2026_01_ARI_LAC,ARI,00-0033119,39,11.27499915473315,0.0,J.Brissett
2026_01_ARI_LAC,LAC,00-0036355,35,-6.674808253126685,1.0,J.Herbert
2026_01_ATL_PIT,ATL,00-0033662,26,-15.764547433458114,2.0,C.Rush
2026_01_ATL_PIT,PIT,00-0023459,42,-7.838145270729495,0.0,A.Rodgers
2026_01_ATL_PIT,PIT,00-0033729,1,-1.8445458728820086,0.0,C.Johnston
2026_01_BAL_IND,BAL,00-0034796,29,13.324381510959938,0.0,L.Jackson
2026_01_BAL_IND,IND,00-0035710,34,-9.367831125374039,1.0,D.Jones
2026_01_BUF_HOU,BUF,00-0034857,33,16.915520501480497,0.0,J.Allen
2026_01_BUF_HOU,HOU,00-0039163,42,4.090954375074198,0.0,C.Stroud
2026_01_CHI_CAR,CAR,00-0038102,2,1.2966168163111433,0.0,K.Pickett
2026_01_CHI_CAR,CAR,00-0039150,41,17.208089023496207,1.0,B.Young
2026_01_CHI_CAR,CHI,00-0039918,38,25.077438546522988,0.0,C.Williams
2026_01_CLE_JAX,CLE,00-0033537,30,-2.486213167598872,1.0,D.Watson
2026_01_CLE_JAX,JAX,00-0036971,24,19.021475746762007,0.0,T.Lawrence
2026_01_DAL_NYG,DAL,00-0033077,36,11.317439507867675,1.0,D.Prescott
2026_01_DAL_NYG,NYG,00-0040691,33,22.01252119606943,0.0,J.Dart
2026_01_DEN_KC,DEN,00-0039732,33,-14.616886610810344,1.0,B.Nix
2026_01_DEN_KC,KC,00-0033873,33,0.869272262041338,1.0,P.Mahomes
2026_01_GB_MIN,GB,00-0036264,46,-2.7036460936736173,1.0,J.Love
2026_01_GB_MIN,MIN,00-0032950,24,4.508033007117509,0.0,C.Wentz
2026_01_GB_MIN,MIN,00-0035228,7,-2.177297023124993,1.0,K.Murray
2026_01_MIA_LV,LV,00-0029604,31,0.22669481702496697,2.0,K.Cousins
2026_01_MIA_LV,MIA,00-0038128,37,-3.8784789746802257,1.0,M.Willis
2026_01_NE_SEA,NE,00-0039851,42,2.7493803076449534,3.0,D.Maye
2026_01_NE_SEA,SEA,00-0034869,3,-2.0761460470966995,0.0,S.Darnold
2026_01_NE_SEA,SEA,00-0035704,24,8.178545361309672,0.0,D.Lock
2026_01_NO_DET,DET,00-0033106,41,5.616932028788787,0.0,J.Goff
2026_01_NO_DET,NO,00-0040743,63,-0.9117496248849387,2.0,T.Shough
2026_01_NYJ_TEN,NYJ,00-0030565,26,9.10326390433292,0.0,G.Smith
2026_01_NYJ_TEN,TEN,00-0040676,39,-4.852280244966417,0.0,C.Ward
2026_01_SF_LA,LA,00-0026498,25,-5.611142354202457,1.0,M.Stafford
2026_01_SF_LA,LA,00-0039107,4,1.0207769759581424,0.0,S.Bennett
2026_01_SF_LA,SF,00-0037834,36,7.477166266014251,1.0,B.Purdy
2026_01_TB_CIN,CIN,00-0036442,37,-1.334450118064082,1.0,J.Burrow
2026_01_TB_CIN,TB,00-0034855,36,-8.027605037427008,0.0,B.Mayfield
2026_01_WAS_PHI,PHI,00-0036389,33,5.472131733069411,0.0,J.Hurts
2026_01_WAS_PHI,WAS,00-0039910,39,5.420477009908095,0.0,J.Daniels
2026_02_CAR_ATL,ATL,00-0033662,20,-15.177233615551682,2.0,C.Rush
2026_02_CAR_ATL,ATL,00-0041194,19,-11.380171118304133,1.0,J.Strand
2026_02_CAR_ATL,CAR,00-0039150,39,12.149574285637618,0.0,B.Young
2026_02_CIN_HOU,CIN,00-0036442,36,-0.5477255916431754,0.0,J.Burrow
2026_02_CIN_HOU,HOU,00-0039163,60,-3.566912860808207,0.0,C.Stroud
2026_02_CIN_HOU,HOU,00-0040654,1,-3.304160893021617,0.0,K.Kroeger
2026_02_CLE_TB,CLE,00-0033537,35,10.740216538682482,0.0,D.Watson
2026_02_CLE_TB,TB,00-0034855,40,-9.384947528817065,1.0,B.Mayfield
2026_02_DET_BUF,BUF,00-0034857,38,20.811967138724867,0.0,J.Allen
2026_02_DET_BUF,DET,00-0033106,44,18.201285332324915,0.0,J.Goff
2026_02_GB_NYJ,GB,00-0036264,32,-3.16850428629777,0.0,J.Love
2026_02_GB_NYJ,NYJ,00-0030565,48,4.117183660709998,0.0,G.Smith
2026_02_IND_KC,IND,00-0035710,33,4.120972024771618,1.0,D.Jones
2026_02_IND_KC,KC,00-0033873,51,13.917415112422706,0.0,P.Mahomes
2026_02_JAX_DEN,DEN,00-0039732,31,8.430866376152082,1.0,B.Nix
2026_02_JAX_DEN,JAX,00-0036971,31,-4.11505365912874,1.0,T.Lawrence
2026_02_LV_LAC,LAC,00-0036355,31,-0.8235756159899914,2.0,J.Herbert
2026_02_LV_LAC,LV,00-0029604,32,5.962192096165381,1.0,K.Cousins
2026_02_MIA_SF,MIA,00-0038128,28,4.418276825655381,0.0,M.Willis
2026_02_MIA_SF,SF,00-0037834,25,26.447224563919008,0.0,B.Purdy
2026_02_MIN_CHI,CHI,00-0038416,9,-2.642252926210946,0.0,T.Bagent
2026_02_MIN_CHI,CHI,00-0039918,32,1.577283064600917,1.0,C.Williams
2026_02_MIN_CHI,MIN,00-0032950,24,0.11796184641621421,0.0,C.Wentz
2026_02_NO_BAL,BAL,00-0034796,37,3.7079636903879836,1.0,L.Jackson
2026_02_NO_BAL,NO,00-0040743,39,10.158295881596414,0.0,T.Shough
2026_02_NYG_LA,LA,00-0026498,32,17.854130513500422,1.0,M.Stafford
2026_02_NYG_LA,NYG,00-0031503,29,-16.49046495795663,1.0,J.Winston
2026_02_NYG_LA,NYG,00-0040691,5,-1.115789121715352,0.0,J.Dart
2026_02_PHI_TEN,PHI,00-0036389,42,7.690695917547026,2.0,J.Hurts
2026_02_PHI_TEN,TEN,00-0040676,24,1.3096359412593301,0.0,C.Ward
2026_02_PIT_NE,NE,00-0039851,27,0.515871611238472,1.0,D.Maye
2026_02_PIT_NE,PIT,00-0023459,44,-21.174728855288137,1.0,A.Rodgers
2026_02_PIT_NE,PIT,00-0034771,2,-1.1143420853186399,0.0,M.Rudolph
2026_02_SEA_ARI,ARI,00-0033119,31,-8.856934857263695,1.0,J.Brissett
2026_02_SEA_ARI,SEA,00-0035704,27,16.08927548796843,0.0,D.Lock
2026_02_WAS_DAL,DAL,00-0033077,36,16.637933437337715,0.0,D.Prescott
2026_02_WAS_DAL,WAS,00-0032268,17,6.665231521216978,0.0,M.Mariota
2026_02_WAS_DAL,WAS,00-0036626,1,-0.46469704522540267,0.0,D.Brown
2026_02_WAS_DAL,WAS,00-0039910,23,5.72693560080439,0.0,J.Daniels
2026_02_WAS_DAL,WAS,00-0041040,1,-0.581719929818064,0.0,A.Williams
2026_03_ARI_SF,ARI,00-0033119,53,11.174823611040189,0.0,J.Brissett
2026_03_ARI_SF,SF,00-0037834,28,25.22684018741498,0.0,B.Purdy
2026_03_ATL_GB,ATL,00-0039917,26,9.511075021051639,1.0,M.Penix
2026_03_ATL_GB,GB,00-0036264,54,3.5712085086704697,1.0,J.Love
2026_03_BAL_DAL,BAL,00-0034796,22,12.608669099350985,0.0,L.Jackson
2026_03_BAL_DAL,DAL,00-0033077,46,12.561616780416696,0.0,D.Prescott
2026_03_CAR_CLE,CAR,00-0039150,50,-5.842400042207297,1.0,B.Young
2026_03_CAR_CLE,CLE,00-0033537,38,5.796828829830668,0.0,D.Watson
2026_03_CAR_CLE,CLE,00-0040668,1,-0.4044223628588952,0.0,S.Sanders
2026_03_CIN_PIT,CIN,00-0036442,40,15.131525666890951,0.0,J.Burrow
2026_03_CIN_PIT,PIT,00-0023459,36,8.565778749857596,1.0,A.Rodgers
2026_03_HOU_IND,HOU,00-0039163,31,-1.3035921950640335,0.0,C.Stroud
2026_03_HOU_IND,IND,00-0035710,41,-5.324530216168012,1.0,D.Jones
2026_03_KC_MIA,KC,00-0033873,25,12.343390358728964,1.0,P.Mahomes
2026_03_KC_MIA,MIA,00-0038128,42,-0.5827583828237817,1.0,M.Willis
2026_03_LAC_BUF,BUF,00-0034857,31,1.4985484547638492,2.0,J.Allen
2026_03_LAC_BUF,LAC,00-0036355,38,-6.331811831007645,1.0,J.Herbert
2026_03_LA_DEN,DEN,00-0039732,37,-1.072777126485216,1.0,B.Nix
2026_03_LA_DEN,LA,00-0026498,58,0.9632750341655196,2.0,M.Stafford
2026_03_LV_NO,LV,00-0029604,39,8.9348449529185,0.0,K.Cousins
2026_03_LV_NO,NO,00-0040743,45,-1.5584177051787265,1.0,T.Shough
2026_03_MIN_TB,MIN,00-0035228,34,-10.32243206421423,1.0,K.Murray
2026_03_MIN_TB,TB,00-0034855,42,-10.303103727238238,1.0,B.Mayfield
2026_03_MIN_TB,TB,00-0041251,4,-0.3228774814051576,1.0,J.Daniels
2026_03_NE_JAX,JAX,00-0036971,31,7.058309243561434,1.0,T.Lawrence
2026_03_NE_JAX,NE,00-0038476,6,-0.9457148888614029,0.0,T.DeVito
2026_03_NE_JAX,NE,00-0039851,30,-12.044437983788221,2.0,D.Maye
2026_03_NE_JAX,NE,00-0040563,1,0.792526712291874,0.0,E.Chism
2026_03_NYJ_DET,DET,00-0033106,36,11.156336296760664,0.0,J.Goff
2026_03_NYJ_DET,NYJ,00-0030565,46,10.747672232313164,0.0,G.Smith
2026_03_PHI_CHI,CHI,00-0028986,35,6.471433164162875,0.0,C.Keenum
2026_03_PHI_CHI,PHI,00-0027973,1,-5.569074313913006,1.0,A.Dalton
2026_03_PHI_CHI,PHI,00-0036389,30,-10.525506936828606,1.0,J.Hurts
2026_03_SEA_WAS,SEA,00-0034869,46,5.686344137549735,2.0,S.Darnold
2026_03_SEA_WAS,SEA,00-0038543,1,0.9250906145316549,0.0,J.Smith-Njigba
2026_03_SEA_WAS,WAS,00-0032268,35,2.637457174314293,0.0,M.Mariota
2026_03_TEN_NYG,NYG,00-0031503,26,-4.690913642387768,0.0,J.Winston
2026_03_TEN_NYG,TEN,00-0040676,36,-6.488326230603921,1.0,C.Ward
2026_04_ARI_NYG,ARI,00-0033119,39,-18.00578661178363,3.0,J.Brissett
2026_04_ARI_NYG,NYG,00-0031503,34,3.883510858534863,2.0,J.Winston
2026_04_DAL_HOU,DAL,00-0033077,50,8.56280202908297,0.0,D.Prescott
2026_04_DAL_HOU,HOU,00-0039163,33,15.864026412847625,0.0,C.Stroud
2026_04_DEN_SF,DEN,00-0039732,44,5.062902530164319,0.0,B.Nix
2026_04_DEN_SF,SF,00-0037834,33,9.906496351617472,0.0,B.Purdy
2026_04_DET_CAR,CAR,00-0039150,45,20.99838705384182,0.0,B.Young
2026_04_DET_CAR,DET,00-0033106,53,12.32456737240602,0.0,J.Goff
2026_04_GB_TB,GB,00-0036264,30,6.910525997439096,1.0,J.Love
2026_04_GB_TB,TB,00-0041251,36,-2.809040596417617,2.0,J.Daniels
2026_04_IND_WAS,IND,00-0035710,36,-13.355437907504083,1.0,D.Jones
2026_04_IND_WAS,WAS,00-0032268,5,0.74814530310285,0.0,M.Mariota
2026_04_IND_WAS,WAS,00-0041117,36,-10.640620851307176,1.0,A.Kaliakmanis
2026_04_JAX_CIN,CIN,00-0036442,58,7.33098750300419,2.0,J.Burrow
2026_04_JAX_CIN,JAX,00-0036971,28,9.283688693927067,0.0,T.Lawrence
2026_04_KC_LV,KC,00-0033873,34,2.214123941562078,0.0,P.Mahomes
2026_04_KC_LV,LV,00-0029604,50,9.77615341341655,1.0,K.Cousins
2026_04_LAC_SEA,LAC,00-0036355,40,-7.564437322316914,2.0,J.Herbert
2026_04_LAC_SEA,LAC,00-0040727,1,-0.567394386511296,0.0,T.Harris
2026_04_LAC_SEA,SEA,00-0034869,26,-4.257014569973498,1.0,S.Darnold
2026_04_LA_PHI,LA,00-0026498,54,1.4124755800334916,2.0,M.Stafford
2026_04_LA_PHI,PHI,00-0036389,32,-6.71687048964321,0.0,J.Hurts
2026_04_MIA_MIN,MIA,00-0038128,20,-10.607761529326162,0.0,M.Willis
2026_04_MIA_MIN,MIN,00-0035228,43,-0.7812316952469653,0.0,K.Murray
2026_04_NE_BUF,BUF,00-0034857,36,4.725304231182518,1.0,J.Allen
2026_04_NE_BUF,NE,00-0039851,43,15.922247468661705,1.0,D.Maye
2026_04_NYJ_CHI,CHI,00-0038416,36,7.761408091042592,1.0,T.Bagent
2026_04_NYJ_CHI,NYJ,00-0030565,18,-4.855529384499658,0.0,G.Smith
2026_04_PIT_CLE,CLE,00-0033537,37,11.19475490405486,1.0,D.Watson
2026_04_PIT_CLE,PIT,00-0023459,46,2.42329685487317,2.0,A.Rodgers
2026_04_TEN_BAL,BAL,00-0034796,23,12.013643902612516,0.0,L.Jackson
2026_04_TEN_BAL,BAL,00-0035993,10,0.8298958704690449,0.0,T.Huntley
2026_04_TEN_BAL,TEN,00-0040676,37,-0.8792799120373163,1.0,C.Ward
